avg_temp,rainfall,soil_moisture,ph,nitrogen,phosphorus,potassium,area_ha,week_of_planting,yield_ton_per_ha
27.745401188473625,2453.6006570213185,27.39702675793681,6.5669604174895655,96.36152989616566,54.977292111619164,15.407985109476513,3.302731566325308,7,7.972928879235111
33.50714306409916,721.4411866526314,51.113701319944035,6.692787199384923,45.82643578871635,25.342411629775047,58.27466386155473,1.1879998054015835,3,4.291846867158168
31.31993941811405,1345.0968566238894,34.75084654960402,6.232056531493031,68.07861681797273,59.34321793129606,62.21908666972064,4.301556621303027,9,6.8926888147545995
29.986584841970366,584.0493503428106,41.488382991748665,7.114214040639025,119.20159693968357,38.608921778771844,85.11977078447879,1.380988001359113,8,9.460624541086652
25.560186404424364,1979.8082415338606,79.37032000305935,6.5465724986005,88.66504233540373,18.92615751072018,57.88904227088805,4.695269648318513,1,8.84823998434988
25.559945203362027,2336.1531043983014,61.058854935520685,5.733495805537591,104.13567713051987,86.14921182799236,92.8998096366148,1.6275708113996652,13,10.82130539022975
24.580836121681994,1060.0746591009788,76.93884002282007,5.758130249658126,61.484760656054576,63.111777679821586,68.38709550857202,3.8024643797318385,2,7.774692208262183
32.66176145774935,2216.683353598242,28.553393301986937,6.5737182930052365,96.78609231258552,80.76891989031353,86.42858024879207,1.7809492707211643,2,8.943666146789402
30.011150117432088,1084.4364609237955,42.92836848995415,7.373140436141679,24.050917294132184,65.70420037599399,27.605647458658503,1.9300343386408874,10,3.5984380588072336
31.080725777960453,2321.5403232878307,53.283908196941255,6.116704243352397,32.2911182542245,41.773776910508474,87.70357107569674,1.895008337520374,9,5.899020443668903
24.205844942958024,2007.9238071935679,24.605483713324283,7.239082337718436,40.307059292006215,53.451605424660855,72.38722762772711,3.8655151431173747,12,4.230240547764394
33.699098521619945,2109.8135536828772,20.251246617677474,7.028191173157759,60.195192461521955,65.68100702603829,29.469807757258096,3.0056680308622687,9,3.7354506540184476
32.324426408004214,536.013111200909,60.22606002781505,5.995624885813814,104.57448783257632,87.01892439010781,31.129902442410923,4.473286051313737,9,8.727567079762716
26.123391106782762,2425.620714148052,58.50917100808612,5.572681496632485,54.62660507879305,34.025209434127234,93.75255261875881,1.8831772364182018,1,6.700671306219536
25.818249672071005,1953.3419841406464,44.6473285999767,5.703694530284766,85.46211935154629,80.62327939680883,17.738305638281695,3.6139663492553495,7,6.890233515080837
25.83404509853434,1109.5021907722667,49.37864456192196,6.95698786769488,90.93142948034834,84.30583539707021,54.315470180135016,3.888268698483998,15,9.132343508963007
27.042422429595376,2158.789329717694,44.926580035525376,5.899339476081293,78.61823540883414,65.28116359942175,41.64539964439864,1.181669508634812,12,7.68918892654858
29.24756431632238,1063.0423968298599,21.440302690693333,6.242541841010787,55.72419681701362,84.84499705510034,71.53158239986638,2.30265210793915,11,7.427830619937379
28.319450186421157,2245.507679132256,40.122296373047746,6.50339833201285,77.70533417135442,44.84089406080264,86.36849794336432,2.67267872457685,13,9.296443264171733
26.91229140198042,725.160780823874,30.62493532383739,6.950936336900326,54.22655927897462,86.47621320303321,45.63214033230841,2.1005932545246844,3,6.560499959318338
30.118528947223794,1907.3719549215914,25.905451346082124,5.7264624465182505,28.387373855201208,67.70871578744811,51.28667742244116,1.9495066818611215,11,4.1178339264560835
25.39493860652042,1581.3969532898207,77.403226033361,6.312732810554923,119.28039781860144,18.15043255641089,98.4630116826202,3.5888895229893887,9,11.262793761209412
26.92144648535218,693.0689403908816,55.96158350252993,6.470145818285391,32.71824536325109,83.01546238642895,81.63290332273223,1.4713987894676985,8,8.48790446313871
27.663618432936918,983.787656517678,63.71937705419616,6.58165412794308,27.234838383605734,51.33546067748944,91.26235112920227,3.6922583536300797,3,7.931441612920095
28.560699842170358,524.8080725546296,38.92182459596705,7.136721282790433,107.85307492071558,49.52452385833746,52.294788755388524,4.707698883758288,1,8.56398461045418
31.851759613930135,1437.5359309290116,43.588827769640915,5.843356390086434,50.18346608928951,57.48499544847257,34.89647733864979,3.04338884529988,9,4.444734410025378
25.996737821583597,1102.5305215200008,34.215439633803406,7.115662903653245,85.02969740735077,26.203841007842094,50.00839455784839,3.2514540653276334,13,6.151680807376197
29.142344384136116,1696.7149685955176,25.817940257925486,6.885756855393304,52.90057296622329,50.1874536425549,75.86781301567865,0.8101971595584009,10,6.535266717445827
29.924145688620424,1094.4756154172344,30.741898246495026,6.611741628397919,59.14542707944712,77.33454125383093,24.301584411058244,4.390146066280227,1,5.988219304056777
24.464504127199977,1099.8382230139694,67.85084271778915,6.899055740805144,46.21129720167965,16.16118443531365,37.98987397740325,1.784515042399395,15,4.642525288391671
30.075448519014383,1986.3863974632068,60.65274831102655,6.324035477903313,54.30440057930102,35.46878702432785,18.964051539235182,3.2677302448785417,3,5.757240209931217
25.705241236872915,596.2856719567069,52.81573255912861,5.776795171936249,61.070040058654314,15.184093983288317,51.74955775874118,4.906004763851611,13,5.072206927420057
24.650515929852794,2305.7899903839743,48.505392372006085,6.831530480530734,92.04160690923429,46.17834818623862,85.33288755826713,3.1797617025776352,6,8.661737965294673
33.48885537253334,2204.5277487823632,75.34605701936746,6.549344613371245,71.15361942347917,69.6236632870301,17.09641350533092,3.761192693589699,6,6.809511010276809
33.656320330745594,1835.609366452813,24.364096866720104,6.778749601085551,114.3565217156977,74.90788718359714,72.40249977860911,2.5039382820068834,14,8.321613095410255
32.08397348116461,1686.4431402147686,36.83604879427496,6.17599756205698,24.188039383877552,85.88923208452549,94.26214933366786,0.7716462958177581,11,5.906529336610605
27.046137691733705,2284.6049962793045,40.99627121424284,7.313733154679672,70.3068322632028,60.63784597280899,35.13886822845049,4.089197072704048,10,6.31974543357156
24.976721140063837,870.6603590574289,66.94554873276726,6.674739737151154,78.4224788831718,34.09701499896716,73.9589614618501,0.6574947856879355,4,8.471746784383052
30.842330265121568,657.9383243816573,79.55087720971828,5.670804968581748,112.01969860742739,84.31109618525242,97.88366159351703,3.6529602299953434,16,11.757895317421873
28.40152493739601,979.0203398190762,34.44023088542919,6.399607981408858,24.915852362142758,73.14868154102821,96.79363511295938,0.6031470791733662,2,7.275036849241625
25.22038234844779,2089.1565574003807,72.45844004822484,7.012712109487269,77.3499584935216,58.08213622523584,34.96898140747718,4.3803735645950175,16,7.941643130760608
28.951769101112703,569.3405334529666,69.83736562590748,7.088269123464545,105.3629928527957,67.1730161789202,23.52813952302584,1.2093621612484127,13,9.663678614866171
24.343885211152184,1665.6136701669793,33.479443858505995,6.489194105527518,44.19277281192366,84.32372662555719,27.604015721152855,2.81422172949148,10,5.148766903990994
33.09320402078782,2490.87503238262,43.95995481195335,7.289495141662602,107.62923485239375,68.42955213546912,74.67303182098209,3.187178170174163,6,8.096697889504444
26.58779981600017,2211.3921876750787,44.580372157551146,6.035336874388595,21.904340927429182,42.62808806885505,76.68950441352843,2.5589543331803544,10,5.232454390886377
30.62522284353982,1542.891378087179,78.6932401115935,6.321197394476533,93.24546291337298,68.47711517168224,72.31010773839691,2.0334357020699922,5,10.763889651818358
27.11711076089411,627.2818185732847,30.8535140827339,7.29719382113794,113.3113221168653,18.02086220515409,43.566662958090234,2.6051643328143728,13,6.974812066840153
29.200680211778106,2162.7470287714195,67.94947826628692,7.292513432943158,85.71976616400622,43.981167137293596,29.431039879440384,1.9013708924652142,6,7.711076239151176
29.467102793432797,1697.957016354421,40.051562850386595,6.871425537649362,63.902924398044796,45.47422738841844,64.36469281594151,2.471550561863884,7,7.072180579078584
25.84854455525527,729.8659941191337,63.85222074656962,7.2179610942444405,24.488101647271804,27.512867581562602,56.11283788941865,2.115108459491138,11,4.422026501897311
33.695846277645586,687.7145696467123,45.20066025773977,5.677546533912466,112.01138133226287,16.731411041382763,76.95090250539579,3.0479217057821537,16,6.910555446743373
31.751328233611147,2319.253638873185,54.7015857869924,7.229989952415552,67.02962226915747,25.00359274783071,52.51560668827782,1.5706587301024255,9,5.337447804838676
33.39498941564189,1838.400525876157,69.95670639956786,6.141239813100453,22.8996744335948,64.09661218477913,43.78437404834981,4.948954497113056,12,4.550832649938025
32.948273504276486,2158.573598633511,68.24993389903304,5.856663024856433,88.9821071328762,75.17166122727656,39.945679075516225,2.753914790219745,12,7.921959948036306
29.97899978811085,2257.9578005645344,71.98539101238201,5.9787396726840925,68.18372535762582,89.11526195452306,32.97497720422845,1.3737293483652935,14,8.543001614030072
33.21874235023117,1643.5447040966444,23.57703952067954,6.335937016027774,32.43453174424107,40.97726273313707,37.58844197586622,2.6468003730527263,7,2.4619617744217983
24.884925020519194,1534.8927035100826,61.52303318238469,6.002384009208934,41.42718093102596,59.95344166958263,23.060587301748615,4.398868082861709,4,5.12522654180849
25.959828624191452,1360.8548206419805,28.399242603305773,6.141135172032998,26.449068045584628,85.28587251113414,44.48284592895561,0.5981305690597802,10,4.897478687596445
24.45227288910538,1133.8931755822387,44.94911408110466,5.769956972143284,77.42935397085736,27.528133600361446,18.108434050851447,3.5579935359827997,5,4.599997087823062
27.253303307632642,1369.1919217174236,52.91530490328131,6.092353531117997,82.20294792520093,68.82341897570569,30.845177009137778,2.9658550855726764,16,8.378161117719628
27.88677289689482,2047.7593114603128,44.16436908480985,6.644567629084002,70.57422983554443,71.62340498618724,78.47548779265148,1.26301097466561,15,9.328590656798305
26.71349031773896,1703.846862030263,51.17670054818045,6.383707416182128,101.71021330026149,21.67316519020038,42.66486403751293,4.178643976872143,13,8.355399973443811
32.287375091519294,2285.046579909692,79.79157852791715,6.1934375224718226,106.10088213080135,79.59370388872988,71.80014644307423,2.1599808006830257,6,10.903517558247954
27.567533266935893,1386.7600287583755,28.113038822771284,6.992904257714228,81.56243966831266,75.98287853331328,75.93515492576857,1.8221091296697836,13,8.782397931652833
26.80934509687381,1714.1791574375081,60.527362720185536,7.287019942786635,21.275647970743055,17.505225493307584,64.40075413222965,4.226563363356055,16,4.332470912038875
29.426960831582484,1762.6151061839773,43.76005798313692,7.013578445804794,89.52296557477356,21.83133111600386,96.48930801605887,3.3733627078624906,9,8.55590243723601
25.409242249747628,1683.394324612651,27.980587934439725,6.164001404235359,61.799921692035156,18.684517041888924,16.822388662964627,4.54216587653671,5,3.7295368197424295
32.0219698075404,1905.2675461710326,29.52420580245857,6.988884335675108,76.55574832263869,40.105764884952166,77.78547529999207,3.334476666520397,5,6.237068348756021
24.745506436797708,974.8669367496125,76.95638637473701,5.803960364948102,84.90806020188845,53.19667430099446,96.49686473493468,3.833679460694519,7,9.676121370086411
33.86886936600517,1524.7275550915813,72.77608980270571,5.760635976182582,55.02366143270768,54.92607959659716,88.29309699499984,4.264006533168258,16,6.57318766684711
31.722447692966576,708.4496056166954,74.4225176249013,6.191254074072318,111.70985051717942,35.0750069827082,29.270878803426132,0.746328361594716,2,8.57079548181207
25.987156815341724,1269.0226552896252,79.4919665496432,7.115404738088114,33.39748667497812,83.36976649202056,42.77972603139723,3.9922203149122115,3,6.762081483495481
24.055221171236024,1475.3341372425289,32.498923400511075,5.992696494484604,87.15118072810374,42.61970924039349,29.65840638949956,3.2616791683230955,12,5.587646553252064
32.154614284548344,1804.448519090945,41.3263602418437,5.62650681779736,20.435957995658043,18.41626169740144,66.11121092424985,0.8127850843183695,2,2.2881134933916814
31.06857343847617,2401.062105172407,60.153141795492004,5.76341907041271,112.46511054051808,37.51703336560398,75.53597846825684,2.788600648409218,10,9.281231699145216
31.290071680409874,1701.3021330967117,49.028152391638834,7.2174899370591605,31.25041332380915,54.833206690811664,41.95127039585995,0.8710613509277925,10,4.041949278198965
31.71270346685946,1987.1878323531196,45.10337200270001,6.7675665694945755,29.488423014757466,45.6166366941174,60.85805878866511,3.8117624077545007,12,4.313925679323604
24.740446517340903,1512.5321189904055,41.46867496013559,6.006402326739954,53.30076330522442,35.53818893244444,73.72824845605157,2.9592577125404738,14,5.302542252043578
27.584657285442727,1768.2080627526627,55.62683791660713,6.610591650656363,57.35662860390806,24.849243732323806,50.813884411939114,4.791080918355338,2,7.141126343944083
25.158690595251297,641.8644322675468,54.53560571840492,6.555159244850701,41.43000723228786,76.43733750721722,87.59132008871404,1.3241091720729643,3,7.868992649398271
32.63103425875593,1008.783161683694,29.687470043854404,6.810871956881322,78.51216609271248,89.7108931593144,80.58174449946445,3.227150536341703,6,7.968679759995384
30.23298126827558,1223.7061864102775,48.30439025110634,5.966375108843232,64.29140980419635,39.71566001429116,20.496571227298507,1.4521196055672112,5,5.276618090131731
27.308980248526492,1444.9867100130273,53.20830657259099,7.228805974388795,23.41755890410874,43.621578313245294,67.79565042272047,3.2632924312732925,11,5.247084257861365
24.635583502860236,591.2974910047675,54.21721632388343,6.118737124160026,51.96520622553007,61.35281435077178,35.002671831578716,3.751923660623854,15,5.725498444248255
27.109823217156624,780.0481951066354,32.60643157474111,6.8882633079524735,101.04329135731705,68.8831106051656,62.3890524967184,3.750369481982924,16,9.226312623089171
27.25183322026747,1053.6286155826115,64.53628353513722,5.53224929274443,88.97015348618686,44.402215110269346,96.33551762380213,4.167832958071744,14,9.498831571625658
31.29606178338064,2443.065381802101,21.511945689264177,6.2453142597882945,92.48708535798805,82.86971377363614,89.72027038694127,4.3409760258124255,13,8.874404281698315
30.375574713552133,1162.6940142061017,41.28991133258976,6.203419635917617,89.81169240835236,57.000299192168875,49.38389426478619,0.8477227682022968,5,7.882767967866576
32.87212742576327,1464.082116224165,66.81275891213801,6.586968857166029,51.09730213830333,48.779255730444824,39.77867795927004,2.0447022068258183,2,5.7562618613314065
28.72214925161949,892.1954254767859,53.83357526332414,5.6454725235543926,29.966392207677586,63.50045648699289,34.924488274702014,3.5920513416191255,2,4.999756057966677
25.195942459383016,1721.5601421515364,35.66974595065162,7.080262747452217,47.2467184033096,86.46028861868798,60.263763929304204,2.743638293260455,12,6.337156215682254
31.13244787222995,1061.3664310319487,61.697187160582864,5.935561603535137,103.17853001851593,74.59142208162791,24.71111852693479,1.3580417603965618,1,8.486784837636012
31.607850486168974,913.9851568768536,54.0434566493644,6.85407562976402,118.04707977830711,18.000984790134325,61.68837569090113,2.987193065750141,3,8.63407478069589
29.61277197569496,1533.145256891958,67.77461656738323,7.106424246488187,69.38470147415613,39.92324330549697,15.113359356717321,2.333460437447647,12,6.507250898958273
31.70967179954561,511.01159832084164,64.1015111713894,6.623753912483027,20.970035492304223,50.2908513713417,42.52721861339681,2.2551722494443727,12,4.85584643012858
28.93795596364391,515.3280652984506,56.60647532217408,6.981766413443971,34.004481213422906,38.588817915682895,33.694416675599406,4.143891728460487,11,5.1153183859333335
29.22732829381994,938.1376182037155,49.29066051864884,6.8237206244300115,52.20805753162658,67.51406706228424,97.55359714666648,2.3341925022448153,16,8.60657180084534
28.275410183585496,573.4427250016423,27.990927540051405,6.211059594304015,77.85853485929498,76.97018623969358,76.81559716344822,0.6190452746619087,14,9.212366471040394
24.25419126744095,716.0515082613828,35.679981073123024,7.11771707806713,27.509364580531397,69.85088213889537,44.7205373392902,0.7612850250099108,7,3.8283150569621798
25.078914269933044,1177.7212986775032,45.14596837502512,6.089402739771056,114.33572987098816,89.19999651212065,22.891832355102743,4.353098187612291,11,9.248735389090495
24.314291856867342,2105.171359159626,55.95795722038332,6.642425835503034,56.50836732844007,35.44107359197719,58.92805054870304,4.822703645056346,5,6.2990042397435815
30.364104112637804,1644.0972867386017,50.82247131291829,6.990795478283079,111.25842179248231,80.62421212683161,33.1430699127136,3.597842014050684,7,9.273027471730405
27.143559810763268,1525.335451912833,37.29107155757177,6.257911819625015,98.05218027570217,72.49669988808645,60.59651140136041,2.139657323450361,16,9.815717500529633
29.08570691164703,1086.9776464162433,20.387861467382635,6.10553521523485,95.54372725155811,42.163406816860956,86.00580010520586,4.7237014210762736,9,8.425519088025315
33.07566473926093,2363.507438865633,49.77435331404884,6.418692020345645,80.6719579782232,70.05934077427264,67.34236692861776,3.4826138886908113,16,7.978475596232075
26.49292229148875,1294.0300824743833,37.137559313734585,7.135926988698307,82.67838170518446,22.80569673136852,68.87201566132518,4.29950097139702,6,6.74160138907761
28.103829230356297,674.1855335915429,64.0764980426321,7.359843526291329,83.80032352162482,74.20001117554142,60.98757457033898,3.946335368166542,2,9.502309515764608
31.555511385430485,1734.1330322356025,21.43677591622901,6.5901668257197805,82.8721387025582,54.9247951940327,93.81757877366978,2.206126920976666,1,8.055363790368228
26.287981654916223,727.6767869532028,55.08966867834745,6.8229324106473035,75.37282313983613,36.92176295319399,94.21172817575128,2.6541599038285346,1,8.870367684828551
24.76979909828793,1190.4462856033842,76.48845425036393,7.306547244477828,118.6414018482889,64.18329763381351,58.58147209125193,1.3375946946564476,16,10.225659196398238
26.89751452913768,1514.8238774356178,30.46455602668997,5.697093702825885,93.22905674256961,63.12149990358068,40.98955640719788,1.8140634519833032,10,7.447959679522093
25.612212872540045,2248.4450493703516,48.29896944503572,5.96415715573233,97.69463883925212,30.71146670396998,54.06489549975273,4.001565475789348,9,7.791856987218613
33.29697652342573,1487.0931606802374,25.48531950902829,6.9178000125031645,107.24628150836742,17.27980611086446,30.857422536627332,4.522902763473987,14,5.05785814340359
32.08120379564417,1904.5175320633284,57.540914735681156,7.147488923824599,41.56397627258492,47.52169401762554,69.0892668020376,3.760071904631353,6,5.107136323122288
30.334037565104236,2485.6336779981407,53.031900835773534,7.214058056661155,28.380415909506077,57.71339020083159,57.50784854148982,2.5932816349548724,6,5.187401357969247
32.71460590187718,762.9782397959632,44.441931452769936,6.330214353709865,68.28944365985987,80.74539587779488,23.78054061412879,0.8892917102288639,4,6.107939967870819
32.036720768991145,1049.4630510390389,51.28262128842447,5.678679804583734,71.40806956192732,84.61625967356959,31.800061395167305,0.756265769143017,12,6.163978642473007
25.86570058886036,1289.1521511952928,73.79447950814061,6.37556295459924,102.91817799499177,54.66039136175748,55.76871627695978,2.1844650407578423,14,10.100756313379552
32.92558998489978,1343.6563570776627,31.777658138664023,5.961469180414108,64.37835792823357,71.53526128264087,90.44506421110296,2.587197734454484,2,6.657094221406448
29.393422419156508,1322.0421505310915,21.353870702320833,6.082392909993248,77.08530255443128,47.947745424599766,63.14321125364328,3.241042799959836,10,6.6141511598061244
32.07440155164063,2315.22200511311,71.69989308194606,7.044535113675011,72.70709385134583,70.95616174296697,72.93047501772003,0.5292028462414875,3,8.260847406343215
32.960912999234935,1928.065288933713,54.62702494327439,5.651054172051774,23.820278375739107,30.360114370437522,43.81742672823233,4.953753007098379,3,2.431872727038973
27.18003474971864,1715.8104281814076,73.43950732771054,7.1551624349614045,81.5214896596914,42.82985511026486,63.56996840875991,2.137724975318193,8,9.00320791697034
25.100519245276768,1118.7454357255642,55.816713404790356,6.355338171648338,102.80432857742522,62.56709991102111,53.02728492423573,4.316425987105046,6,9.36617584347106
26.279351625419416,2147.5807684425895,68.60966539758215,6.69212786220119,35.75005480758038,16.361847420530914,71.02604257296866,2.9073501754943196,7,6.156951913904414
28.271077886262564,2410.121022969978,45.78040180130888,5.679304462471358,79.43317339265957,69.18459827542155,19.298923116715883,1.0869775454000592,9,6.987016743690546
32.18014765922493,2142.396565100453,64.99159587729613,6.174718156714559,79.36105444464144,77.6651625951125,56.930518380311526,4.089044986405348,1,8.363345639796828
32.60730583256343,503.1302103829458,74.78248801339136,5.679401838029691,36.41849640563588,44.93562458204636,40.159373137237196,3.6942218371394424,2,4.331186985438055
24.069521305311905,1772.802740366814,54.32737782333238,7.423087445762219,32.3463573730736,48.595681288287324,42.72573020862229,2.873462382181526,15,3.497985678156229
29.107473025775658,602.2707628842014,30.847109033742772,7.114523298652501,118.00519429764847,78.84616591623983,96.67798168243522,2.81548891100201,9,10.99846208987702
28.17411003148779,1015.2144406674437,36.12785690181189,6.41926550871292,59.371916965303754,73.1740976494525,30.529059080467533,0.8936582258791763,16,7.114353074466893
26.221078104707303,619.0494006955433,31.918674613844345,5.947205096647342,42.742172872352924,36.61121167750312,41.45584646918074,3.4513202685824336,5,4.385049684146791
25.19865367333683,1707.5909058987754,34.81142165574397,7.366910210499705,37.132454445437496,39.29820799211542,58.3408689371241,4.600603200894349,4,3.8338580389396535
27.37615171403628,1873.1798269852136,38.38492696106218,6.189193191453944,86.7601713583235,65.91586742929475,88.35729059271802,0.9196021364961127,1,9.904786665590052
33.429097039125196,728.9752761318102,53.30802720519131,5.8219688633747495,80.94452973272789,57.23985693361209,50.416957072541486,1.6858015279200722,9,6.41413027313323
27.232029320207552,1267.6777660899588,55.279497767829966,6.62632877690791,84.35521229874175,27.16721783223727,78.22854887549454,4.560385880489444,11,8.97035015827154
29.18790621743366,1412.473017911084,45.58998483451167,7.3875482406896325,28.800602751145227,38.244743192187485,87.7917983482582,1.77954759418907,13,5.184481756688983
31.030189588951778,1238.1060435218333,56.925246789250124,5.507660581000645,109.35345834984369,82.49874576589906,41.35139024485716,3.4427465248096683,9,8.4753767501678
27.63629602379294,742.0500009703861,24.894495536681955,5.976249686507997,58.92663968090483,66.61308275416975,48.38376560079035,2.9066817422441487,4,6.93197363195583
33.71782082720961,1337.895580374951,25.2672942234896,7.376895280820815,51.33694064303579,88.94807382641396,45.30727901351028,3.183474222517379,16,3.98029033687643
33.62447294942111,2002.3560956168362,30.309767621459507,5.842171933714324,66.23614472477392,72.5259397485577,85.79274373252329,2.371050057097639,9,6.193036351319783
26.517822958253642,642.015329066511,51.084649882420685,5.72648690327964,59.00660657476283,85.64808241076926,18.7694832660561,1.8499616174917,10,6.187378660910328
28.972485058923855,660.3600281638069,32.839680721898816,6.640374431599609,106.35770031391459,31.214143040285656,41.2157925504378,0.7184005282835104,13,8.354272905170882
27.008783098167697,1209.5425836719685,36.99706420955464,7.22368764658966,112.92609751978921,72.86136561126943,72.74972739558604,3.8492642268237387,1,10.291140635457348
26.848404943774675,2383.45142323785,44.01877017037964,6.454219635387853,50.34532164496062,16.51631401108481,63.06269746305413,3.8574205798740206,15,6.127036551524836
24.368869473545328,1837.1452934458282,68.7119674406228,7.4891285133690495,106.39358074599548,65.30700162836504,52.08459553996401,3.518265830354254,5,8.502128444850674
30.09564333979897,1857.3399133451296,20.831728154771607,6.858343399075986,98.15231295330672,50.1961708590181,60.89559931381767,3.3963520465382926,1,7.677045984365877
29.026790232288615,1223.83998167573,58.962729214197346,5.648149814420895,113.08076723447618,41.00700539400515,31.794689795407052,1.5967270947538679,4,8.174092785946383
24.514787512499893,1687.3215824170768,60.13259186244112,7.485664263363951,44.575031218588784,79.68032642198168,51.61091283668088,0.6005522019483105,16,5.694528017987715
26.786464642366113,520.2623680554867,67.9193468213982,6.315788473560381,77.69591501209791,79.0700769493148,57.64475365498967,4.1392192859844785,16,10.064428179773923
33.08265885966654,1772.1920928190843,75.9651763436188,6.074805067690965,47.454458474044465,16.67262786739827,91.60107536614115,2.710123410631221,12,5.9833214854669645
26.395618906669725,2326.5738951524736,21.20827093695739,6.615758367155771,102.40944904843742,60.712884183707324,37.17098883833799,1.8807715881617826,5,8.047308559292414
25.44894872091223,1725.1469366896383,29.22702233079297,6.108615183641729,20.532419057106427,42.58741682407173,88.76542268401927,0.9586935805125654,14,4.60792451257406
28.894527602775632,2247.39718693269,73.17027764335958,5.672915014240305,76.48191628863961,46.17457511253369,69.76051907020846,0.7822471590562479,11,8.721124952941265
33.856504541106005,1947.9461109321876,47.511113731220924,5.502856686158354,53.9203431271918,77.4030554414082,16.728970640746084,2.069900248078298,3,3.3331198664924058
26.420552715115004,741.1168328073804,53.87543833600781,6.399166705840525,52.268370707782026,38.23798286457587,76.59366363644847,4.121316791451232,2,7.443680053008751
30.721355474058786,2304.9066145716833,59.78163222338884,7.173726844453185,84.4906323864917,85.7286607978215,18.021909591669683,4.634256872002237,6,7.994579332275968
31.616196153287177,632.8876887115498,60.74399626973824,6.644630371260153,105.1484449313994,28.472536977910558,99.77739577917411,4.535381140758791,11,9.671003625019734
26.376375439923997,1567.9349450955276,75.90442419899048,7.498414597886882,80.91953913933261,64.70418175261332,89.17411845375182,4.640003756373447,13,9.538618385331521
31.282163486118595,784.2742475869154,79.81696504470017,6.0736932912944,105.31729786467224,65.40788002603236,40.27421854090388,4.584764044082042,3,9.96794291283162
27.677831327192532,523.4132214618081,63.209447655856415,6.060910129520111,46.459711188103,33.91463710709387,36.87995456671996,2.872511382201781,10,6.353325214492552
30.323058305935795,1344.0685202552781,37.233272552309046,5.819498920467888,71.95018547649812,39.35629567254015,47.42249197897676,1.4873703735060673,1,5.663219361673879
30.335297107608948,1090.0814153083124,72.78514413766061,5.82812717653067,65.05365390670761,77.60988694349552,45.27419205172765,4.091209622765692,11,7.939603059394317
29.357746840747584,1472.000987595206,22.953254872445697,6.070373192020096,21.164489950309623,72.13539412162143,46.64871456275739,1.4617083868366056,13,4.35202225267806
24.902897700544084,1654.3997734691015,33.86485117246977,7.085680090547054,75.68121431407401,39.68219102360697,42.053506420155834,1.702432745404561,5,5.361153859664177
32.35302495589238,587.4781446178947,73.84314304782289,7.311513581272896,86.1524324146175,55.04674102012004,67.79633958210817,1.5496444482014682,2,7.977021590320378
27.20780064971736,746.0065902474912,35.3714908663613,7.450174339415362,79.191440441907,19.626022218982158,28.962411416253037,2.817420816631126,16,5.047948496649779
25.86518510399854,1617.2847929008508,33.239063577304904,5.9645793081929055,93.62798987834215,30.65594117989719,86.90840985791112,1.9482237867608596,15,7.89774791274384
24.40775141554764,1186.3347063453166,28.287517588414836,7.262595091228183,77.1339528453077,51.43654191452993,84.0542111426618,1.1937022233140366,2,6.359871389790856
29.90892943188242,1958.3469750988959,71.54670545881498,6.156510178554674,26.675025485075693,21.44803014594087,55.50107266769799,2.5392803535224706,15,5.033793342057893
30.775643618422826,1804.5832971838793,50.00349555146521,5.725681089033769,31.644552408471142,78.24992661689531,87.48204704867655,4.432582574533251,4,6.276398722621987
24.165878289278563,2191.2087259798136,60.49359218324929,7.2400498510403315,79.64745775439525,68.8504657580736,36.00733095257493,3.067487847274875,4,7.161394748246936
29.12093058299281,1884.9856533384507,34.34398304450178,6.772211269287237,47.49791919736402,85.7725252986371,16.49306373483719,4.452510226494142,16,5.9722642544639415
26.26495775197938,1359.8621547802964,65.48242526067298,5.829461792162124,27.96451290347658,67.01001794730203,67.63267362753496,1.3814248328561183,4,6.307240125041065
30.451727904094497,1845.9332447888648,65.60033269772592,6.359662515026005,62.960274344854675,85.53010291966392,53.922299592000805,1.251382431526493,7,8.877514582158696
25.743664290049914,1050.762348510837,38.75588149449801,6.0745153897541355,75.43225980836553,56.58844167682238,63.20898643514901,3.090097065642891,1,7.351261952319199
30.90937738102466,1112.6269975564255,44.640957980616975,6.973589137420394,52.87459883496066,60.016395829647706,91.44384976656426,2.5849800569582286,13,7.379245909062481
27.867353463005372,2077.9703198415864,32.581416645812055,6.406832461248536,92.04337022257779,88.27282909696956,97.44367375310519,3.470776887411306,8,11.283523463144304
33.367299887367345,1392.8390328031644,78.59366139937426,7.47855989021277,84.37706081012446,63.15968601481953,68.92851687922627,4.075820559620517,12,7.815560352510198
25.375209441459933,2096.760681036705,58.736154623504696,5.60948996451919,53.281836109167195,17.308992664555994,79.94472513745727,3.880882830434794,13,5.4322775904627125
27.410663510502584,2144.844747336557,76.07263284293093,6.210030532272493,95.48725289085606,69.28520824728925,22.12371684640896,4.740175281463525,10,9.964310301681259
25.13473521240589,2215.124675322568,38.20313261774799,6.463800334219955,84.86950425330355,82.91015191030617,28.660824715777977,2.292153841206552,16,7.959588423991472
33.24693618278563,2333.2704716824146,66.91345477981338,6.5062671094966396,83.74453787179021,74.66851873457449,77.32240842100302,1.4287403401168135,9,9.306841843391275
32.77339353380981,1361.9704410265924,65.95151863308452,6.131871644771273,75.3427700787068,58.787495446906696,51.66606379298017,2.979106879765486,10,7.181992415912854
26.579416277151555,1137.7336366422778,61.49933911199249,6.9584804981951365,21.13896680885528,65.34776348201373,52.907047984374486,0.9983440408603352,13,5.712907487634171
30.599840460341788,1664.3974931882278,77.93833851600803,7.249494146977949,89.65071834768891,89.26438419387539,41.23165293901211,1.7998300549923414,14,9.3931260670047
32.17222200201216,1242.3448468752551,43.613320166378934,7.377438603955726,57.604179110915645,21.799656638200375,66.62529259560822,1.43549624868415,15,4.386784398931214
29.552008115994624,1702.148333600466,27.843039415385437,7.110186753599052,114.26097101586556,65.04336214749296,30.73902886037722,2.284536725586864,6,8.145084061404253
29.296505783560065,1911.1717252876492,60.30253155464364,7.201160394613199,101.79847710772053,36.254827092794535,68.28788374168113,1.0004745875099692,4,9.111053726630338
26.418522909004515,1876.8100369842737,63.75858802863237,6.601090601239991,78.76944695313122,63.00677974396275,29.77290285649537,0.6432878504664403,6,8.482292406837503
24.931027678058992,1249.1057740402427,54.50363440752888,7.151776452853629,45.218198181926944,60.57176819129541,20.425212950325655,3.455573020835143,10,4.680490015325096
32.97215757953327,833.7204033975056,32.40907358800378,6.107007818295904,40.37173932776666,26.509262408112157,43.08040353942019,3.246120402304122,16,2.7942218365634206
33.004180571633306,1361.058676924415,50.26735650016133,6.296957524218429,54.03848376775491,30.505998430517934,34.646929070837054,3.6876152121739754,7,4.363666218014416
30.33101457273268,785.1882881638174,38.731384194147765,6.133826027637088,67.65679435800186,61.62221835324101,90.56428927728825,3.4717389812210477,6,8.420729595467055
27.390297910487007,2280.1940703676164,45.64799169000135,6.434774670895851,49.60655100389471,24.61724604778306,19.671043578833263,1.0143260651407258,11,5.339922221952973
27.49209574612661,1191.7549214757148,58.71311455067983,6.071159232477273,71.49294953924829,34.88856563477421,30.012163868800442,1.8098549661904084,1,7.120565635028056
31.259556788702394,808.9194944466476,64.71288456145007,7.423222884508894,36.53704255131859,77.64341608035018,61.6411664745592,1.0828697445515856,5,5.97095148522613
32.97110259952577,550.8955198115018,33.933481454080585,6.125689256011336,117.77128128254999,39.5318629501229,55.89071122203526,4.293375809218534,8,7.519250868167605
32.87086424265117,1791.6447725729686,44.3195216388172,5.696089076221879,30.792455496499386,51.60451172022472,18.897421561849633,3.8610664490998547,15,2.467347938105987
31.798755458576238,1773.8046349094864,36.14969425949775,6.553634332100827,113.1944139654372,85.58552513593803,15.61645638128728,1.406871513132091,8,8.498139667022842
30.42031646154288,1181.2083331625834,31.91789683171215,5.614198156890353,111.35780114026949,32.03618166277097,98.98577506669774,2.0358915822045205,12,8.636693465225784
24.84139964995049,643.4237776953021,67.0032331997503,5.721086332617161,72.53604818194981,44.22195130185078,71.00094953050125,4.849767465188964,10,7.281677071254035
25.616287140946138,1319.257789790464,74.55516166621955,5.938778778392493,92.49102718360844,60.484333165765925,46.05952112663233,3.1737171104584316,9,8.86376060069674
32.98554188527079,1122.4349901267872,42.2139311410746,6.428700499764283,63.60482979725878,71.65041971279791,54.98674105137551,4.105200187855208,4,6.6215569852046645
30.0642905965959,1854.2412794700188,65.07673546242602,6.366501864618056,83.00345775424381,82.62400400345288,37.65676023861439,1.690659656459281,10,9.170001538344655
24.091970516166295,1711.5584989053807,73.81971736186466,7.099383724005582,54.05759374211187,83.66047406801364,44.31427161392283,1.4452381408068735,6,7.11296940624891
25.01471542866032,1229.18745639508,70.7674526318139,6.978949307768227,50.115901978544535,73.24800557794671,70.16877971779819,4.027626179809468,7,7.547335174470222
30.635017691080556,935.7851085099802,30.968803312353554,6.352636587981403,77.82297861695136,32.124812744498286,90.03900290372651,3.5864260485414805,5,7.471912133757407
24.050615838462186,2476.0719323111834,77.37751289080168,6.16740841515126,69.81296741839805,16.860699753192435,30.651051961900713,3.5644006814529368,15,5.717700941637817
25.608080514174986,1408.0032423922298,42.600586425767744,6.132937568122998,77.9536369149981,43.78304477667179,86.4307279577521,2.9868556182313726,11,8.424382094078233
29.48733789366586,1876.5484715604741,40.35443967043018,7.047990174588018,48.6660581287023,25.616163824086748,25.33231350905287,3.03610254249447,8,3.9109204599556926
30.918951976926934,781.1059351567216,23.74587963666682,5.60414481244254,56.695783181699525,68.27907355787235,33.27433900501325,3.810638773878142,3,4.321335210390714
30.519612595026004,1471.1793993187957,49.17041924629298,5.525643299021212,28.38979606289093,64.58479401192875,18.15989948421991,1.7150111650453788,8,3.570762929551644
26.2426930946056,555.073439738931,26.540816938455723,7.091088783853296,25.227637227220573,18.297873121609115,26.969008277904955,2.087458096356301,15,2.2469229292350286
31.12179221347536,1510.9102358208997,34.91238925564556,6.454292751978098,45.34571296730162,77.74453343482134,92.9707673644443,4.4223654673402475,14,7.595663803471846
26.372490874968,2428.0348142354046,39.01655730603689,5.761762277107152,27.424685933054576,33.65574497183867,54.052293462562176,1.88989340455471,5,3.7571932493409372
27.253996981592678,1268.4134259716004,68.52957940950104,5.971131869189002,30.37747086347407,47.417030661828164,21.601598251160052,2.958393071206846,1,5.441575525314517
31.46491405118024,577.9920251498231,72.5293190237538,7.365007906194765,101.29284053939371,65.09503015918068,96.5767812333117,3.6618775880300785,13,10.26950031355069
30.496328990472147,561.9115818386871,38.14797904768818,7.219005951249796,23.88736970166893,47.206409013919,89.71434615948526,4.999661720749295,6,4.78271472177862
32.49223410494178,1275.973519893739,71.52188727467444,6.919570100447945,85.89427939347428,48.09658520999575,79.148014273792,2.4588109917289938,2,8.582765766184682
30.576128923003434,820.0498729263882,71.43385624218746,6.464450460674653,47.25577488154005,19.922099650180527,94.34518731554242,2.426417944812247,15,7.5187973274044895
29.683086033354716,546.7041926563718,65.87905702309241,6.5406472523827714,107.15456807081264,45.10826619450029,33.71100077103995,4.291647707451504,7,9.486815597639538
24.936747678280923,2012.4272279003537,28.801706840910892,7.450489070567917,68.49922845774995,72.36359199149877,86.09138990585734,4.124764000669385,15,6.865217265226917
27.677158030594335,1417.0460177637815,61.41937081404374,7.431540887768574,50.55764593278258,83.63822528899483,73.64925169011602,3.789841467805468,15,8.373664518199305
26.652023676817254,1078.489543945309,76.70144387483413,5.930538091571669,71.76389356894344,46.01228527975288,88.92953621325351,2.58453336834063,9,9.178507315160648
26.439896433790835,2300.1663660329614,60.952428726029424,7.122209132610636,58.19580190452688,46.768937015930916,82.73748308812353,1.957726040723221,3,7.652656947217606
33.73010554752446,732.2779204010512,39.89701094647003,5.894485332334034,76.43010646698302,67.69703297427391,44.452080370030124,3.239287171631819,14,5.560031458559502
27.930977246667602,2411.8376579106384,50.03475904584988,5.927074955767903,31.453286832634824,85.70790008289575,80.82387564646672,4.443004819092384,10,7.678112922104459
32.92046555177113,1127.9334347547056,58.74350260106322,6.852186068329154,119.69905028125511,35.02957051795202,37.308785753715675,4.47699856193864,14,8.01802221484127
30.31138625997263,2276.8073446173626,50.634224523710216,6.310002197175097,62.55558776967175,48.010815490345266,42.93033385738466,0.9882425528169729,4,6.813860860884415
31.948113035416483,1705.8857529589231,27.197176503858188,7.36308881421304,54.82306397073687,74.69799326642259,24.17198596395297,2.427576277159178,4,3.8091786038432724
29.026370931051922,2153.4147194829748,38.72384267912124,5.678019469792018,91.02098483162649,60.72701770305289,94.48151235833984,2.5912488028943725,4,8.985787634128314
29.76903884626359,2468.026326420929,68.14376183321795,6.5230512816189865,56.389940649533244,23.293975797296604,39.73528588902393,4.899269153856889,3,6.879425856782528
28.92517693818864,1076.8108756374913,71.68508276573104,7.337043060886242,103.32743050287577,62.07995516716993,59.25290953957341,3.5509910685916304,5,9.978728699088316
25.952429877980446,2422.270970815186,28.238001962934213,7.30822732095901,65.42707243604252,29.00597134479952,48.26329109962638,2.3326088776793172,9,4.4981272403693735
31.224521152615054,1278.9637898048409,77.14320514392347,5.813058426831482,91.95584132654349,53.26619505588031,96.59389024959764,0.6172604869351686,15,9.786332519134675
26.80772362440856,1271.0238094738447,39.72935707091656,6.2332754001929125,30.745321644188657,54.68274507453288,43.479179529771,3.044233220446382,11,5.144792742941405
24.24315966431454,1180.7742085090113,59.7388243238432,6.738242800093392,104.61191855551118,80.71525216687387,81.17639482092856,0.9323418903726026,8,10.850042385107951
30.454722959071677,1582.8152146951704,65.10950875740087,5.818789769542804,93.57179867781099,49.68707055093286,87.7103731436503,4.255024808064934,10,9.539912997566125
25.77110679407049,808.2900863569741,68.716774078273,7.436044344091478,41.17167784619657,35.95818166769207,52.026552285882104,3.8863339725666295,2,5.323301168033789
33.40458584352914,1607.4229707160223,76.74498213355581,7.3294986574553205,34.528600974578666,32.32247611620237,47.144604228499155,2.5722912195868046,12,3.897155467169592
33.53928577002587,1583.409624820008,38.77517288172936,5.833900358068938,51.629234872562435,80.56889075132521,78.55839477927339,2.431448507937649,16,5.833360004650611
33.14864390220448,2023.80362520974,71.51038727309327,5.742310922521971,117.60705860319044,27.825814081367128,92.5961583260299,4.538025345059459,9,9.05422409721928
27.701587002554444,2167.299923875171,27.901214206172423,5.670816965616531,45.683157456705864,46.94014206623578,79.16919731114025,1.798062576881578,12,5.7905565485470225
24.154566165288674,1380.882700624848,62.30245438121556,7.318887328073262,65.61272089466333,29.037983619521025,34.305741075308575,1.6205898294804686,10,4.758054137878721
33.28318562587725,1104.6664987029876,64.51866377083915,5.887247619590921,23.002022571733633,72.99780300857816,90.50615853220495,4.726388447715929,2,5.571990500098667
28.281841483173142,1018.669794634189,60.663394472079226,6.33256985708871,59.72275295662325,50.57794799809643,47.94444173213081,4.141606265390672,7,8.107079059625168
33.6665481904367,889.2476734097438,35.13888416810918,6.3977027313040065,77.13200154331028,41.33577679176091,63.979500001124414,4.192815168802376,5,6.021736061179607
33.63619977089253,615.2951643980498,72.3825888209122,6.698022088427135,115.3124612507965,42.082473046985015,85.67202763988044,1.3783721642416649,15,10.138770717828606
32.5300945546736,1184.8959576694267,30.1315078022237,5.64347068749485,71.67360449400644,78.91606550422345,31.013555229041838,1.1448319614392048,13,4.818784999325979
26.944488920695857,1040.4953842615664,23.21808749124985,5.953517234801032,101.91073261776877,56.53304657208286,81.68336153259202,0.617132974177107,7,9.003859546763305
27.85097728601925,2432.8347717328147,63.04789943671473,7.362980773837852,74.71276425689005,68.84008883484478,65.67383782240759,1.5666867901340602,5,8.751646323401186
32.51136671516857,1615.4176525000878,48.52854291396402,7.316820214537139,24.07850134355181,82.27788871880134,90.9340395553467,3.9838572127144616,12,5.325774094463503
27.169220051562775,1194.554078061015,70.94588119752056,7.062581294811384,51.5008275189774,82.63062570304815,29.617484156701153,1.580172884438674,6,7.715186011433677
25.694927466860925,1660.935201987392,43.00382846349554,5.538802491236431,77.55495078311033,39.638179075339735,50.75799014847892,3.7809647761769427,8,5.913785092985281
29.568012624583503,778.393402691391,30.09671531046277,6.154013536992204,115.05939659311244,86.4338447359789,85.79166289368118,1.6335871941533968,1,11.060087917231884
33.36154774160781,1388.0874984044058,70.18653154819219,6.755917470685816,105.91303597512334,16.865691151095408,16.634694793824615,2.2788162407780224,13,6.435669486134668
30.960297966749728,1752.4686428421276,52.9345778984043,6.050380423546951,42.83556141788476,43.26266707621242,24.537116175079642,4.924230304601338,11,4.18505263626025
29.70061170089365,1477.7956635849027,31.351747543421293,7.319173390107554,42.01098300191635,82.18491431316312,99.19804308432245,1.6016527907786102,13,6.970657451611615
24.971764937707686,1303.5576013086484,63.223039915186746,6.767778923664884,40.117296711390075,35.59776598627372,38.8335051801798,2.1936678228422046,12,5.416363691867687
30.1500722669917,2487.6967777993964,50.66681830937003,5.643813434632891,112.24988963025031,35.48110877409888,97.92117146653604,1.8548923120934615,1,9.347520125233537
33.90053850104263,2260.629524297854,56.25877893441919,7.318011177671406,105.26661531017207,37.696671381141655,30.51518183573728,0.9933124384850103,5,6.156134479483598
25.40084015236524,1746.8119163188803,47.65390029239491,7.415533316352445,97.48834322529487,60.923503863519166,45.693027655623524,2.7045236395887122,15,7.572618716274709
29.183296523637367,1638.7547223645656,69.72253902908038,5.655424836783451,59.27351142242276,47.874958171076536,78.9939027828035,2.2041079849985104,1,7.618107878367023
32.773730719279556,1741.3209596491681,69.77376294098299,6.56472046972263,70.43807042987669,69.5051127265007,70.91116461524517,3.6269918861327604,3,8.34904357188694
31.407686177542043,902.6242156448666,62.56332930946317,6.106728564428341,66.43317447951529,82.11829819234994,64.39540399396972,4.179175461281957,10,8.268989053573673
30.97015740995268,1290.2754865286372,26.324082643787737,6.285678152962805,45.339810755937265,65.56495312071455,60.04142994342564,2.9491237152303733,15,5.517930257747099
31.024840839871093,578.9190657817986,70.33123171424413,5.859302435910684,70.5028046148767,30.33500401481816,86.69243771150292,0.6448838993930159,9,7.4812931225070844
27.59491151219755,1451.0920749736533,60.26077883197459,6.656144204024825,23.049654785275447,84.95114267703767,34.97062784083838,3.285150603056247,14,6.510209414737011
26.935918442644933,1586.0491679153263,61.82144996025797,7.415958706497781,33.18103734974592,34.83696550106089,52.610028794449065,0.7492582850942264,13,4.828741112885239
32.093611554785134,955.4994722064191,41.7789704242323,6.506145200543218,108.65895961689463,26.242072149611857,28.21344483329887,3.273603456195612,7,7.120181235822132
32.101133946791805,2428.0576943310275,72.7567733694204,5.665829162788962,95.16797670314233,21.74754591457207,65.65503563710988,3.5826347717113483,12,7.398077269060641
32.67072318580104,2318.909221874484,63.522296014091445,6.740002666954817,62.286840905908704,57.25378054996242,36.296276063062216,1.389954324278833,6,6.15825661587218
33.132405525564714,1944.2864709118116,26.755427991751667,6.180445988902514,71.71503622838773,23.532184686048886,43.3765754691878,4.18705766924797,8,4.161221588018162
29.113423988609377,1566.7732575307252,44.46668206436976,7.211850379182596,56.999888595997746,25.408191308447307,55.05631091299989,4.5998830920832185,8,5.685455622779854
29.015162946871996,2239.93831929537,73.1828217176085,6.36935629663294,94.07798671606724,37.50228604466225,17.275499784765866,4.158891338512189,6,8.73163402215628
31.98295178966775,761.3046876469258,22.83180210184274,5.885679217884491,98.41871792320796,36.12397572633479,22.8147245532712,1.8729913559543698,4,5.069510798873487
30.499639307777652,2081.0195885497697,77.68499717852296,5.88221124538229,96.32851902031591,60.317963274910674,73.30398376019866,3.139893556005355,4,10.14515619517147
31.019668772577035,749.6416279336966,60.74975409917377,7.0375283614423205,92.26117248344495,76.25589596045111,51.46244836098812,4.616668171360525,16,8.716461521255635
31.95792669436101,2088.421325098811,57.8825586586026,6.03117519661472,40.45043386927958,72.10122421521693,88.5071688699911,1.9429912680028245,4,6.835930018608697
32.90005341817566,1051.535136502714,36.23355538927949,7.034466788318446,53.79699792404788,34.68633410373576,74.04712030975696,4.190125200194412,6,4.609311004090367
27.37995156851536,2254.181162036378,34.92750732435063,5.9117746215331985,66.98454349836749,33.39828734894849,15.688580040022408,0.5426380906776344,1,4.903033060501041
27.755829526399438,2388.0841876507957,76.52349316931573,6.143372737402618,53.079299142765564,87.43436475802257,67.42054811520646,0.5164101625310432,12,9.664961862428829
24.93981939840869,797.5919388102313,37.89634725404736,6.4309739448793986,95.4940200158329,15.61771811939701,22.966613615075897,3.9187024715253536,2,5.809229567536006
29.782801409961742,1425.351210130787,66.53031780313997,7.386391699386902,52.935352424995465,80.97903997951619,81.37932028219201,3.926514119572045,6,8.422849735311011
24.35942273796742,2461.9747563253704,43.58730789242475,7.363462849507649,33.82320867853372,29.97963893418037,99.27815350367267,4.0503973453353215,14,4.420349275419314
28.6559801813246,1466.8148719462934,28.35524424708224,5.913743750844576,59.90404520483041,86.04632423173258,60.15189751052848,4.685120770496731,14,7.611499355842862
29.426446347075768,2227.09504502909,20.642917861721536,6.216438082486146,117.99144327823804,40.67304636206398,73.03625751650108,1.030578403191279,11,9.14635925549455
26.865412521282845,1677.4630442626396,52.65544022091505,5.798798776907544,42.58814129335759,48.026383041993924,35.17170367605388,1.5439324324265975,1,5.310660068743764
29.908332605690106,1250.6598158392037,78.54672911293596,6.519970158626994,81.21586589432292,68.03404604582857,52.195808219072454,4.566762141682134,9,9.94294983721144
24.305002499390493,1071.5671110517405,42.14817162855227,6.421165101389333,63.29730498397063,59.075178860494525,87.76810324009261,1.2975628899755904,12,7.691028682992683
24.373481887492144,906.4461821721745,41.431540039582686,7.301520324901465,27.10245676493266,38.845449728011715,29.230950558431353,3.570031704094628,6,2.499362162066158
32.22600560659659,2023.5963827553944,40.64549707096653,7.360010755582145,68.78766059980595,56.537318690086764,37.57052647716978,2.887083500183669,7,5.0077027539939305
27.60190641411263,1273.081013646056,51.232630238291506,6.267134782014584,90.21643286483125,69.80301632721647,52.861862399312564,0.8743715458317827,14,9.847753961747177
25.27060512651885,1522.5509244015025,46.43989300545761,6.483475886037979,71.32199758278188,18.175120942686906,75.54115580674119,1.7836864787368978,12,7.063389874998873
29.222432600548043,1484.6509600023637,72.79487760362088,7.292472498292266,107.21060637465811,15.83994789417781,46.95013615763227,2.8416749739843556,1,8.406292205900723
31.69993553098611,1654.5580584662625,50.331247503409415,7.113415615490123,48.893701665758265,49.35502043046685,93.85724378155533,4.335575525077253,8,6.115078825365187
26.158210274968432,2231.1542912491045,50.465470291314126,5.507312622689298,28.62491713039649,24.887746335263564,23.028849357841132,3.6839232032660316,12,2.7400984346633916
30.22890475819,2461.478687166859,28.302295683233396,6.140119128367165,113.65656116580061,64.82582185985359,46.51835679131204,3.298474226547199,16,8.886218841127599
24.85347464993768,1315.168417147634,78.96437245462316,6.343548483872252,57.8196349528219,31.053934217057563,75.26110049141586,2.7321480047363664,12,7.988117524851363
24.516817211686078,2155.037844212606,34.99837345212978,5.959432567366464,77.64055514536334,47.46383300967532,34.20887508122686,1.8440779271636043,12,5.573795568991626
29.313546315681478,2029.0555893094354,24.401844047576162,5.899143231791878,99.20031261301959,29.82532026557017,70.7951164095222,1.0366021009366753,12,7.413026848285736
29.406351216101065,1647.0579029111466,59.788774938512525,5.575569013191359,52.43136638755806,56.13626893118433,28.958441449324404,2.34084215554743,12,5.36220924018686
30.374299014982064,2412.094287223866,55.72198220941236,6.786739450139521,91.61645381776111,23.704009453842666,19.75832421324334,0.6283332226008166,5,6.889993218037526
31.260913337226615,900.9490310568056,44.90873923956474,6.0250205809663315,33.5418849817828,16.73301395906102,25.286335923635153,1.4497515017008276,5,2.447748366694835
33.75852079462535,718.5284206192429,45.33153403284068,5.604694356862626,49.12937472055053,18.83487285800229,94.04870656640145,2.446175191426969,14,3.9587800858555005
29.163003483011952,2207.9239339108444,67.10383526278588,5.9619586210561275,34.47106361365199,86.56938311364824,61.89882504986186,2.3837233355236176,6,7.555843350287202
27.22956472941246,1378.2996332674966,31.742758405978943,7.103827905672253,101.12305584013578,25.671466395820186,82.68939091577016,0.6993294394864658,7,8.352354610172608
31.951861947687036,2193.9377084141206,69.21519913669339,7.202978363293093,42.26492352267854,68.13586898526265,43.275632576929354,3.1507706908638107,7,5.594357254458345
26.708322512620743,2286.18041039083,58.92482683370109,6.466132490386605,91.74035554052102,20.09446531671197,65.37598507026297,2.973579151339563,5,8.961374236066685
28.38971420705636,624.9151872381428,45.13818642677146,6.332141340817373,114.32983972456526,23.112026417638663,57.070931364924284,0.8514693680941078,1,9.157530015867746
24.78456381342266,2266.929525972121,47.481716995032116,7.455707387003564,72.77722090688769,53.1657188557001,95.387726549195,4.744233736071977,11,7.277195918636761
24.253507434154574,1396.6381107388443,35.398832431165744,5.90112931917614,74.00291922606877,49.865319761575776,78.54384406459937,0.9472225052788705,9,6.237034789644581
33.62648414677925,1520.8649780084643,65.1268599618185,5.930718565709217,66.1033568097812,86.36852320799022,77.09612367720922,4.346753680568012,15,7.819498546333558
32.35980120512206,1753.1850221864204,50.772484538316064,6.083734354072799,52.589014339364276,85.8626589765553,18.94002790191376,0.5013937936175268,6,5.352842980544761
30.959742060936982,2352.7652134601735,39.251272564990614,5.845514636562175,67.56550309249171,73.47064819068488,61.72192186531374,4.470264927704224,13,6.514922780589137
28.0895294441427,538.232188859528,55.76300694565701,6.258731196408373,80.28075322667594,60.15763725955123,54.694273581654265,0.5887387949194065,9,9.170269579743914
25.73294320070846,1453.686936635634,79.74406712307939,7.321668453979507,118.59915721706594,49.12202380447582,93.86659266152654,3.910154143514522,11,11.18454233819297
25.56437042671086,1875.4440848611214,46.11573677939323,6.730695681257148,113.77645593182243,41.713390074631576,36.87406899611024,2.1276086508511383,16,8.749385631320976
26.502428981645952,1945.413915396457,75.24148404671718,6.323893097224527,106.21529582931218,86.03156602316666,37.93584352974302,3.821975600613439,4,11.205753339679294
29.492266647061204,1885.064863074216,40.701010395473965,7.36882158914243,108.91305357048583,60.21816085685142,49.96443115492753,2.307853424412403,2,8.53069855381108
31.145959227000624,768.8702588162437,23.283962415499154,5.596928464951644,66.78491832920429,58.43043957644959,35.686425639541966,0.8190856504932877,13,4.658302621320233
30.601973767177313,1098.7911767433625,32.25452638210573,5.920552355803723,85.74443271774648,32.39258413266862,25.980633013743706,3.9537801292791386,13,5.404216589209909
26.799338969459427,1217.4310508340268,45.12170859966105,6.631777210203518,109.50667229362142,18.50233634138348,87.88026196531807,0.8206370839461423,3,9.906877874501914
33.54865280663194,2108.87441535901,33.17809571567414,6.731105246386358,59.295076499135305,85.88914348196583,62.45350457433285,4.649541961825481,12,6.278617270130177
31.378969166957685,1057.519744829106,20.01362229309533,5.579115013125226,116.17624783454688,38.53014441334905,88.21583111130818,0.7293831610624761,4,7.485850978060229
29.543540525114008,921.4099277344063,74.90009226485164,6.306077515814264,61.5786062069183,48.1941767493344,85.64645505931415,2.6569637499718195,10,9.402800555519706
30.117207462343522,2414.8960380761923,70.63276467385575,6.798307929661745,80.10826653932156,23.597995768928012,38.97360015712204,3.7536549388285803,16,7.2004816452611795
28.1960006242779,517.7265702269378,64.53753388921683,6.896141092806803,90.9804713272372,77.7693247431969,61.557682767563286,2.2696090915641696,12,10.77532825575365
26.477309895011576,2495.6417113639563,30.06887573876172,6.776279805032539,115.05920130759384,17.072387464194797,22.073504732905988,1.4775506356659562,8,6.879035155763162
27.559726786512616,1853.6425977147912,27.221814572599165,6.141126448721849,44.46162740522661,77.54930715743224,92.79641014261446,3.915909326282122,3,7.7980913780772685
31.57846110464369,2156.938598898234,24.05628496834299,5.687040247195819,94.61309782386422,25.52137595909751,49.36233078053802,4.029326171549268,8,5.567880652774775
24.143934886297558,1089.2387926923864,63.441751326375275,6.354224892838668,72.08155861440821,81.49230844733641,48.462475630566814,4.652127427794652,6,8.247356001407011
25.160726405069163,528.63055533412,75.72847764127312,5.757508874736111,46.85571406206411,69.7329478002118,40.73420650252602,2.1927429969398498,4,6.398039965540123
24.460026420217527,1975.7390371230601,45.83214925478222,7.395247317041334,97.66068397963906,27.35026968804788,54.156418300409825,2.778132805237971,14,6.494226401249511
24.4072880231897,2168.2891940013515,27.14844031976289,6.450341732045256,75.22222801738465,57.43634946446011,36.399547856363085,2.134077992807324,7,6.101144272233827
32.55460584011007,1980.9522639070383,50.743569243926395,6.134518348713735,86.09738206496758,38.44922357664146,46.86244318772839,1.6568681983311568,15,6.796638868524528
31.036578593800236,785.7005746016772,40.92991444751781,7.0326081422378,52.2901068577901,28.36748241836876,82.99549912971496,3.8796483269192388,14,5.607876553774739
28.74173829087325,2006.855844513938,42.48949546099986,6.4958971851645275,68.1273951827605,79.43866495583313,85.91171780473961,2.0284333025762997,11,9.715586095559583
24.978341606510014,2037.845564215282,57.27983744934244,6.1200680480249,81.7354250988067,45.2642074880422,40.855510598423876,2.4266724889655844,13,7.101952180965019
28.916158751168325,1817.0810313401098,63.12308679573214,7.123935484781604,60.4910814269844,44.89077857740369,54.86622659698697,2.316531459308125,5,7.0998787002445365
28.734717707805657,2032.2318655911724,26.63621593238965,7.2343043020022435,39.83725398477013,27.7415006104965,89.27468098380444,3.706975515410356,5,5.078290000223869
25.732018699100152,2191.842879355464,22.135413848388584,6.846016332577354,116.1640492315304,43.729925706433406,19.477233205524257,4.630080317498059,9,7.111015754596032
28.338516492379732,1727.208228474917,79.6598181611429,5.593928844815334,71.14675400426174,80.37126347466376,90.57732176964176,3.500402275883198,13,10.30452879323429
27.985047343973733,677.2094279393582,33.96370093493311,6.632645760333064,93.39203702877005,42.23465328672269,33.6306693804482,2.6221216824240465,3,8.000433574820285
30.158500980522163,1475.2556193344217,23.229831494507543,7.026589823994563,61.10471935560581,86.3702671874841,72.67583575822195,4.006423016324975,10,7.417353372283931
30.350936508676437,655.2986693432101,31.392519745755198,5.773006024167165,55.51317640257163,85.97316744062906,64.51689419269101,3.384370958549619,15,6.360681630265141
24.453040097720447,1315.0860620648618,22.337470780907854,5.957341502769207,60.7164298467125,25.867399448050953,61.99996359608643,0.7727466070301607,4,4.354564396284975
27.74612614626471,1314.2129782512552,43.508653677030296,7.264990210136273,60.91966437856498,28.298344014198364,88.04561910398982,0.9304861388847874,5,7.116491554320713
30.258599157142363,632.0196882804831,68.14410706707946,5.540243443706148,74.41801159419535,79.70055527489168,23.633632209796207,0.67062624833135,1,7.298132188973419
29.031362585800878,1197.6410679389587,40.47466698546324,7.005454275651952,74.34698699813632,44.457068919353944,44.497382152679066,2.555673467928439,7,6.825452052320687
32.56489841188322,721.9961975826296,46.651004412701994,6.447546585028846,69.71538158828716,15.3280486712257,60.751483439305076,4.2163404545253425,8,5.693450346251246
30.58693631618945,2116.470420018444,60.53520641404633,6.393544317679214,33.47857849174381,35.54038647790283,83.95955258541338,1.9088742620810843,15,6.553609426777497
25.629344270814297,2395.3760519289417,50.53364420419281,5.514193064989774,69.60754785005312,59.822174489667,33.39766208999208,2.2287208239161673,6,5.911323811367252
24.7056874740043,644.6329505158772,71.68674116127946,7.138796461932985,36.910390042065146,74.9449474469976,83.24903651681348,4.592646987655508,9,7.1440451389558834
30.424192782063155,2410.2304145834028,71.9621405027454,6.219649801273133,32.613578629576516,25.004146281994466,48.96927101198454,4.266065503924947,3,5.1038828737337845
24.26511310541622,1545.1531986734904,20.594641729469217,6.581531262601086,113.26457173411677,23.29060233125515,31.05767779686411,3.49271650572152,2,6.4310224496430575
29.85775581273463,1099.1313559077478,66.68277838899195,6.854601372671318,80.49500131477043,84.15694901792487,79.51384743769603,1.7006170194151309,5,10.155198186309878
33.402302414249576,653.724150552327,47.64401601450044,6.905259152875832,85.94900581245842,71.33612758669369,22.726406625336566,1.0266866720979957,13,6.156203330040318
29.754741778758792,1501.2485361408358,79.33043247821979,7.411960117652145,60.179367033336376,59.233470058355884,58.75522679641265,0.5722647020605117,9,7.656993154234476
27.88169926206522,2089.0310889814973,48.99392455252611,6.562679906473218,110.89808919148642,72.6890092496946,20.429441628260516,0.9815480267198939,16,10.21068523472977
30.432882184423534,1914.1729545333963,79.21375672329785,6.299439101948855,83.79304895796655,47.16407709799788,45.29551768841195,1.8166839963077424,11,9.125064252270267
28.582528904915165,600.4520229279475,65.27416167234419,7.407407252983416,96.91698695235874,71.8841810481845,66.09152791554337,2.9830552861077306,1,9.92135368514678
29.45616789315935,645.803670735807,34.91629307679838,6.784220470051042,56.85624690277138,42.88522434559018,62.26982102641311,0.7880003723857409,1,6.501511412321572
33.41464808776525,1305.746565265274,52.30369875721746,6.096300712553111,116.00118808191255,33.30709293694518,49.39571052189665,1.1130250024330206,10,7.647777295538821
27.861026378007743,1090.5809880958866,79.52813836871496,5.752928490807142,102.0461290158315,69.67600659697266,51.469079487629834,1.3148631603857348,3,10.935987506088026
33.61190563823914,964.7686461120957,71.45183646511542,7.185109002930362,105.39484630145436,46.475421911795124,34.275412034815155,3.343919418424878,10,7.364349340323786
33.053506419560634,1062.0089978174271,25.842013627473264,6.224363205588303,37.21942674257543,88.60328282446461,53.750020016048744,3.27105409541056,3,4.579120993908356
25.957911347892964,2106.965486593769,62.38231980859977,6.8209394427288625,47.096320787121954,41.21138867310758,96.02666273627091,2.978445768674688,5,7.4105488446516485
24.693613008751655,2358.456107263708,40.73477515224879,6.441632838731796,48.56265996835771,84.12955653982995,87.28849801162218,1.6272564111317283,4,7.8366493575998835
25.007780013774266,1310.2053890551329,20.418935712820886,5.897859559590077,47.090922324687114,84.97219114253096,27.344793871489223,2.170038610484294,6,4.361446790377559
24.182218256515498,2312.222004264994,44.20885814161998,6.70337321724093,105.5408162104288,33.13897102985596,17.53136692227828,0.9351037235198436,12,6.586285689602479
24.944429607559282,1142.9914024957639,34.085265303498275,5.621366137901365,23.18847952085921,74.86658861910101,94.3495665809136,1.519072716911247,8,4.869003638379129
30.83006773416357,1452.8739726875833,69.1321562312283,6.326684919742385,27.60999889807743,47.48058788584238,59.77372873986355,4.539673519126612,8,5.995562303510402
24.71188648460229,952.0579956319995,40.23983653074593,6.5932298793273425,47.39148706299037,83.8143545422761,60.71621496769116,4.908612858961228,15,7.08615082942528
27.189756302937614,1780.952084351688,69.65142163722902,6.372093948237158,39.98729746494436,48.75932044764291,81.3610296350544,3.414468135381326,11,8.111774832892175
32.44875310969454,2457.962230349618,20.035876330087717,6.997344350501981,43.18596138828484,70.82277880030246,41.74856277906275,4.625704814105391,4,3.9008961470292163
24.23271935735826,1706.9861920867572,38.469149001567146,7.155849909090625,99.79431892533,50.02255568728484,55.962143351060185,3.392338551806413,1,7.2019958042542624
32.14468482588936,1215.6281682270978,34.46991285846572,7.042486148066356,76.3126593892047,32.08505667846421,97.3363476174727,0.6493841874746145,13,6.412061146856186
26.818547747733998,1795.6348919810569,34.01404166411666,5.577625895623604,20.5770661292968,29.95125967085147,72.13263838925461,4.985431632438841,16,3.706011558888256
25.181648276216563,745.8413569307752,24.09119718592776,5.888257540891944,62.932276570419525,46.90733956922592,28.068327719641804,0.9452853575894071,14,4.150373549844554
30.967371653641507,2277.3181605307973,31.227456224630103,6.573215018527549,60.78849268503589,71.66209927606613,26.32427357867003,3.571888106502773,14,5.934586874220192
30.28942846779884,1506.1679015596728,53.33297419313719,7.3696440808876025,31.394526944454352,60.38036138855751,32.36250445830546,1.6377629138365553,7,4.213865719652359
32.77472013527053,1398.699484079284,37.48166437026467,7.1699135501042335,87.61417886014571,66.64719674254074,80.17049232576099,2.2639150080813204,6,7.503709425787216
31.35071043803886,1671.7295769070383,45.04368693974888,7.185069016703603,90.20971883794911,36.174476304895684,40.107045326452365,3.406703831604222,5,6.074068719286301
32.03480930384848,1749.5677255788048,42.61201282083131,6.106416387519349,92.08932190520977,51.107650946820414,16.81805196738178,2.4641930718846816,4,6.201049041429732
26.820345725713064,643.5516124530261,72.55429549999369,6.358895794157405,92.8470945558592,18.329644872699525,95.25482089798126,1.6274572651900772,6,10.142572891332161
25.774395437797228,1865.234442446805,74.31793994063094,6.441411894631875,20.00528269322968,76.31493119685905,29.425640393567406,2.0050078409524614,8,6.090409115216901
31.506147516408582,983.8633606310591,49.577418299351606,5.814743166699821,115.39208038467221,89.24191216799059,15.812445822585829,2.0369665261542935,6,7.92870720028025
32.06834739267264,1927.9052650131796,39.80935701893627,5.562136260488913,101.4208767054663,45.51592969685032,35.156186202582454,4.816957570286962,3,6.363261812420749
33.905051420006735,2145.0695887683933,26.408042240141818,7.393805798921034,110.39816965892852,15.82227398486575,34.97744690504136,4.093758571655529,9,4.480076072789002
28.126176769114267,2107.9170151050403,77.20417276292571,5.981425171327014,21.564329530743414,27.734447966321053,50.87044632188646,2.5634694716573003,3,5.581095142154514
27.720180857927833,1605.0019348157782,23.613616694017846,5.979897807447262,113.38587957857393,63.93951583128141,93.23313567750313,1.3991941415361384,4,10.268238893045025
31.764129607419967,1540.3397846215023,37.85901665409683,5.666758107537519,100.97885286881046,60.90594886528944,89.73071801122332,4.149572496181952,13,8.252541321306168
27.408035402530178,785.7519226788235,37.88397207020025,7.357015503887557,103.72191429586987,74.0898539689158,53.83603717350638,1.2073211222376807,5,9.124454167277822
33.307573256035646,2050.6923008062713,39.22407716841289,6.659474229879544,29.328738472196854,34.04130082208012,49.926491924303555,1.4470799771390155,11,2.9083804066665544
32.58412751843012,1042.8187608934286,29.857210596344558,6.8340737142507075,93.87780289185977,72.27239366603506,62.17577235036236,2.14706026328068,2,7.5656243072964315
28.289940273750183,1493.3908456358931,66.98968585542184,7.323153774526105,115.9916689642091,66.59880161427523,35.693591017600085,4.4615668813339555,11,10.46283217096376
31.508710677914973,1068.5481858550334,27.349871717959353,6.191240337801579,87.85473414181607,39.21108732853825,19.435724317140842,1.0930400088534962,16,5.20942021032076
31.545428740846823,767.6567259993863,58.09439954918977,6.743014622276168,77.05614046246065,55.91161110427215,94.83405157455257,1.0500538678453673,10,8.92831721151693
25.031238688359327,1759.115393783473,27.430761602349047,5.577598909457775,114.5629677748997,26.045535637374506,30.869413714559684,2.722887447373697,15,6.292217645216029
33.02552906679567,608.6640696458077,24.232138255577393,5.873545056462259,64.2937121734436,48.942337757668696,31.864061985885893,1.743847434921536,11,3.7530918336306485
29.052523724478572,1997.2904682524,74.56577022115259,7.162491610179885,79.92935663104787,81.08980046667307,55.15912795258555,3.059275737416719,10,9.670708160987818
32.26457466107742,1135.1735905222333,31.40772597912234,7.033536712676671,67.63382934943661,46.58935348690431,56.78713431142811,2.5323650810745058,2,5.309155675377072
27.200496010306118,500.2693860089706,69.27500927358226,6.2012853829142935,113.28462213602991,77.96750298565665,16.566907824563064,2.4573159785804757,6,10.443260480293809
32.95523228496201,1522.2582784744595,52.67785226642815,6.253621255548425,27.608472676550726,59.26900239447708,27.576152795787507,1.0038783671914697,15,3.9361760423259495
27.892016787341632,593.7038170552063,24.67139117652618,6.567108867107159,70.11197008253481,29.390753482676757,47.14315957766305,1.1347236061242807,14,6.5847154538388635
24.108376514802984,1052.3391156417988,77.32689148628404,5.500482009370269,88.69524413854383,58.58296835234223,73.11710894839581,4.194853598510825,2,8.129036564066894
33.05381976419264,1913.9529749114324,34.81767001951355,5.982488672076055,99.1906538422237,52.948749686779756,34.41556883071455,4.48647231907285,10,6.116678685262514
24.912866767861335,625.3792432437317,71.57872072115639,5.916463617216429,78.30186474441363,44.8981001397288,50.95622793054982,1.556075897983626,1,7.398703861662968
27.19313637590415,2178.676984712005,30.12860034707385,6.000965893499527,110.8917744121454,23.972282963705275,62.37433050089968,1.0105722568614608,8,8.226655427209707
33.50061967050805,507.6398453171662,71.23657292851118,7.111811685066883,114.19914468838716,46.25314978854224,90.53036204297982,0.7403750237052977,10,9.506097501839829
33.50607146937556,993.6477384038045,20.79372877431764,6.059347713092887,26.43192231935835,20.457178217972032,42.71599269780548,3.2373392618385357,16,1.5
29.73437888123286,1981.808112304143,50.70682739416884,5.883042644100296,60.23705395413744,22.407678854906344,26.3524525983961,3.719089456250925,14,4.988036059729657
30.31837212169799,1132.5402994586136,66.1665547652934,6.508526921586063,22.345902172115444,46.1937399699537,56.5881392012967,2.177644951414425,10,5.946764266433037
28.484455219783197,703.784776132027,76.087731049567,7.231290072745464,52.94166573744429,37.90361114763478,78.47133614314528,3.558541403707878,13,7.890681938846932
26.932107716980646,1220.4678376008558,74.55212817238922,5.982699407675,73.68682179706022,84.41582443966676,24.338079349482342,3.7083146700178675,1,8.567106827399112
27.28664545369916,1040.786572769051,69.17749217285869,5.657072485585598,111.07949305099488,43.177935403520294,51.098096794241634,4.709040266286074,10,9.272445929605158
30.725184560770384,2185.42380432111,73.29148097967825,6.212809471699329,104.65543224654029,71.83935915540751,16.51173700731109,0.7919313702579827,14,9.31107812134546
31.523745294376802,1126.6958351702863,31.95318115022459,6.995303649129956,32.74997266719858,54.7685644774682,17.852530440016345,1.3653127545398591,6,3.0610013159838436
31.915790437258487,2077.8649435520147,37.051057742703726,6.601381089389589,29.30303747408957,67.80642514817515,56.05103587341657,0.8083669441864466,12,4.928280122585913
31.89618142794554,2283.7442896214698,37.33811149526351,7.133586739148695,78.92673387566671,34.50869872615494,40.346770342829004,4.405972700012498,14,5.096444397344131
24.912061030486903,1367.6348391530591,42.62323586010193,7.419184295218468,73.21179724587827,85.64287296287468,86.83412041546003,4.066642220151058,16,7.995552392197224
28.944203047025816,2319.886287708784,43.59924022311132,7.085324953503234,46.637764143002386,54.7566372685818,66.18311602074861,3.0858893177982756,1,6.435881935595655
24.575587600166443,1254.6361079263856,52.67331947928053,6.707606157687507,109.94530845538353,77.34930534639372,53.58430174815418,0.8764853452303243,8,10.103893847108246
29.495288823237356,2428.1568329802167,29.592785801986484,6.486683176104761,112.73664094615535,42.378427010708506,49.67450653961519,1.7299056139417384,14,9.148949972069378
28.41530501373377,678.5790490511458,61.47479982715936,5.580138172696533,60.261143834016266,22.51585117878934,57.26586581611288,1.8397393162633262,5,6.463512156739045
32.877041827583,1874.0385330064855,30.05399235827039,7.468643957628083,109.03025571135203,65.52837357906367,18.437300653076214,3.023344382069377,3,5.882520156518774
27.509150125520787,1487.6280809138575,38.61850892627285,6.266962245150085,58.39488942629726,15.581973625306837,90.88743529575609,1.6611975231652196,5,6.919145401763389
25.170670164276057,1275.2976109112942,50.20070783636925,5.804456427833734,93.68168318297002,50.64697324241312,99.85576823738646,0.8283193876082968,15,9.13159647976617
25.42991682052836,1765.423757497202,67.78643369140863,6.833417710792913,67.5942217547724,29.460142699984445,30.426405612989385,3.788430358339847,16,6.416053940453139
31.61510631717472,1907.7141832686623,64.36815399432363,6.0685765781909184,32.2583156507183,62.05316283265216,25.232552005842678,1.845860952449351,13,4.803999437138868
30.18218063316261,508.7265393006182,58.732061384631336,6.6715565418620955,112.79342012370215,88.45649048533892,27.204084393130593,2.535683796604853,1,10.402455064888217
25.011226761227903,833.9061774943974,29.346395634810207,6.673535815689182,65.40965933775365,49.830217974048445,71.1872999499212,1.0744998574203741,1,6.6869656991337765
24.841068061149976,1926.0921012686374,52.82272073693466,6.391459641805739,93.44870403224036,76.312369239425,71.22247126831584,4.111467365275608,12,10.190135903922668
31.0096913145912,1832.770827156413,25.246790107993128,7.172237231090085,56.71738144312921,53.08381402133408,87.07355379366493,3.0448934461582593,14,5.826801487961758
24.727630063641936,2432.0950102573543,42.641790607799045,6.029934123110886,21.888087857623468,52.18800233280181,78.90524301623154,4.5571353179443825,4,4.8592771949116385
32.21860059290356,2022.075580501566,44.81099181739755,6.3972651832354686,30.05303586918359,84.78176198840833,53.22362223639388,2.729622033794,9,5.523062059051325
31.062422271564962,2401.545415462676,22.38868636674523,6.575384257181943,69.62194794899244,81.7474401560011,67.0927057330521,4.736415523180459,14,7.622400171975277
24.813487806418998,1905.0810030696139,36.439285968198305,6.827249441534599,88.99643571263624,73.93503488909809,73.50419698128067,4.513406919715967,9,8.705989124271678
24.84837714085192,1096.1044172788863,77.33896803598935,7.067943701011179,53.473532657927905,37.21918149875881,58.58259997424414,3.0940693540665527,1,6.583388014920357
33.866395785011754,710.7298445017129,77.21795646978137,6.289614565756512,89.54884591776504,55.87563117929554,55.43033367838912,4.702520471674385,3,8.49359007639659
27.7427079575612,2063.647726689871,41.13962325515236,6.792093888193192,89.8635589431956,31.792292497926375,69.83328287962553,1.9538993628254853,13,8.513831083973063
27.706421470668907,1788.298442951832,22.586006536899443,5.801221906137038,90.39359073278308,48.29375235349048,62.38533666293057,2.145389732168951,12,7.50481077483065
32.127995672575025,596.3720247865924,30.745696359690893,7.365296201084957,69.25218540205084,51.315979931984295,69.73509595355239,0.7046507808771663,16,5.406683843302356
33.472485773838585,1220.1009318019567,43.53306760601241,6.266117612842007,111.4886150121504,77.37300301269983,67.09265578688593,3.151404080437339,4,9.2420263565858
33.86001063822871,2413.5996309685725,76.86678187815379,6.959042843952877,68.91965179806155,82.20212739937448,76.13170764366065,3.7486578646802,2,8.265014823293724
31.533781852589417,1500.8022914204025,28.471943812231096,5.540682163764355,65.02651934966381,46.096504679735844,69.63829824654447,3.980836356089464,7,5.202622167848194
27.762595855309158,1365.4582720394092,65.81095062009274,5.910374285809614,39.9380819010627,16.32783338049279,59.17811134716772,1.1741732872074648,3,5.815866751879797
24.83500716698669,1415.3992103185878,26.520952362481523,6.4741650886471565,50.76550873563365,79.6330379842016,72.95272895917284,2.4987158254062516,1,6.700850265924304
31.771469159274368,917.7654480103274,78.87545464347662,7.256504935464693,24.233449251830336,28.07090088760205,53.20596704076139,1.2958844544226205,1,4.207870869755174
29.58404249735805,1237.4143417295904,42.8969899465481,6.554510299901354,83.35352936161702,61.64114729177951,35.542054207671086,3.4795730698441196,3,8.07209262071399
28.242220092469765,1239.6265119743532,66.51407233394336,7.359740964587758,44.85357439270929,16.87281753255984,15.120548711382813,1.2107586758979565,6,4.557972674495669
33.06354385094736,604.7100403749448,40.555464968667906,6.467593793165593,50.41552544854651,44.96298564454232,62.59695250739667,4.568736577802337,4,5.2916558214716805
25.111974823061512,2035.1352570358365,57.66013262952852,6.4808981934719,97.08145216643211,88.94702265865124,65.2056942617345,1.53785590547636,1,10.550193671953254
28.92625104290859,1333.008863807758,31.520965084402203,5.739493577001063,52.72211831614539,22.552020082785234,97.62416200593572,1.8113101982971018,7,5.979729294424588
24.11353644767419,2144.3597736328466,28.761261157817753,7.10531248830444,44.21958920131422,46.77698639997317,45.72565839801342,4.329078449679498,2,3.678282431150013
28.686606419941263,2200.6960022397907,76.28384837408788,5.993930824934125,36.90577491337058,38.036246264246415,48.5013256404065,2.563104245655757,12,6.413276312219064
24.563032756818373,923.9881093973161,75.058836674266,7.29922497874463,97.48584021819559,82.88160925411982,32.15296441408617,0.6079817561003287,5,8.72358851558849
25.18817916268072,1814.7069643402572,73.24813641277294,7.321648440660792,32.97062579900269,80.20050809305164,20.995415095172362,2.725638130411906,16,5.196594445640835
25.17526246777105,1444.5636083259633,57.52600700999561,7.3866202237483,65.37537602503535,32.827407022967165,80.68838189324795,0.8804450092105537,8,6.643957168604426
30.492103021160638,2260.31347584297,68.49609267297669,6.54046097820618,70.69301160771944,21.089084028782338,36.22289046884263,4.934051234092898,7,6.965423997136133
31.460448792654233,931.4813583529083,24.142216214682495,6.854187569567289,88.73899126857145,62.03537955458381,66.75691318755322,3.1465020670502106,11,7.689458993692672
29.833687650971598,1855.6264006200884,40.087342513440746,7.057031760123327,83.32834823329955,40.22765339127823,73.46070802136593,1.654396779249403,12,7.635644936700072
33.62172548474542,1715.504244505445,38.822187485429374,5.762029237300931,101.07206729451748,65.40632929545473,55.055118419790055,3.03672955796428,8,6.782059337104322
27.74870579523704,1090.6029551436654,58.1387193171568,6.701914389994995,24.475143392623814,17.408981705086084,89.48992960731128,0.8459019652178967,13,6.7534853210211665
26.857120862818608,773.2018073023453,41.35746640823843,5.568595802606623,49.644072477939716,25.004942638311704,52.72256148327695,4.099510869209677,10,4.67611340956871
32.6859912818946,1803.2795209545532,28.91040689862085,6.495132166777452,48.013411877537976,66.47791745794825,39.217232958550035,4.6639762423887365,14,4.994761837758941
26.235958385194525,1977.1949162646613,55.78802452481262,5.809685363240455,34.60169055921082,30.92779914768733,91.1613194517379,4.434999746927717,16,5.972005913354668
33.63222539440611,1131.2546875266999,68.86303524014488,5.86584585192417,48.91782538564431,79.31907568218011,88.2329641612463,2.037909210343533,11,7.116304148709274
24.121544746898163,1789.6652080446277,42.92740966759839,6.230095133385203,50.97653141429034,19.394316578260156,28.943395501495104,1.9659565383951583,6,3.840163026351051
33.69878826707639,1290.2618152230066,27.936122905908903,6.364874333433006,72.18844619274782,31.1611487089181,17.20668656008328,0.65789425047335,16,3.5303857925463324
24.431599119505762,1926.4137665652354,31.801291838769384,6.746344849064375,86.3704478926256,89.89201863638014,22.64877228971776,3.4313016141541253,7,7.225049527304947
32.91143113698071,898.4305497881062,34.24899831016304,5.648856836877031,58.110051361181405,47.480707694009446,39.35652887707445,2.907071528854077,9,3.440563202543835
29.277011090863,2280.430005272349,37.99385557967217,6.507383522474889,91.94702313133811,67.72242476584827,97.6420831480454,2.567058670973036,6,10.530006471651188
33.929647961193005,1074.8191929311595,58.567704230378546,5.865250260506202,53.616533857958,28.699728664276027,62.473873018670126,4.584339290006182,9,4.325916500399034
24.737965647353988,1235.571975512306,56.05672907226314,6.647950350063484,49.02836773147604,60.74015512391533,46.72724722248785,1.2554550548728085,15,6.444590881580099
29.538542844013207,616.1839041606995,61.76479169402235,6.774809224522367,74.11880558570243,69.45795512770638,90.54086804208345,0.5434982001058205,16,9.998984604851612
33.69302535619099,723.0244246425527,41.75011907189079,6.6134185131057075,22.37163603057906,38.58574768998829,53.51658817567247,0.8299240345434444,13,3.1764906118542298
29.230978441701488,1531.7238054246563,69.4398591127987,6.976591020956615,27.978912363400035,77.16728339819083,41.795283414086796,1.50517147022316,12,6.581233564847125
30.293986381352624,1035.185353455943,32.245259669345614,6.171218488481802,61.796954358652705,60.256318385421245,95.00365994338088,0.6497849716855563,2,7.535666833484217
30.957486889846173,2170.9604514843886,48.14244485108924,7.0302131832662615,114.29127113917565,44.18422572112726,87.20900162637763,2.76279669789411,13,9.564593117186885
28.545410647677734,529.3867773099076,68.05632329248581,6.365534163416387,92.15117798434237,56.82317950073689,86.71181191065249,1.9134070485511012,2,11.354057983499892
30.275580800840636,1258.1880973438724,30.809518863957155,6.468368996645194,28.812656950055775,58.25706355769432,58.544203159268115,1.312173536306597,14,5.379551279795645
29.843143119231,1174.6910935381852,26.591786824446977,6.796204254522143,104.63180127808737,27.41514695203995,82.10226389931367,3.8753783372689794,2,8.227202768153258
33.01158010490989,538.655261835202,73.02103806127938,5.536716767998448,93.2300770608181,45.20492774002246,30.24503553748691,1.4200309680463852,6,6.16664823897418
24.45446380341458,748.7367980010205,40.57577976555176,6.807988442840497,81.09465257026531,40.75729410146198,63.72395139228071,3.5942229544720696,2,6.822970633571996
26.8096318959223,1327.2853498372706,61.03220749454192,6.737170298144231,102.02929606091773,45.06770419343445,98.62690344204138,2.071692076314375,3,11.17846978034925
33.50411484076559,1485.7291688948933,21.52091625583631,6.11969423350656,60.41098477429571,72.08329413639434,39.73146659402674,2.8032249229814954,13,4.64595672934193
32.902637838909165,1308.5794945097382,61.402813304566976,5.671588569798979,42.15010508538528,51.19038056000045,82.51994798605239,4.702401679330939,8,5.232548579908155
28.55656752785713,1561.8753568241877,38.96607869281823,5.681870899826082,71.20233891087594,85.52371149294483,56.690664612685715,0.6680823566711578,8,7.981467118082163
30.20132597801537,1690.263349811363,23.344451215246504,7.346447493970457,74.88417555934738,37.02573100188272,18.38348307387742,2.7511902836485786,11,4.465226316659214
26.773811829811326,519.8476422556713,56.58876569288702,6.878558642451674,73.8326372009912,46.17776837136967,79.85664881433173,4.344903321474282,12,8.740198493169151
25.881211597237613,1428.1903189070076,34.448228964390395,5.754205227541481,76.50737914801053,74.02176078592811,29.328377273329586,3.145884117666568,16,6.550820230746103
28.63698404939982,2426.9984817751765,43.2084345231128,6.213446338617812,114.87049182391807,55.95184449905627,68.67525320628377,1.7459173263432048,4,10.675859776959872
27.533522280260527,1538.0645602590973,24.834848737190818,6.684965987803193,110.22456230962314,56.02711098183358,22.281456493992696,2.2895651081526545,9,8.253309213708814
29.83656111850872,1855.0845349179065,28.82979506569672,7.171143410181298,107.57170365589394,19.000512225388764,95.483728787157,3.5611953292785854,8,8.196467439598944
24.777346369649848,1123.7277158337665,37.87863412975062,5.5873218574260175,100.14168109086272,44.89497470388419,39.796530410330675,4.5086535244121135,1,6.41010907890235
33.74394807666167,2047.982756305525,25.385570033609426,5.973266262940018,114.34281072652854,35.30502993162993,34.249498792578564,0.6847986818597522,8,5.74713937134562
33.86210744479603,2045.8429637522302,74.64957588117892,7.27949798059076,29.849464167940326,89.95013421233365,25.976594345638418,0.8219246985066939,16,4.57961749459457
30.98161714019745,1542.592095308278,20.362822591038704,5.518331100367633,46.51232614457395,38.12663029742327,95.41018643381906,1.962731856243144,1,4.542386221621296
29.360963663441204,2452.0276465584275,49.031613131858684,5.902798205587775,69.5055945654585,81.33724010953976,75.51181810751095,1.5475085799686554,15,8.261397701497257
27.09527616286328,751.1004295253067,27.394847487953086,7.418048351945932,104.65344931234053,65.7175301280358,78.04117554103755,1.6921889880008272,4,8.705339431469856
32.137950197069486,533.895329779162,38.46074536867691,6.726803693044342,70.51657115227326,40.56873068940678,57.44938771732079,1.4957149938164642,10,5.681309168921853
30.847311725538795,2040.316423514192,75.56357358909594,6.023342733275013,94.80347393415887,55.76507837805927,55.351861747991094,1.3812127198482098,6,9.268619039848593
25.62616939344891,2114.311074729765,29.70167319643921,5.633982188791695,33.89599052489162,78.04019099618952,24.351805654275516,1.087807850911813,7,3.7421405416033706
33.10927184493843,740.4144582411525,77.94993918309996,5.556382680894444,45.24138129765602,81.2526223523184,62.5864931246393,4.702793593078571,10,6.2785891236734335
32.22537242923169,1031.1656659172122,32.3476626193653,5.9894901592738545,93.17760950376724,27.02954062546089,35.98790208424718,1.1488525875776887,13,5.243557288315129
33.49799913291924,535.1047267332578,64.49396650800978,7.262971639177821,36.4734008887724,40.46798559061272,98.05735328803449,1.4198169864449128,4,5.3166533599519985
31.2571950838836,1086.6172215611296,52.8006358938387,6.3318273085950185,55.135593465492676,40.141738516017874,82.70937990128752,1.6081957579135358,8,7.106640965356709
30.1341519593579,2046.283747837343,73.06872365580554,6.940666738331986,46.48662578135714,18.153359705695852,50.104325116395444,4.698566929086892,16,5.591877528640905
28.18243036290619,1535.9210554251579,53.23959533018785,7.336570070759915,54.98616942224785,59.86783198889224,27.864006988780307,3.9007136012048815,8,5.963114472130405
33.32728483354013,1196.1911863365763,52.07355314937852,6.316080923205633,90.83240490779703,79.1115039744141,81.75319374679664,4.053647436419816,14,9.04369100145967
32.660638895004084,1243.4785898126606,31.727480022103993,5.882554742074794,56.7847181142801,43.61807908691384,25.374570201911858,0.9714121679232413,14,3.6564584814154975
24.452186701061894,502.7072514309363,29.97376172309952,6.534235861713839,75.52633226079402,70.50269587381328,31.09336904725099,4.263394437570522,14,6.807631328779405
24.26366974497252,1099.6010551304717,74.98934906693086,7.316167374119709,29.993187705440967,62.077531020055496,32.97924400825933,2.3368688681783807,9,4.7166640896753815
27.764633668780498,1792.917483275861,39.67029193100204,7.108748828275401,100.50176932346278,43.17365516197506,62.335704253213024,1.6827036179557493,14,8.660411650230948
32.10553330781833,2448.388887632714,42.324935297773756,5.631659686726308,56.988862564812486,25.579484961922283,81.89981558918113,3.0908753758413976,6,4.955122162570096
33.872761293149445,2194.121653967799,65.5894195057033,6.885145600155163,84.85341590333424,68.19928895819754,41.71676469159884,4.199823076175303,4,7.169042627674855
25.504168911035283,547.1899292910582,40.32940894536844,6.6437950449179075,92.53896016618326,79.09238767059304,22.1969342133996,4.0039346798370925,2,7.949652964179859
29.94130715352135,2297.121209349679,77.12374679834016,7.314926352692851,40.966092211170036,66.4390869301119,54.48576939957563,4.504988671615094,15,6.440492757191619
27.808908566310215,2066.3968265972517,64.27566613992802,5.744962833700594,108.467498495335,16.340886302611356,78.58937049859452,4.676594837069498,7,9.648674281227173
33.69914397814603,2060.7522471419607,55.845754554405204,6.568072226409313,81.62242516069529,31.217467079324344,33.841426662428006,1.571549321424873,16,5.790472219220554
32.42118923135709,1415.991518007143,72.85370963268514,7.258925387023785,62.87251417514815,20.210998866264895,33.693586583346814,2.4073605237617226,10,4.782512441403925
32.38328704711138,1296.0105859090056,22.976354500968966,6.320047573483486,38.23351835782195,57.77895746821701,95.51429732447042,0.5658284264228151,3,5.061380628655596
28.6869315979497,1105.8314576663852,35.423761531352525,6.463989835465734,114.23009379012068,71.73582591303094,96.10306680513013,4.45694746669277,11,11.860308047211237
28.14819502337665,631.3897179087315,47.9021800532546,5.640921355333917,95.50682041316252,23.293439030149457,99.18958722523399,1.195574681636454,13,8.653354859504283
26.734070719307063,956.4707269873982,33.61871236829126,6.056287280897822,40.802456273324886,77.8753365445039,83.6510661338563,4.376636655542124,12,7.2219136358085425
24.563754966509272,993.2072699560492,64.63431123812911,6.149013298337895,53.77107747242245,56.66317337966124,30.995654379275372,1.9822429489396836,3,6.0809967751452
32.64722376255053,1468.1541394204032,75.15248186322351,7.390244897489774,100.96742580880732,66.74767591062937,33.018429267937215,2.156601154915122,3,7.811397153357743
32.12901009130078,1994.888813193388,45.426207195855405,6.065334721082318,89.5677663215339,87.85513864564847,43.919145529403316,0.6760951451773671,4,8.029471153277942
33.997176732861305,1447.6196567958932,40.527956006713694,6.421737470539304,96.57842927157243,21.2760741185773,42.04126516334672,1.9709545539439381,2,5.68658425556979
33.966368370739055,615.6888988943213,77.69304392825399,6.8426088471285595,64.12011022129323,82.5918017233342,96.30485867163077,4.497636572605689,16,8.791022788397541
29.554317056026274,2415.5796019764075,46.69114596965245,5.824366744815755,91.6476262642167,24.457702199055696,82.07128854494395,0.6149633050472186,13,8.129936274899096
31.689874151805107,2385.4486381882243,49.342904026956994,6.472884774283749,58.64937228639137,44.47191049775117,76.54074733373207,2.328473628710264,13,6.555798623682216
33.44765729882428,2070.3790862968167,41.09899234051432,6.977078078951815,41.12629169381964,78.85790222483357,30.806874044941203,0.6412983341573351,5,4.028453874495733
32.49647390677411,2482.655803128441,74.57290838072831,7.233710426054132,83.26770348413599,82.96906775534012,92.30967254579801,2.169155412990792,3,9.502111897158777
26.473481017431975,1588.964665600526,54.137328996911044,6.752518549324853,117.60139255987941,52.9778755158859,85.36898225802477,1.2768828835113104,10,11.177139061411378
28.505441353100935,2425.536700506412,65.73047523089868,6.838107030633896,51.06009713953296,59.557847870656886,28.909556512873515,1.6349827697076742,5,7.3454741844614
25.29159415151495,651.2100812335016,68.70840310105318,5.7525669451691375,66.09695922125397,68.1110500948918,89.04947821668266,4.449192679226385,12,8.39490284407331
33.54051027258723,1231.3614965227425,40.510942515035495,7.391552994492694,87.40013710698535,77.45690013395355,38.141040591490054,2.4622214927985095,13,5.811675290423279
30.0617463445088,950.7625360135316,46.0216598792228,5.765148154968965,74.15062821224879,24.11333771532496,21.873928395729013,1.7320909613086048,7,4.713659129816629
26.286428055034627,891.6661682685401,70.90830646437587,7.049345874363596,104.34277957090492,75.75519811719207,70.82989605370786,3.152022700777465,9,11.168119470406706
30.717006844058567,781.6058977853522,41.79532110054862,6.029632643556638,96.1742706469516,51.095711288371255,70.5733960476681,1.1394813192466207,2,8.301302302770916
30.18128240457896,1744.8272831319932,67.63610800711108,7.367186287402503,25.829720386235703,48.79675688311267,23.069220813077536,1.6672622333938514,9,3.9138559443410905
27.581627180328404,2062.64371149461,76.45953935446622,6.939919078738959,119.8421233923774,46.79248139977487,42.1024037596095,2.9581158542129984,10,10.882234150255366
25.135575921996292,1656.5967988407212,57.39262238408042,7.007627425956738,95.24024537194673,53.19086889345319,99.38922929172078,1.5688536883163098,6,9.82334471364373
30.715731955927996,793.9254191764194,64.49763724711333,5.938118346119767,106.39033162941132,85.87879150459527,72.66626669574264,3.5560748183039297,12,10.778763064701106
29.203077009037933,2122.247539866942,68.3058387224681,6.386079953270322,85.11977120953463,56.11528295941137,77.05638916128298,2.7117108601678512,6,10.728444031320159
31.723183917356394,1771.909414327457,70.70237893379854,6.735626389178573,105.62851280467623,86.48831536973545,33.09796927636599,3.973950816146109,11,9.922486569518947
29.201635011119933,1276.331412253991,43.70320027140776,7.039947236413202,31.23829749287094,28.521759796173043,21.69647603533272,4.767100410751109,3,3.456228287001892
32.5218150031854,1848.2605910721259,23.07580755055989,5.70791875182478,54.77378355593156,69.31019841244748,38.5366436279797,1.021122002063335,14,3.816075356866206
29.519068387744856,1019.8099584856657,44.11257627420437,7.424730632909057,107.64209436044928,75.91796539565604,36.15636274142132,2.005992544930452,10,8.45520046577891
29.609379715353864,1190.384416988421,60.42537378704539,7.280441341109112,40.16552112668923,65.93466235011465,34.93624856358451,1.9379707829528297,13,5.411728898727562
32.76653602658345,2334.9716862639807,47.02102314684757,6.0406971809911685,27.824209858002273,60.519171016990526,31.384117360398363,1.1803231370176441,9,3.439561062072793
28.03482866212397,1081.0090113428407,64.93778905162392,7.1455204860646635,98.8118939945219,57.36095858146367,63.85423370570937,4.146364118000619,4,10.309870052390997
25.340152284506406,1439.976536315873,41.41894576811983,6.536647846079647,103.54861556432962,79.5697861934022,42.88879544655485,3.919454168174555,5,9.297030662729593
24.28782676313339,2280.282274792029,58.084648466241774,6.423612963124038,36.26522181899006,76.6234947873375,84.72932627904008,2.6799146187547955,3,7.256674803087297
31.55137255673619,1915.4427005350549,31.185188291238475,6.128868211622811,105.43459827827155,24.171654088544962,30.63553051702764,2.919968500075743,5,6.413498050414169
30.20309551353465,624.4064523294055,64.96216619869742,6.661937173263185,88.67677955971696,78.64407427731587,54.493301023826284,0.7679486210112332,8,9.688330446166198
31.040797680992235,794.6060885579407,52.74175812878155,6.959778235407196,72.00826832165839,46.055146458033185,16.1609160962168,2.999783085471705,8,5.3604064358824
26.129641615089106,515.6831815438336,32.24386331279604,6.321865809925517,103.0250192781385,34.027262249685805,55.942997408691326,4.0610368580883645,14,7.951833355546891
25.363714755867697,1761.8435804583269,37.51467040986844,6.758438386016584,61.92492493189658,80.23264260104445,19.746248774500323,3.0822240811273574,8,5.922963220009467
24.145446656678818,1395.3468508208366,64.91652251490994,6.898625842310608,39.399395622339725,47.40185997253062,98.10649850917471,1.6938786655418852,6,6.850055244985848
27.50587558806597,768.5497018045511,48.95607413969124,6.922243634030572,48.485267661061364,75.62735176326126,82.2003309352851,3.5039672255045176,15,8.232215938710201
29.89917686854633,2415.868242113541,32.96188642358433,5.6039321962623605,70.51640182933147,34.75527089668834,56.65947551409871,2.1266979348436146,15,5.450012430954991
27.92244045099732,1559.3194478912399,78.03627142221785,7.219495611370133,73.13307926731758,15.294699106666336,22.359925445244773,2.9519297792858086,1,6.970416446701871
28.37474922023729,983.7865882257784,62.907501189013274,6.416506629530096,100.55808264412336,52.15943946772083,65.35786246718521,2.6940441347551616,16,10.690883264839691
33.041586944937485,1501.207142309415,77.42808995238777,6.024832163392428,99.13527236523345,22.517119248216318,79.4949188096596,2.2152875043433102,11,8.501125236968955
27.482554670233004,1859.2406654702156,45.62630272162059,5.983529014959363,78.13665572045748,71.57819666436822,31.21096650540335,3.7349509117736077,10,8.060573600393571
29.139894891598107,652.4784359471289,48.506020441503225,6.466028225687901,98.07854833654764,35.70563520520578,63.29770896693672,4.477442503936468,16,9.239003566842346
31.83653012741143,1049.407630095784,73.87731297110115,7.273663078937918,39.1773458293671,48.27342349526091,84.20792636254377,0.5234563331461622,12,6.303847065008538
27.9654278232127,2113.9309817679873,51.50296041472308,6.256695163365293,25.006452709329434,21.527517381866566,80.30106109993689,4.7012743365366525,6,5.950239593963171
30.220867002278734,1419.3297408053224,62.43673471434003,6.999451493567086,107.36338226347002,36.49944363354395,83.254321518708,2.8018181123745123,16,9.959342134378655
32.62363708746745,1593.1542840645898,35.1303726497318,5.693637461974437,27.555449376276957,73.61176824439289,89.74249111392618,3.6532934616346933,12,4.388893135390928
33.49520623657642,1365.6320044189385,46.80358812215843,6.452113404302123,44.66884297439973,26.36909339267396,94.70297868355497,4.350310547791447,11,5.221008610947004
25.47073480929038,587.7998852860103,27.406991948621307,7.4833722807854715,89.53189496243846,63.536967084521805,49.469298192300556,2.6019666154142147,10,6.41760772967326
33.26587625161494,831.4995596403119,32.3588021526177,7.040875605584674,60.94479376273091,83.80693896033759,63.34537371444457,4.257383330142006,7,5.705158524102766
28.921162930795383,1391.0832774837818,20.056604916057864,5.921056976881226,107.63139699155089,65.98775698182902,82.20605971387693,1.29928918754841,14,9.31526247368024
26.582443882989583,918.3709308158557,22.355903098919615,6.502882947395822,49.797979466226955,75.826626696917,74.25688418539157,1.216253905159165,9,7.28236456847242
28.591357562382612,599.9580573193575,78.63702939061577,5.967249527297133,21.18713466693593,23.172872197793687,99.6192194024722,3.458621159852691,12,6.960933952747496
33.800325752854775,2187.2993281036474,34.54122170820574,6.319121854525019,50.06556405607441,33.804886950154085,16.162600343894752,4.415643524982817,8,2.731355083814142
28.926180939928695,2462.385058328232,59.79864257024012,7.060168047469929,77.80750491848318,82.09041391804433,45.18632330184221,4.515917798912177,11,8.766319421560526
27.28751610287508,2086.285747993479,70.3459819279767,7.0424496305808075,57.59383754032933,68.6329210213567,38.887373732967205,3.3968320626976096,12,7.767744985530237
30.334008543167258,2207.5698434093338,53.039627554193856,5.956200755804771,73.48727557587553,62.966536978298336,37.296847264070436,2.864701535941929,8,6.939176332701853
26.401456187781932,983.9542606340908,29.188670005037373,7.34444663630972,107.65981188350187,64.78250520912749,33.91503151240529,1.9912688946343229,15,7.465275191361355
24.758633281086638,2421.2539510263996,63.686986240169986,6.685136365529654,111.24850542303685,46.06504157284826,75.27552646929448,4.910001870196991,7,9.933918004126554
25.288797219106492,893.8514089068567,56.015084605974984,6.259848581924029,46.59740646541121,18.34174737132399,22.204555228402356,1.938630589998127,2,4.352576263463151
25.280458389577724,2402.8596207236646,63.8750353608425,6.5038711615617215,66.21404732699007,73.83311565530468,78.03675088518375,3.8488374825421694,1,9.242870534496806
25.519026935122945,2489.6385879319023,66.18479737142523,6.710142506875488,74.91440152414512,65.90349271615153,73.94119657138324,2.8939180995725033,15,9.425791474311454
25.3882717264941,1923.4456114920974,78.5246220610847,6.619781063691571,114.9112456888247,50.460334808454355,36.31835126257619,3.2383055413640602,2,10.048435430266982
30.408747448032145,2462.287463583644,54.4137968016026,6.472810071072356,119.86173191643847,82.48197115261931,36.4908715690387,2.270662477648818,15,10.653227343674263
25.818800843991447,1639.0795591342073,40.498466761436106,6.5098656081788,43.54072488415267,40.21197487388241,68.45314975428269,4.841704064625115,6,6.441586661937221
27.45667283323863,1019.0835663521807,58.907873414014226,5.852823820855773,92.69798713458154,37.07413081734269,79.78454396611262,3.07257046744672,13,9.16793797380774
32.967884099060115,1373.9917713312416,24.106442554557567,7.125465808609359,57.80310622331952,80.4597243809582,89.50127711242607,4.720044337064555,2,5.992410717797304
28.739616402628723,1687.121870757572,73.84383909929518,6.583520639882031,20.810819688621322,74.7740741069239,87.43186292763043,0.5341613727826136,10,8.25696854114116
30.67557738521027,646.16312405403,27.162860680291807,5.762159723409406,20.925252243590236,53.62348579862586,97.01505450392752,3.0770176243600442,4,4.272677752580638
25.7231987120163,1744.6865292344921,39.670570273149096,7.032314203165556,66.05660075622558,24.805105459338748,64.41771610360345,3.7273410037637213,15,6.089242323146846
25.922890188086708,2462.3556735245893,68.94472283756726,7.364887956754702,68.83349130043347,31.130360359878935,92.23572271393057,3.8528607702299813,10,7.797926034736851
24.40868616266479,880.2152995674553,55.83874269984271,7.394613798473924,22.256969657344264,64.2170992806605,83.72362822713491,4.572395968017566,3,5.026225609185457
25.689350630721645,2085.190232576767,43.618131216646525,6.238035464822346,88.69274167743025,43.878092838030874,91.04674806669115,0.5198072405170382,6,8.655453573933778
26.785903390319586,2315.7975875592388,48.40613956250128,5.771033747121508,49.400338859495314,77.73548937494783,15.988261109256165,0.501485716667644,12,5.692698225027279
25.770104842767466,2387.4031856404417,71.27284359213081,6.53679925326613,75.98931015359494,86.24662569991531,97.10175430859393,2.625185573578469,12,11.37728700072712
24.887025337570556,2420.2712088108947,40.40026316359353,5.725218458698441,50.09190731654188,75.42276939561887,55.250063841950656,0.6318216725241679,13,5.805850271698086
25.206358711006008,1542.919277442944,72.17898108873028,7.367974837025234,36.713431486930716,43.31590672466679,82.84555411386165,4.8853964914806856,14,6.188505856357077
28.607787680327256,2454.6158159830075,25.28806585860149,5.867159254710292,60.71737385988753,74.15148219235681,25.812350143711374,1.4992932854362637,8,5.684507270715708
26.063337184057925,2014.6204142688778,66.60790623251785,6.005531719902328,43.22733647905008,41.358125510301264,48.6549931441878,2.6269912821418013,11,6.056677598943502
27.642698610480753,823.3428724739238,70.85285798328418,6.313273053769941,73.4800976919168,27.532506582422542,38.07415635678423,0.7751193350550063,6,8.153445861022115
29.034172708548567,1453.80021293594,30.909059170240326,6.266328937118251,39.882853028648,17.504490364939304,39.79099549257965,2.849217872770663,2,3.9160273784621964
30.903948286293655,1936.6623507440079,45.82079194233202,7.089325784795778,70.8405976644627,43.9287534570765,25.47672769582495,2.209802563163338,5,5.243266065070062
24.39312139841099,994.6806316381667,29.929986479819338,6.412633641101925,35.737851486886754,82.76694777729614,83.4899257661556,0.7009701299475068,11,6.531220859119463
31.994103989090426,1781.2303670977747,62.39624773965306,5.841536520006674,87.09747094857849,32.92399408167574,15.785596739391643,2.0080592001330113,13,5.858081232521698
30.279003894909078,1833.2009580932386,52.120866083699404,6.034419790972148,95.39376844414241,30.4884873697338,41.56296384374221,2.2614620910028504,6,7.173807275410757
24.81759031948872,825.3994876171319,58.119400802499264,6.518226770375044,31.039423424993377,87.73655889307803,29.824896173395278,4.95464671073723,9,6.222540046467136
32.73578624106777,1630.1706249055126,31.78921801737267,5.794907834852269,66.78024120373392,16.875308463794408,65.06830995170894,1.4354864236371896,6,4.131232099071042
33.20872400531813,2043.2538219572155,32.70475172314517,6.723311351292028,27.087170065487356,73.93366127953158,36.611454222236226,2.9515082691654486,10,3.6775967513789865
24.61077959854864,1497.7913290718839,22.48983953059438,6.631494613102292,79.81824455420025,39.102746680565275,37.01486863488847,4.942919971393829,5,5.525925989648328
26.768776481472038,524.2062335522148,39.32405211174378,6.929404632764515,46.44042979296454,17.81159676522445,56.50874223960209,4.064086435730609,1,5.084774912176952
32.06201279793061,518.0769381585843,53.5846796800205,7.375409230758735,72.7624456838708,83.83519051571878,70.47856834397868,4.9701537539694005,10,7.599577588047778
31.482596903836583,1214.0586879400244,71.47609483983973,7.324509122202311,71.74610093842912,25.47317476571877,25.310899888038907,4.857342415970762,5,5.287368394971319
25.845210193563773,2352.388136863564,60.01564684752084,7.3921512361376625,112.43543461938005,56.383446279427154,29.918473459567174,2.7029279394236942,5,8.413975302184674
26.093493233367102,957.3535592072176,46.12377940398508,5.989431194047402,74.90832225687228,35.554065557216084,36.009853290534,3.633691324417546,6,6.111550694427767
27.70472102791382,1768.7273777433743,77.18720686364827,5.763130613278709,78.29984797183157,19.88946016385183,97.76859820002664,0.9969940712351799,7,9.556552597440339
28.84522985191021,944.1517413866411,63.15471203454991,6.104553400992897,60.165312576438026,18.74418642475343,48.75796249514823,2.4851697127106083,13,6.610215947627341
30.18254771530296,1143.3399793190972,75.809912171753,7.290170345532629,114.90796031828168,23.66675241272541,65.91415770363724,4.140583440200139,13,9.268643553078379
27.689136395697723,2196.084179202968,51.65527839632994,7.444106949246977,97.71859094396096,20.352526041703506,35.531139080858125,2.774008944397145,4,6.980770884055508
28.62534716133148,1957.7228845398938,35.53425648758838,7.218649902140952,48.540529030284155,72.04185866399422,56.689059638386475,3.6621456476775434,7,6.40122613251646
31.474709381337565,690.7985546264213,23.16960118188332,5.720035442255087,104.42095857762321,51.417465171257184,21.300129822806433,3.855880984929246,5,5.882528912592738
24.36683202890598,1357.4040419728672,63.56509108903103,7.3948559961195865,63.239636018508996,40.716906851173476,17.95308240339779,1.6406111355930224,6,4.468759912734263
26.524369443440207,558.339527290529,27.278179880332047,6.346716054701572,102.8667143533594,46.37766825990054,54.84234977982412,4.440647178241544,4,8.7280343139428
31.133495858845524,1461.780293206018,38.166507696318035,5.518620581524708,102.28880682935021,84.67100516794675,48.88603943906502,2.5692009390913055,12,7.968645810387779
32.95206837687199,1824.8680234021363,51.94825447303384,6.384787481496387,38.887018676285436,83.30638595536104,26.634827173805352,1.445832966296947,8,5.236839774051814
29.116774421156663,737.0052471963031,53.86499526678486,5.592138339350935,90.1141131383577,68.67573600919326,73.44612145826237,4.394371468047996,9,9.10088050060317
29.321134852653156,1077.7698778183312,56.03499181922816,6.587755842322235,49.064296930653114,81.35117830662658,99.39679672643747,2.3801846274781413,2,9.459854910851757
25.07172011339776,1295.673251004314,29.975319820982037,6.177108054874102,49.74926699926682,38.97360206907186,48.62997980172056,3.8764059727087385,12,4.636691255907541
28.474123668234547,2339.0620493120996,42.784244289298925,6.446869867188098,49.634807688058075,43.58319945062121,68.08748405297854,2.966148824997168,11,7.426555389926575
29.32617266455023,2486.5100308459278,57.031653627018,6.726340721486234,92.55682475599482,61.028413639067104,96.85295510098129,2.2184228850552516,4,10.774379008914464
26.424705036347298,589.8225979912318,78.18913187802708,7.237602191635641,42.982604179253606,61.77194604729481,85.6804726579844,4.144443867673562,16,8.078804305101505
26.69243230949381,2022.015846990784,63.65786826198132,6.823803152943857,20.090583524609023,51.12748785092557,54.40193898072829,3.130114692400759,11,5.642917777538171
27.772841631046226,1243.4481328046863,75.35622542563746,6.368097736956361,91.52368534826331,45.0493386328465,77.68660617909315,2.257529460921643,8,11.013140965896735
24.200711977777264,1284.91637245896,65.73272349885062,7.13885570734073,37.11847438351253,88.96352337065214,25.891478421294543,0.9931904165080716,8,5.33229589135195
27.220791655831782,2008.5299466940453,55.503018133544025,7.311164275146265,30.448239530783464,76.58427195882933,58.52882771442293,4.529503911950186,15,6.449975176574247
26.114480069965445,2336.8528642908173,31.521402148180673,5.739519932864394,43.751612059406014,47.62351484160339,38.72012356029461,0.6596131340374995,9,4.0187556821293695
27.274973521779145,2401.857189005097,60.001139113550785,6.563865955105583,57.9900522322704,69.54693579296764,28.698913471173693,4.384343067656253,3,7.812367213493877
25.19762131819251,1654.2451720766417,57.40277395759443,6.069023919484888,67.59063274732007,35.21712699393446,51.233877031635465,2.1198268619741993,1,6.454513061073003
32.90527280739895,1214.2423186010055,56.148150227435984,5.594122395753895,24.457004071263082,22.51269946779974,26.136237126857225,3.377024435756326,9,1.5542260730204989
29.935924535540487,2075.098171717558,49.387152079294445,6.83709339022797,117.05733326273605,41.43232691645555,74.41373419483128,4.649898757260583,1,10.132099045505475
30.791023191444896,1002.0027665246005,51.71939623935654,7.225541554918451,91.60630534195582,45.222960009254564,53.780403744533515,1.1826797697675429,3,7.366971755619561
31.891712386073383,1628.1480576670356,40.06655162708624,5.825805308954788,52.31940653243362,16.24028434205031,60.14729376799642,3.051277140374646,3,4.151371423590522
28.984421989290574,1217.1569230497462,51.15876155853819,7.124827315247801,51.869725728539734,76.1094001226922,27.441954786793346,3.9399478806658643,9,6.2925963645456235
24.869202880874237,1813.2621474157522,31.853354340708695,7.2067914670738835,64.85425493684593,41.939505179188615,26.88059119294703,3.9091272472357583,15,4.294350383864989
29.371065418185477,980.7978257870138,68.3104638416226,7.328680885332967,82.6244822763033,58.53136243351103,64.59031199711055,2.865343615697768,1,8.649477506728186
29.868411180208792,883.1858914696516,31.146617281922467,6.030570178172105,34.637306658896776,20.547239045321696,98.72582856550294,3.311327569579061,7,5.167558765100835
31.454394741843302,2336.4781733508744,25.097977393367984,7.307906130379779,38.89298137649523,28.124762156293798,23.18129957520668,3.9088714735978005,2,1.8917404651509897
28.316595462296796,703.6073658990738,46.17476158142944,6.141325509472864,105.94345828335508,81.727029399567,39.28717142809141,4.284624369908353,7,10.086680174840492
25.27580302795564,1511.9158154698634,59.49844637036371,6.604676026911005,45.625492388907254,60.65156459121006,88.90402490572045,3.928158935941387,15,8.079458574959101
26.837759057987245,941.7055659260178,46.26300949601249,5.601014941664564,58.01949979751775,86.27130376278642,21.14312104169514,2.093022244315592,15,6.062402868884314
27.63082296398635,577.859926651335,36.605247917078515,5.587762176737487,107.12718509501171,89.90625257934877,89.45028631619086,4.985268804759799,1,10.773215062643386
30.45917241331601,572.0376365828528,53.490271033426446,6.940746425464406,86.31478293998225,42.889508649982076,59.56430858685385,2.4552621217368698,13,7.768831915017017
29.70778304668912,850.4435442116546,40.82014012473199,6.388959955955582,54.171187934168834,37.410229806245596,49.702675783746194,0.6100911624152003,10,6.1219816646792555
27.56096725897846,2233.5407090120007,75.97206140759798,6.012584750738435,88.36995457246208,79.37670413693226,41.32284796987375,2.131776282134579,10,9.992294478596724
33.8651524879298,1064.9574879540532,75.35870837621432,5.880826992049821,21.96832153814137,89.89585702780907,40.25495844086656,1.0750232955822947,8,4.643090796972713
30.05774819356887,2400.9183411505915,50.14230919832573,6.839906981718436,93.56426600113653,62.2230925674343,40.9932195082057,1.0464917707776875,10,8.435113823417925
26.372267917359945,1663.244585978387,39.673039641095514,5.50080308805068,68.70160405162395,74.63555418836418,90.20826188161664,1.7669076804810246,13,8.089625444442902
25.017824726204037,1373.2283795375322,64.22794483739835,7.111782338393708,101.31821472844612,73.63093941114559,76.52259456485677,0.7401897237976738,10,10.044211512658329
25.52859139184332,1660.1776693389093,22.202776608984,5.658499212259858,115.46376520064683,41.65047811646602,71.92645566564781,3.5983048478430337,2,8.065992960362237
26.459577283845082,1533.3967704525355,48.486140362619075,5.882979229816239,112.57885494945684,58.070278519281544,82.89367766092006,0.8329499789085728,3,10.288655299399682
25.60681373259556,2017.5525075146504,40.17940365622001,6.272472790598179,110.92650434553407,77.47927059481603,36.85474635535232,1.4148029994618028,14,9.226893914294807
25.865670240513058,1064.9921319457044,75.23215310615328,6.469717479432207,71.21699559338872,66.60854071957917,67.53363902694923,0.9180487152235373,8,9.926149090055057
26.850951686938473,1206.1007832006048,20.72018163636095,6.209990231627883,56.014211413893804,16.58728604865287,54.105630311425834,0.7842547890636398,3,4.921223992479716
25.733735952947548,2288.1886050665016,53.168892543100945,6.141424329968588,66.50353247306728,40.25292516731501,81.50753899201644,1.7048824949279375,1,7.563968887206839
32.96765424626425,2392.913026300811,64.43981486399755,7.427832024146377,88.98960033133608,25.835677244595402,41.28676939022927,3.0735453544716647,16,5.732521994356225
24.80233745661642,2285.116454972949,49.10107925144247,6.7831593624867885,108.39977768711867,32.47291590585293,69.67018243394114,4.841085004010788,9,8.700631731037697
29.245113895702545,1338.8959879146273,25.1241818097633,5.546865910734777,40.698630300011956,82.91171081184943,89.98805500447165,4.440004944573229,8,6.000789940276215
28.103968269896615,2060.7310060137634,78.34768340167413,6.360351816888627,111.8193158461703,17.766996668307613,49.18279047656894,4.4417026645039615,15,10.622703133985913
33.82378616908606,1452.6714666021976,51.080625882565876,7.25001739948794,101.5180231969889,31.48505339714428,20.662877426234225,1.2923016621694592,4,5.393263661333389
25.120389021680523,1495.0797042922045,56.85117465914068,6.102912372821336,117.88560151782346,38.21770141786736,58.86431989905239,1.6920823707401904,8,9.609003174167448
27.978555990457416,909.3602181145679,34.19658696245044,5.689112689548777,108.02517732816871,61.26630539747961,44.40766146359721,0.8437699255788756,14,8.777754335074176
33.69470433275369,1682.260606517033,49.00988510640823,7.016769543179835,47.99373296919067,55.057626756439916,72.13915734650988,4.003107529618333,5,5.085641014320748
32.6550712589398,872.2717955066959,45.74896951749931,6.7120276638721625,30.59559113440477,31.37021121400396,95.83779860363153,0.8141733566850288,3,5.121157046671899
32.1707207094928,1163.1293981343874,24.493750520119022,6.640625015653008,31.224107199158862,27.318080041736586,56.276707029731995,3.0051305186938397,16,3.297046240427966
26.5790282704494,2210.0604032398705,26.36962121284803,5.607153119214816,49.12233185782761,32.75985259470891,54.62616956322038,1.6154400754577782,1,4.470565270615628
25.70887587390066,914.1516184217105,70.24835117712647,5.780998019591035,81.41837239845393,52.689722002624165,70.63970801627411,1.5955053531293513,13,8.579088803061552
30.686432199244308,642.3165703468657,34.38919713239542,6.745098792426227,100.43203260971725,35.33833392834026,23.79728780545325,4.9582627486142234,10,6.704180253573282
33.293759891275855,638.0151852256326,31.697496289917833,5.915647682917672,109.92503069815648,86.07018762057916,36.54802605862625,3.9055091314034183,5,7.3413337017830855
29.5676289301393,2381.569041006216,50.294687075008355,6.508140159496849,82.37533843692327,49.78989160716357,93.11324266753387,4.266227112309726,11,9.85900593479521
29.716126894699,1513.8408759236693,66.12482788175078,6.589763372058787,20.56313127480537,19.40970124084778,71.94512213592013,3.073922084048057,6,5.360459314110932
26.799790936602843,1318.8241436340368,23.716791114739276,6.067014380541879,38.63167765185335,69.6949804377475,16.142743738590383,4.419564293271872,4,4.442238303855715
31.69492933191937,2121.757162015837,54.60847517829535,7.396850311082986,29.972620385336796,39.663396615674216,32.393165167516685,3.404707426248588,7,3.1095949487820236
25.870437485575234,2171.651855821032,27.1526265704344,7.18492821367115,56.332447556901,64.01166990436857,73.04116761245642,4.757781671583554,3,6.222855770259301
27.236792364042437,1164.3820662312091,22.187663049537107,6.944747015265597,70.1350993633746,35.9695777892424,79.97393221781881,1.7660236372053655,7,6.9208969985559055
28.25436438616417,1887.2361149475905,23.164637129733045,5.655987732818819,24.339717857856087,57.80578062999899,86.38806367729356,3.1789379560230278,14,5.331569289193125
29.07610378684455,2042.2456317037731,70.04984649250648,5.712260038618039,54.84779757956553,72.91143786055986,39.83502828747382,3.6055910657160144,1,7.445525286122813
26.424097324150804,1809.301373731909,27.078349017683692,6.485562691729911,37.91796746253226,84.60065563309155,94.13743068359283,2.26821787262513,7,7.598096311883326
25.148368247392035,803.1901496001988,22.709081864737517,5.821426698381972,84.70701662588739,34.58453583248078,62.000485954120855,4.4586859208182394,1,5.794375248557044
30.106200424416325,2251.766167034114,46.27399322857474,7.456530927058948,66.427236932434,40.114271324923585,74.2058169029709,4.909114233968695,13,6.192696590234377
26.88630553240256,1578.1891054720174,70.63960831652149,5.8170404680548184,69.53176469339087,49.81998152144548,65.72280333629217,2.7219627111769773,11,8.381231528022123
29.812382214226123,1064.9448527400073,35.74450258935812,6.474935670927948,62.76917880334611,84.53811283019917,25.43290464734274,2.257882946619526,1,6.954799350583367
25.543627152742022,1350.4563708753878,45.302757051554984,6.228242113683011,115.6019710486567,82.60401426079929,96.86474604771479,2.623720678504064,2,11.748594496909286
28.811401018548175,575.1421807978147,22.395351953825074,6.778772842908196,41.47351251215632,21.740871007547852,25.444424291002974,4.337315355793692,2,3.8407748871876124
29.325894325515858,755.7336024448351,46.944710848092555,5.758072817778849,71.66642598438743,24.894736931535814,36.6649662949506,3.4046079148317543,4,5.532799886057029
24.518235368224268,2031.0935010317216,54.65678483822802,6.360632856084782,93.60173683653359,52.163188299797866,84.15836981895332,0.7014756763314278,13,9.32641613014629
27.366042781939207,500.0232695107323,54.25442322512869,6.049410065614287,75.68444131345626,22.99644546040676,67.58074172759362,2.9397645970057167,1,7.744739968719448
25.34414676938974,1333.1316569645844,39.945601530461914,7.275503049343376,112.90208857168011,40.918565501152315,86.24267905699034,0.5778505523343642,4,8.964767434358043
24.633749704727677,1545.0203621711769,38.93199083978813,5.581171424269391,57.796835564128415,26.128903366310823,58.837576011793814,4.003409169515324,2,4.5127743177777235
33.89960232389945,609.2688400019446,26.397417136195873,7.327454988012919,66.3675805773178,62.70302663489144,47.04442500616396,1.9774052309410868,4,3.812851993035941
27.22353844974723,2446.1563259446657,42.007899238776105,7.165988277106001,28.85223152147284,86.21215738043713,93.35686746156172,2.6240336695279822,16,7.152704147495539
32.09874445854635,952.2506624993439,25.96968013237788,6.095141432881631,80.89991110519284,89.75503277207861,18.081446988757563,4.094051476584344,4,6.0321890149496955
26.546406547637638,1108.3974392725618,65.9957566827231,7.07858130935421,48.8211968448106,43.14308493726861,87.77106873000889,0.709019677785927,9,7.348904896358536
30.815027222239294,1107.8850245100548,77.97645786489116,5.562427120677495,36.03090395155689,59.92594778359592,34.61951174096144,1.213436910162247,9,5.151830587135128
31.602278598896866,960.8333242346998,78.20446740000241,7.433731100586787,74.45312929045082,79.22007401430609,87.14258785908726,2.290821694003017,1,9.064372267938102
29.95638740607844,502.94764417262286,71.90426596252362,6.553189885179579,73.23102633799107,23.8096554597288,26.83171214043528,1.5346632359550227,5,7.152821357778741
28.715761885501585,1958.6895881759926,56.04752896037715,6.10656205213089,27.587164122404754,66.71733082889737,64.31861191369595,2.020556415987784,7,6.444182795517712
28.118409141472686,2433.6909995985707,62.05194183463279,6.225166425189354,89.82154534944728,45.66327462938012,90.48917311597512,4.991786320516093,4,11.029226759114774
27.488682665429952,948.5869665700901,37.112348160824844,5.632810706920995,82.37721906508528,30.460962021012307,55.25086998640569,4.214364969082148,12,6.709325646243899
33.29529144247826,1826.0943836068448,57.84622521035724,7.478699028084078,38.90172827464972,45.206521406058144,78.4581672732884,4.477558167320488,5,4.399465082925753
32.306194077877294,1983.7926539174302,47.338972966392646,5.578583890301385,66.94348621540439,20.697021522368765,83.39708751772247,4.716745851045989,2,5.094265750469765
33.65026910666513,2196.8507581810495,48.92104038661595,6.809814246295718,92.032291647856,67.15553614419792,77.60200774092624,2.0342114614138804,3,8.215459426597226
25.242972234855447,1345.2583940272184,65.46659362250948,6.385471855412916,72.94357405412765,33.955700156133986,93.65302763434086,1.8368463100841272,7,8.794868890776337
31.308674752036442,1105.8618112808585,36.915101335835104,7.39783243637743,59.54890761835702,38.35542337836585,52.98090959419394,1.553281216574337,10,4.240642356240015
33.38340456821038,1150.5902680460622,39.082376701671194,5.991999480613591,52.233845808094365,24.081097368109706,29.71566232903824,4.235526100886552,13,2.712989227020075
25.812330661656603,1925.2426661970258,75.4785074677182,6.564173647876022,81.03938666440536,79.84943354174187,19.063940414710782,3.557983380283332,15,9.186421546122276
24.664962673667773,2133.558933011272,23.373457691058334,6.464712417165506,113.91086983102406,52.008320946205394,35.94908891918793,1.5627739211729479,7,8.17386043787077
31.41120649290059,863.2279355132052,49.13805790480042,6.905732888100203,87.17448404774834,57.911015833980024,27.17178782982058,2.196472231447047,4,6.958723509939368
29.74473113179912,1241.8820163155306,74.76804802447171,5.636020463904841,27.47459036363155,57.707451232114096,62.42564302193084,2.780202937697592,12,6.140045001663411
32.41828776758272,2303.8803934983,56.62178046908942,5.88757826004671,66.06849734821338,45.78698359060063,30.72035366299722,2.8766302577318914,1,5.154205190531676
25.397723766262896,2113.3870393894786,52.784424452727926,5.9291296401857,109.08241315106275,29.43974365786046,18.30936511959655,4.499274778482716,1,7.0877729416675805
31.952673118598902,2469.7168055249517,34.984650753761315,6.976301509683379,29.446242580108688,70.88495613737999,18.059135453836767,2.212547598262473,16,3.408146249070679
26.016273200477446,2008.4965193641615,40.5965293438669,5.87827739265348,118.88757121375433,24.529219901825577,85.68340736101324,4.588358137252306,4,9.397960514875676
25.636559428657044,1286.3904020558446,71.12290494828157,6.646983527781954,114.90693936454213,22.790534270910786,65.27324417265712,2.486154021439053,4,10.261489503275138
25.64265797930993,1681.2756679892755,53.553087906107486,5.930487641001907,27.827448072987586,68.26087781973774,45.437250660937146,3.858677036565592,6,4.987279966233035
32.14574720231382,1822.0285084946406,50.884531625406794,7.223249900167957,113.3413320449555,30.662776533898786,91.00938363292099,4.686144439932752,7,8.599395107543888
30.651972206962,656.9116326342479,25.974782812401735,7.384370908979277,56.31325902594622,38.007956351462425,20.966711969655655,4.584090667834698,9,3.278177769844651
29.23065424769119,1588.99391820773,20.961689387307388,6.536985949884481,104.47091670758626,50.64206002513052,98.3273761818652,0.7562879028305652,9,9.944404178652153
27.588304841235026,1918.6416569452192,77.82111132122294,6.204617768418356,61.83833377132715,48.701348754715966,67.38480217162919,1.4256693273945642,10,9.137772889839514
32.77200540813108,834.6426080021208,42.619170037210495,5.968115550034998,64.08551127025159,68.14343437987495,30.59446158735212,2.6460744148952378,12,5.28763692756822
27.924451074226354,2061.263434851114,56.19278372597026,5.5995620030460875,83.42430909775426,61.75738450825207,72.72087341304233,2.4419943047889827,15,9.2228194386183
32.16599439471577,1667.5455610282233,24.7829043912371,6.037000152394991,97.44774192759833,63.329712171139924,79.88740708160283,3.384012491767432,12,8.05219984315109
28.391349085702185,2404.4435713951893,60.98685714338279,6.808471559890636,23.378915094824862,68.5540747991593,51.49413658651583,4.751190728714355,5,6.541203242221256
27.769444294249077,584.8445964137834,75.95400252235765,6.567233862618422,79.31559955271342,36.9459545567599,88.23877153087153,1.0058212007507696,10,10.361803810205021
28.626797856696065,1030.652275110934,54.53991517984518,7.388082556561855,38.6732994097371,39.17499838503552,27.812254620199976,2.533363993104082,11,4.595771379418687
27.01377874164142,1703.1077585996482,27.566919342524635,6.292554524983402,54.594951786320294,47.84983109216656,38.70119460409671,1.365849670492127,3,6.0058700727142895
31.47609380176251,1093.1198244118614,54.903291648408604,6.887726684656789,54.79686661552165,38.059662977514456,22.94685073463913,4.523484192790764,3,4.722596481393739
29.027203900924793,1928.8483281424844,65.98083278627914,6.478645494950243,66.90603402211536,88.87034017281476,32.92461645162493,4.840610836107437,15,9.29849743990513
26.322126951468174,2018.010565043862,44.38499219444112,6.525152431848423,53.41364118761734,76.05389448160722,35.29194901244733,2.6541575685065757,6,7.181941053665679
32.99574573274568,705.0319281329489,72.79026487648807,6.035548629208235,30.736111845066777,27.34910161920222,92.99882122834536,0.9680463397766333,1,5.39259483055506
27.838912213732115,1527.7089284135354,58.92097720144187,6.409901553684,34.562873852545145,15.419561691140213,21.639323543848278,4.033826000252029,7,4.998205261909989
29.435528611139887,1517.7811111821118,73.95493509735215,6.441569994025414,23.343798556109768,18.20874511854509,51.3302852159553,3.6371360772157955,3,5.411187407458544
33.06472110964547,1238.561540431082,57.410318674840234,6.913285043497868,67.02490853287543,33.30475882821939,60.2538884142876,2.096018719746397,5,5.466352270944515
30.24237995913992,2365.849725139344,27.877278320289456,7.381279998372228,115.44476948529885,23.571846437764243,91.38890957318367,4.4933336328603355,16,7.950502700191045
25.16898040708364,2155.0126397464423,38.58150266631135,6.158642554965009,31.567522364811655,55.000358616942904,99.80417858620315,4.891243504022182,7,6.0627827139016315
33.39832123613475,1894.4187638192736,32.10769689514741,5.584400937162597,114.6264493003082,79.3496417045519,79.03798976818605,3.0103423210858793,7,8.399145599406847
30.27708053071418,1928.6532714699952,74.52958986301174,6.492590251001279,93.33615147320936,70.25626656849205,97.5172341983675,3.0457756010493156,16,11.743780146050266
27.34905614657086,1423.4322876262381,65.62400403724897,6.588922664298337,83.74988029341631,31.17067973116428,81.90359626554927,1.8388107730120002,9,9.733067060405297
25.392720726633872,2341.989042193152,60.583902134600365,5.83688110226383,84.52777553235629,44.94744420193394,96.87222448257042,3.130277161924914,1,8.733097050293239
31.94025189270296,1889.1908545065708,38.0579791778973,7.020929212552133,102.67276483962821,53.09206571484582,75.11801170527869,2.4783904423618095,3,8.243286030068075
30.200727559285134,1957.962123311633,31.04268632301281,7.469858216882983,30.691986437982138,75.76543871275015,21.77989116334104,1.8598596211762335,9,3.571341897028417
29.334610919763215,2223.3818075746904,65.3870652793347,7.391549434016921,70.47543235655417,77.93412023296236,49.1632158943775,0.802333384357556,8,8.240521152170745
32.938925830509575,1048.1431786843818,48.44947675274478,5.894212077647304,89.70911382607585,83.22887339308319,69.96076912320999,1.637185368691062,2,8.225794276133275
31.885972112245305,2114.141807733406,33.54737312903775,7.250726479801521,78.68204450735637,53.193393787715635,44.81107330361134,1.39034592354949,8,5.314310686711292
25.516748797327512,890.481205912984,56.997318689916504,6.908987272823369,103.27790710232946,67.07060598268973,38.23763303967118,2.93918893049277,8,8.943502746653346
27.117220677955483,1190.6839044897756,22.42003112830712,6.407693127613824,27.22717090113515,23.385027842545284,64.07893770631273,3.2075150979361724,2,4.682602353591162
26.484891398144658,1171.2209085396853,39.57021524769521,6.5812219886494585,89.0701039499166,57.396671996548655,94.34765951970697,3.238572759377074,8,10.029059902962265
31.43946292572677,2457.050936778281,48.11341967546808,7.199200349964916,73.40277303847176,33.65188571033514,17.973459248873052,2.246814504705556,3,4.488224609745267
24.335324347357794,2213.0744474958537,28.87750004656435,6.460269879276746,57.91608639799434,47.378766376995834,80.3846523010222,2.395533801584732,7,6.350002861481177
29.698896848713165,1902.3397231805195,79.07926865545038,6.2464147382102535,54.027498223403086,62.553788123003955,76.43181863379331,4.25407293338288,13,9.028641992821358
31.624586857406904,1954.1135232307802,32.54584187537685,6.486494986051971,82.08326327741929,34.27394533903358,96.9360411580044,2.643047660827231,9,7.757880400458442
32.76765636761749,1624.145588805142,27.821187802595933,6.658259608070098,109.09953746442648,18.91387933475708,94.1104538982662,4.944979994617051,4,7.46772181995239
27.420817487159074,2394.181334217038,32.21209243321378,5.878155307556698,69.61759261011153,15.767539230656814,79.7897677737564,2.478277535039892,15,6.486466100917665
32.21257304672013,1492.517505764723,66.14366798958346,7.301815460533981,102.47231640769202,16.661965165839117,59.234744998020886,3.4231142507802756,11,7.040347696751648
25.106317369552073,1261.0354197397892,45.530339556310565,6.848373897659227,60.21563818439675,15.626230313532725,32.36274202484918,0.7266334954702811,6,4.474054502093003
32.46452291734518,826.070673863182,53.92495638515228,6.766537834674978,30.239446279317654,23.27662924184066,61.34503605767382,3.4400296598846487,9,3.968802555417257
25.274886623319823,2072.4113045221156,21.260549419181643,5.698992452361276,26.150573645863854,32.961653592759745,80.05491948317058,4.331418774867528,11,3.2368397920099894
27.972872905603673,1968.8878641511828,22.065878514398875,6.708347876345184,25.133437132367757,31.59161356367244,91.13188307422091,4.7410602733998335,16,5.496276824940484
31.972953657795536,1268.7100770482698,46.749532989620974,5.7419213244769844,58.015014195766994,89.00974456349226,82.12552078289667,4.9879427523789674,11,7.045892028523818
25.49917427348774,550.3868279184587,68.99931459209742,5.657395350390798,53.72377508358421,37.95045789067074,31.59768949123959,1.769803905421549,5,5.235337064856599
26.292513952326416,2177.9946554360213,73.11433272245392,6.554621791284786,91.79370236225695,24.55655875195493,65.97333670938505,3.0891652917157257,12,9.20161467929418
31.222525683930662,522.8359669081473,25.202394055738413,6.3055710680929895,94.28215015848659,55.91719081258184,43.23474406016535,2.528230934894663,1,7.162763504708712
31.200365365460744,1907.3995592581018,52.301786126061366,6.6776205403124465,25.08539688337398,79.34680915481313,15.782481728204655,3.0371786625882695,3,4.225201747047547
30.411476328852974,2440.514219452114,74.79378117675623,5.678444336114477,42.1123262889015,65.85452825907564,32.01877954203661,1.20853830735431,11,5.793219256114175
30.939484444671002,1375.3226562964069,43.278365263873184,6.361966125694517,47.42618501588997,37.206156685158774,24.623755244343187,4.352673076681737,15,4.712374552959401
29.427244433475963,969.9468099919055,69.77394988570211,5.849573430090316,74.76119841428094,57.12121198435912,86.63112550085482,4.593060245050644,9,9.136149309352414
26.517990589069527,1909.7420200867634,28.02173926396617,7.474200171848233,34.451522390695025,68.61419806503068,36.973031432564014,2.5234774840081515,16,4.064423083425309
27.456959935039194,2134.2562840311703,76.12366938006792,6.622300424870349,33.39412194000003,69.60783692758068,39.19932735544222,1.7619343770810958,3,7.751561044221693
25.815977168014257,1592.8606321556947,65.08539905187816,6.874873721881735,114.3788889207958,64.99038414732667,96.59460860290517,1.1337504244385554,11,11.237805482130366
33.08450561333628,2434.0705505122924,76.4800635672141,6.150836561365216,100.4202907297781,80.31078185817135,47.222371459152434,3.57694171150012,11,9.325959839874134
29.833917947661206,603.3374433159222,60.59703401315039,5.6894778295586885,38.06549020911703,80.25790937580783,15.814779412273538,1.9050432782933084,10,4.828620085753618
28.0085141676364,1509.5911966090562,41.80423591996562,7.451741725567073,60.6567807905491,58.42024195552525,39.126922609421605,4.592923564610249,2,6.182673891033675
28.62005803644133,1936.9078946451002,76.29087035148335,6.072518070766367,55.56219992575655,47.23922768334092,25.14046435115406,3.5195561368019153,4,7.11081378130783
33.472833396118155,2225.2809422983582,36.53400657855071,6.347616370347149,99.10040740654073,63.11777216738248,23.738727747547586,3.405583963284083,5,6.231985230103803
25.533514031160802,858.51122381558,39.93035132370395,6.79972784340515,71.0212916478122,76.36590010278474,21.58641966153871,3.0173095215420838,7,6.939387829937047
29.862298320167973,2100.006963527363,62.04850508010442,5.549394595372222,32.7849736993467,15.423907863088854,65.42705496490707,0.7059935274292652,7,4.418792709147727
29.05888678884466,1605.4141514370906,65.91897797152318,7.120518261034574,93.89920631562438,89.39977567611383,31.094556508537984,4.693650960585141,9,9.46486377827967
30.11454235434648,1293.1073639799265,75.76420903094923,6.573156380057241,59.68879782249189,28.717032924689942,45.70563749348589,3.32571871984757,13,7.511943767208163
24.181101838208406,763.4300571581871,32.28814454337257,6.056434374137645,46.292424763214704,50.268673924498216,88.27150587105143,4.973278925223997,8,5.300102727155609
32.72123908944151,2230.5915178178248,67.87988211315343,5.623215970584939,57.54986220207201,80.402230113215,51.06874188268343,2.9181038214779917,13,6.148770219579748
33.32118282483612,814.5464163594306,64.31276320381781,5.824996830948883,69.77565636068964,31.87802992831495,92.8337647543892,3.695499013577959,15,6.31675097460671
29.65133183589209,1119.5757184181984,23.827673375215873,7.290067717706874,54.311551641700945,50.75964179252874,57.32473453862653,0.7529430103979997,16,5.335738275592093
30.966508238768924,1080.0910639248737,43.23338847261242,6.872048447871782,44.19057725917578,24.94366351358844,48.90111226137924,3.342812795705349,2,4.459383663517874
33.22499381177296,2242.8280683817084,36.96592742360592,5.9998034432737795,59.85020288039804,44.630724404114446,78.78305880270963,3.9409232521566078,12,5.432178645847621
31.072386343133985,1845.405988417796,38.26942546124182,5.631201529890059,21.917291074989823,28.285159109475188,21.219883395280178,4.003314326836508,8,1.624790790011091
25.525390429142615,2093.3627943827446,78.97681277328205,6.881230624773273,97.24978460963139,42.27208115783678,22.60566255350548,3.9655024350362846,8,8.492269451421944
29.762883601668133,1000.935797584998,58.56664480879567,6.64481545193553,37.09448935675858,43.009816259454155,70.41776568345165,1.5182718228215044,5,6.689552756990781
30.06715046382856,1749.7481992139979,63.06056946760997,6.30903904891647,24.390461363063725,89.48780921987495,56.3899606253361,4.8892931492235165,15,7.045615531463314
28.24130671302386,1643.4919662874975,78.59705823890056,6.227222898380128,85.36986929050792,89.61097719778292,82.18529627713286,4.978319542812224,13,12.0
31.364442356247228,2165.6607535765424,42.632106947458325,5.933628551858217,97.39361288236722,23.60897089954593,92.88302117420017,0.8401814382272057,3,7.783101798682118
33.34367014769015,2312.174120962521,68.11041010716835,6.839222513075035,101.38291315928431,69.44765844962603,48.01118460208154,4.714008902652908,9,8.664031810331364
33.255685129067764,524.3135429547737,46.07185779826972,7.441336055587741,69.35091826605999,18.880910975182587,65.69485225969493,1.802521374369662,12,4.374454173260648
28.508393714041322,1848.0398381175853,72.1720203088988,5.851430491673652,40.53681846899853,17.264401150289146,57.55921336260134,3.6017783678793416,7,5.998800791019361
25.132380458407553,603.671598239458,30.83945247867819,6.694233240031007,93.72276772498267,22.900042068372322,98.43690572960679,2.0214991433125946,1,7.899761426489147
33.848411989623344,1597.7173301547118,76.86117062385678,6.348370111491953,89.97130771543371,87.41142427559505,85.64217462531059,4.854894455179047,8,9.996062548850457
32.38898086445934,1075.2654580873564,33.126302504652784,6.39337744348933,44.62707341031732,85.5647660921023,92.49770520357505,0.9567673623659096,10,7.145179944110015
25.24662681203267,1113.5531990442823,39.57323041885589,6.008294560255629,110.34077558627929,29.544586521051034,36.61890744409635,2.739860676303692,13,7.199916273336622
33.20841882617373,1205.9170069047132,65.37153404640682,7.150269751322838,30.4371458082829,27.125425166528366,80.66474596882053,2.426215063739336,5,4.399360430932528
32.698963620621285,1742.5848980992203,43.6253084939244,6.470511208294482,118.26882395913256,33.04013148869603,37.56522412480015,1.9671055352509321,6,7.6889775838533385
29.188380571260723,1168.0999313375385,56.4926826059868,6.586811704396528,106.02478109774646,53.66602455563566,32.743115341413144,3.404902958960669,9,9.3266788894422
29.912754357449295,1965.3981011805608,46.67441006416571,6.109521825594651,88.78986454790751,57.72784740265574,95.26262357072181,1.0897508453975036,10,9.418825262695831
27.990027038701303,1309.0547711477393,64.5421962253869,5.863616931333899,113.87498882798329,31.61950728295855,16.640875421018666,3.724980881601636,15,8.731300223399616
24.547616388220312,636.7064006199173,33.69987514211665,5.6718207764056405,92.23111683237077,71.7467091067459,97.05803981139152,4.912664557121543,14,8.30069998985125
27.35197241645901,2067.5196849682143,23.50747923421262,6.928238281849832,39.045699703004594,38.21648770519881,27.68726124404853,4.120514215108836,8,4.162218195270867
32.02853448598012,1071.516649185412,37.99576384838397,5.8924685633757115,64.21561381128117,84.15984941470577,84.6522369524278,4.370075388092954,14,7.299191381415564
24.046320230046028,1365.5337591985253,48.45851989210581,6.880150708377595,27.150302433163535,64.25420298425479,38.45341701078876,2.118365344305511,11,4.502727339430013
27.334991716911443,1870.887766443803,30.081203131560713,6.280752892093908,58.96574222881154,47.726339572770875,44.80969783161183,1.9619897291654842,14,6.393403606850638
27.981686935909433,1164.912314297424,41.28783737938332,6.331549601979303,94.16030197372086,74.2434001277134,33.424405462368725,2.8267175961055995,14,8.967679316208594
29.37395602937923,613.1713122934312,43.99898109761411,6.438354992185543,58.644335093081736,76.34359695349985,64.76869361089177,0.7057697664302272,3,8.441901032985808
33.19855616412761,1247.8420940256271,23.44351062129641,6.235417016255086,53.02941754681341,36.78612042067077,44.5881215381693,4.754111605054397,13,3.327708876318821
27.46345994365961,2388.897165388607,54.99843489105227,5.70123995444518,79.5355722510312,40.478590787706324,70.87840835704637,1.147033278572865,5,8.139249941749545
27.469532018962276,1783.4687945971164,73.06060567827726,6.119263620005691,107.2204528998895,85.19663652964526,16.330022025075607,4.563558676256416,16,10.42975225771106
31.375012481097485,1842.9582973344138,29.104574777183146,6.827468721387877,24.758319254611244,27.355577877245395,20.471865098778366,0.8761199990016006,4,2.3171208237474192
28.522179408898072,1764.5643072752796,55.868480804090844,6.831568802937742,58.54704346997354,18.161281272220066,23.471197982156134,4.20181217455352,14,5.920780504442275
26.24604822939982,897.9842779188737,59.884352294650775,6.072448614479988,35.82407418152627,49.054149195716185,50.61446325136964,1.183831366451968,1,5.722455291499565
28.524395161326936,1336.6677282045603,45.1600808251573,6.420205253115376,89.53542507318696,75.09074251827218,84.25767467609796,0.6715922634116271,5,10.715073167420867
25.408570203798,2001.8795967266365,62.0658552418562,5.8868944560238745,30.572456043113487,72.87510797330594,90.49512238216252,3.737702526167339,10,6.99282339849637
25.763869865062233,702.7457951063183,44.64389260946072,5.9207441630596715,86.48077585802446,83.96479716846244,35.80891290517656,1.7611938507849274,7,8.069182100837462
28.9836777273948,1055.7055521794246,50.278237278646095,5.546094176813215,48.61808707979073,54.990049827678014,63.82142656031619,3.7152326875295727,1,6.1864210978858605
28.18925449504548,1052.6382169317071,20.44118267326562,7.293493099815489,39.89168137372247,22.50485036749,80.31102437887104,2.9978836271276887,4,4.477031935359024
33.148459010681,1364.0378551890121,61.50320684808133,5.921413330149813,113.63525578249853,59.15167307520121,39.55050154316674,0.9896332560352952,6,8.068058896671529
27.62393899116633,2460.73748188437,59.68056073668347,5.955067753872926,21.852457674595588,73.37967107649087,49.76565762258323,4.6945853298552365,11,6.205710131988743
29.805883502780436,635.0050933676439,22.304052639580675,6.059202865290263,63.777727188956895,21.99960902023698,59.537807228285686,2.535413786435649,12,5.328790396124677
30.322642879195303,1537.40198876119,42.09500644370799,5.754816143390858,22.16269924617938,27.94930508231923,26.464361944684054,3.8050127500940962,9,2.4416879733559598
24.130944565883336,858.7293640244209,78.74191044750005,6.778525766362725,68.3593048104329,15.921799586675318,17.208494966691326,2.7545925740703128,11,5.48012743283964
30.635373720167106,2441.353090819488,45.244193754117006,5.650285906355173,70.10473777944182,59.52394345851078,27.988493792054076,3.219626637325421,8,5.708913044776102
25.780359668697514,726.6070094549284,50.1167243079105,5.768404852652701,52.1662471394747,81.50507939594283,68.28255780655033,1.862481165605116,2,7.063313865991281
33.61070317469455,1307.2020047231827,74.5958094895831,6.789513453180186,33.21617775250237,65.29974870015747,21.257552230362943,1.4016213680155263,11,4.696370046253983
25.48662727753113,1975.7699696692123,63.03571255194539,6.179321240962885,57.63875377344753,88.65300656932365,31.124191012260905,2.941565915336305,3,7.8893664534038
28.14624123727024,1909.1088560548906,54.92420786745341,6.915895653402378,87.2262939932566,19.72752393748212,43.71758028410082,2.480985378369509,10,7.725472210355259
24.85349668078644,1345.4572737878646,67.86828088046435,6.614849489340284,98.23958086444591,82.72508138636222,21.61895546604114,2.255509460452699,13,9.446396596276077
33.96874251845947,1193.0483359054365,71.86197598735839,6.012042346123026,73.07506023881423,76.05512155400106,31.294438048738925,3.5265523779258037,5,6.517476351512339
29.021950103312427,1295.224757105741,47.413284304236015,6.801655900978656,78.98343944397556,38.56811403746287,92.45793206359843,3.6072798440501117,11,8.898381269528407
29.953850173200436,1028.5525263172785,48.50650189591012,5.7325473605857615,40.06163711246527,88.01449138779388,16.640426239293703,0.7066402524106836,7,5.154704774901579
24.670764773884276,910.6658774135997,43.16305613911015,6.572820766160061,48.733033322764946,36.59533111285613,70.54171355482077,2.0243502240965245,3,5.907307463039923
31.49960470399178,1466.07939511778,78.00236840110763,6.374296210090069,36.189561005235845,81.69785428711639,47.674759127790715,2.352940476018698,12,7.591805675607956
26.099055930955856,1037.0675121352147,61.829975257421026,6.035747165634882,44.92953500046113,81.0561432805642,72.17514285175154,0.9360147252387565,7,7.813868503922277
32.98054289440714,1074.9233297945002,24.993383972484338,6.708009995479,42.488678022553174,71.82432124522293,65.03879623088939,1.5615539001422976,5,5.0138583641467775
26.05139640482007,1813.5121269491142,71.7775773987811,7.242667184680565,71.94487863912376,57.26028553596389,33.99739412014476,0.7323880875024049,10,7.023122172099358
25.906877206636665,2437.074663399784,48.83359645017609,7.497809399526154,76.26887557907294,24.000206221266605,87.01280644373803,4.983089443776593,6,6.828014284781706
24.365496678480948,1707.2744011187501,24.12523438534925,6.715525537486849,114.49474208215045,54.89788008723737,56.81493252179532,3.8145074133643004,6,8.435349411807415
28.720669451099994,653.9589341299326,52.983035309798666,6.3094117486583405,39.557064710152304,41.75971917412009,84.9155616076451,0.8935257042623915,11,7.244143312513174
29.648411332626164,651.167227708134,45.02985673854212,5.950414200432403,84.1675710161496,74.41627748665138,49.51106557599863,0.5911222090554145,11,7.867116558670742
24.657086394283525,2402.846441691132,72.66496429175749,6.014192178790223,101.72592689875229,71.85969048726336,98.69827208279531,3.736795100685261,14,11.03795885428432
31.755276166950104,1094.5815806146672,32.23967621656324,6.458909956299531,76.02414637830526,83.29593805294539,80.49159547261019,2.4763647455720013,12,8.443252418571545
28.532888347480277,684.1339721649508,69.58787656953098,6.234555402561418,45.50036525010757,16.11226218237809,97.10576743456875,4.040585190790592,4,7.952363236256685
29.2439026932758,1698.089174300763,53.461321471127164,7.327629045249888,46.25502300200002,75.68274126172847,58.717750707338,4.655642170182727,12,7.045849578143946
28.40762746938228,1747.2975565805323,23.276618192808144,6.236590935311419,23.92530530709999,85.38465398435017,55.26374624470954,3.196851750573676,8,5.731609367563286
28.00763060875326,1797.0096402373763,78.31071807952908,6.246889182290871,50.54442265484817,74.19753368311126,79.21357379264691,1.3419879031276387,9,9.750821391582278
29.596403313082178,1034.8040557150825,50.756914646191994,6.267069024867954,94.46036790033801,24.764584490277503,89.82475735614156,4.019873162209036,2,9.027979778120496
25.552402459307125,530.2213684289501,37.45261125389495,7.173240420735317,24.751775720711038,21.09593286306658,96.95239264857243,4.801152844284685,9,4.317955146715135
25.81928130495271,2430.030738908944,48.164410519355485,6.801576641693804,41.92952825048307,16.56339298557756,42.586912012762475,3.1110407917698017,11,4.544812681511727
32.61785621013517,1001.786091382205,71.47146701104934,6.728337700637786,90.6232498531782,62.155891937105324,82.8898887766243,3.5689885127633008,12,9.469897250347636
33.46115462133633,1852.0525761050949,38.29418746310381,6.168286044767724,98.26515628228766,62.225448889491545,32.904875799020616,2.0186361276650286,4,6.733704683769824
27.73309316279753,1913.259739757419,31.56058378920202,7.135808353664879,65.53184100619285,89.01852856636592,61.37381947336284,2.2168746259714007,6,8.060118189214156
26.70744673143554,1720.0148341589713,27.744274815852886,5.576727722711402,89.80743384786489,44.853238057807175,30.287092614781926,3.8059452403387874,16,5.958907635293085
30.439995432390155,1125.8147884272964,37.87156390341268,7.241594344676226,58.7952168654892,39.892971367312256,44.5287757487788,4.674969942830686,14,4.763523914811678
28.087341710980965,1042.1925075281315,66.80288522240261,6.525499799587859,35.99132450241275,61.83186953882944,94.16546121254903,3.330447742509585,7,9.006135525461215
24.25386355660345,1695.3365654054062,48.2975819117157,6.296500469726825,59.814949352290654,76.92065043806954,27.41770948071232,4.054315588184064,4,5.884634374225852
25.561525973661904,2232.191267223383,33.6488962216124,6.494334561435371,77.99678202031428,85.25804621422515,68.7540760864917,1.2723575783691785,8,8.91763891014924
31.159722288473976,2393.467457846791,29.971099976584952,6.834831061067662,114.80532818528903,75.2343124634279,65.40111319882928,1.453815906160881,13,9.395988864516596
30.589239419101514,711.8116088075153,39.96376859062275,5.525530853035795,26.875095208867734,47.00054854618536,25.26275998026385,2.894156090750255,14,2.6410771204382826
24.270959925034834,809.6572251954397,76.39546237314252,7.243103712916495,70.73940938449606,62.61856764840481,42.70821872034904,1.2944938650927824,10,7.221968808186995
26.219721619329494,2389.4725175661592,40.58160275540146,6.393479050622785,52.89197782107244,79.22244950370877,62.853427883797586,3.357477815994156,8,7.7161197695256805
26.310747965880715,1973.0704566695852,79.28744455727812,6.185933039400156,70.83116942766945,51.79572662338046,30.910181764021672,1.8124393342761453,1,8.030874773652275
30.718927435987283,2265.987649659546,49.11382734592137,5.776491131268115,22.397544737653167,31.251498277904453,83.0530107950893,4.061896784001014,8,4.348031531890998
24.197105377543643,905.2652682706863,30.749835097409054,6.3789307487168845,51.30253547015813,27.72925798109047,97.63330331045374,4.136496559764545,10,5.6425878277389545
25.041085819845737,1675.1717422188037,73.46840550761056,6.4926455425687575,101.9868147527005,15.011830843354254,33.25454899681013,2.587043550899089,14,8.203912898082397
31.999160853731894,1902.2791888349473,47.62132238808961,6.307293388986956,75.39417338546374,68.86784962359633,30.88751700719895,1.3136478576693587,12,6.786068963760828
25.785446620543336,1860.2237708939454,62.580280610271465,6.857320187653794,65.05824928161174,23.332290663449285,53.6694811027828,3.4104873248686967,3,6.533997171828199
30.527461078518748,1316.3033817333962,79.0226949925491,6.341793057518452,48.55250717153396,33.28793247719553,78.56004855690273,4.967541582186139,16,7.824700363552671
26.381827810467264,530.789783382617,23.01052101919844,7.4228351556931464,49.80425227913559,37.340724864209506,38.93605186999637,3.301659040741355,5,3.5686203352548254
24.994413927593452,1665.8521136085262,25.80167358725403,6.698555035647184,58.31014335905844,57.02848951025762,16.689792239268833,0.6609861082130353,14,4.69150139318273
26.43172190999454,1006.2030783592174,63.22740448776537,7.114955871303818,103.55707099645603,44.84679579718269,61.003753382795985,0.5778228909518717,10,9.350206010297168
31.22266931855659,1400.5084922857807,36.90950019772832,5.718711806218957,116.72132068082684,65.60054940173714,96.31104826022114,1.9416288672153779,8,9.820735592756582
32.55696468106286,2415.162030167635,31.058083817005944,6.294582585891812,63.865538135037454,19.172899449652704,48.258532709590376,1.3810271308718218,11,4.462749906726223
32.30219864566992,1298.0706352848695,22.36171278918377,6.173695402894305,59.33528387477618,24.295439569832958,50.71143710556353,4.158730432144887,6,4.005207543286735
27.971835296184548,2179.6032133288536,21.31080271917211,6.638964776273184,104.65507758198628,52.440862764995,97.35664595469322,4.301625501662002,4,10.043497273313417
30.68085136570646,877.0812114985023,66.46913618718744,7.222227040122851,62.69053206363036,40.27235908851223,74.0416469882719,1.6637844708971428,15,7.246153348707648
26.04984295415821,1844.9209960500577,28.066005642173,5.656676435524013,75.20181722956512,37.18600220635198,76.12961344158063,1.965401496274517,4,6.466247625181649
26.931477302610134,2454.013908877887,48.06323695826905,5.645149596089421,43.094166459874444,20.027105927814205,62.82967045654075,1.563111354718016,12,4.780937765385099
32.9633581852112,703.7862017458735,56.35380891076898,7.2006354163151975,94.35025357790752,82.1789381061001,97.84178292337553,4.587721463170688,4,9.371487304554057
24.130019235107362,516.6398844543841,45.701108034130776,5.925700172076715,73.19883182707818,66.88639395937881,73.55365117617227,2.76192200580027,6,7.158120466924072
24.85508530854468,1367.1655852652289,21.626399140173987,6.837506508899628,100.90345502403416,24.121361761473704,91.0777838864394,3.4526166983690896,7,7.309720670304668
26.078862551460272,685.2509661027344,67.01009015527453,6.58575626472161,98.07327300286697,19.878446830285547,74.4472035873238,2.369669390148215,13,9.405940102552945
24.265322038738198,1996.7686993524628,20.63079347249921,7.165787189774459,41.500476827002856,88.11544000734322,77.48484511143366,3.33956387077039,5,5.294691308727467
25.814354350897972,2329.097327697118,65.71339366264904,5.750177819672807,91.56355505577623,66.08794128296287,39.68492838209095,2.2363491952478123,10,8.327680449412016
29.83041560969692,1368.0419454175176,73.59826962728737,5.7595659314452226,100.00544079513713,46.309205332030615,40.795689331174614,2.0285529697815146,14,8.570695204532676
28.21424550592498,1017.423284310882,45.97039526343033,6.613636720556615,54.61072407823951,67.62982805668386,81.55369521396248,3.355160329280661,8,8.678690654341079
32.92671711076975,1368.8066380132195,52.13254838586789,7.392757306716742,37.260911290227455,71.72488398601193,40.22003457944147,3.1597793512204517,16,3.9952213042824156
32.17443561738441,1946.895635700002,48.61900355705923,6.3299955167415085,20.26321555795882,73.49716517915846,62.83545601813019,1.8208757937557734,7,5.0075845367909455
27.41817351697876,518.108323160742,43.35251711740633,6.15388420050939,65.09036530931482,50.84079792397932,36.19494642706967,1.1720680264376304,8,6.929315638131557
26.594234334312926,1678.9079789693944,73.24547212222161,6.713378646395771,55.24327315388416,47.2412068593636,84.4435873687709,2.1585951222716195,15,8.862401231268237
27.79692408167267,1726.583369774758,73.63601064019943,7.360897201090062,75.49098338254089,15.827106320167525,24.392614854353653,2.3683893761385915,4,6.911063222929305
29.902949425148076,1775.376493791871,40.14898187849207,7.173855665689247,38.804109258878576,84.49178363563786,85.50296437974147,3.329079500410722,8,7.042895899770409
26.680636408228764,984.0441599617544,56.90418524088188,7.490967221466439,105.96655476664752,60.24809087917073,66.23203304314615,4.615379436365886,13,9.391168055478266
30.24148907849134,1928.1054467562535,75.61445372875184,5.545137166404754,45.775521562810965,30.23654528924761,30.88731046030157,0.6628315888981631,6,4.725140373487539
28.094116521912404,682.7829726635528,77.7235099364811,5.725716289425525,42.642960508765,83.97025645660774,61.07300776802005,1.596474556438302,3,8.437376277760753
29.5204718085198,898.5406729336016,50.537542425322854,6.718935526733244,68.07140564843559,83.61989263277223,39.01240113202394,1.3717217402580215,13,8.216438172858247
28.361265291353167,2254.9400933089637,47.1694883170596,7.141152878667699,69.88510237442742,89.1888123274572,42.49472345209221,2.7603248391220263,8,8.148308326896572
26.944657595419176,1977.4463014531327,36.72165895571155,6.070488684613533,41.50852287850928,80.55424223542342,44.879883535734834,2.433653631694219,13,6.358472049889575
33.48453306962156,527.4911080226905,77.5323123914246,5.978422176068437,47.18607267259158,89.83382908650485,20.382135992647278,3.780669307190848,7,5.581180415712876
31.636057941597606,996.7525207396004,28.56885826837204,7.0739515987624015,36.970523915524495,33.35146410924544,98.80674317412048,1.5908716064518873,10,4.604016194898813
25.401131757664526,928.8129659863291,54.7897745628635,5.612763707706463,91.84601783231668,78.16871888994257,17.68044339115405,3.1752426458739134,5,7.372343776086391
32.68467975897913,1041.6126560739451,36.95301605111833,6.23876529516517,97.0089031254082,76.72712315968234,71.31223422066367,4.4773576861998166,11,8.460884936742811
28.874311982495136,995.1195405597728,36.7404974208678,6.511618445184659,66.23284974592826,32.32052694155503,46.5543500593816,4.598049829632371,4,6.749343072869789
32.94552226894091,625.0525914856914,44.298115242571306,6.620697348700647,91.40870226850174,22.382816175074307,69.9108747304694,4.81453072126264,1,6.931247640488074
31.998552559473154,1417.8810331936406,79.92757614893927,6.957230313585554,93.59353919374455,88.45653852581998,45.28110151244462,3.9796751843599485,10,9.478302526521983
28.252135044692334,1965.4669495723303,23.297978410389323,6.209691446861316,33.82755276778086,37.20184136404578,72.268804932003,4.576945578165118,3,5.54718445583725
24.224693083201174,1713.463449434873,54.71250909221189,6.725368689349215,116.61780248345367,80.31688428508545,76.98501830481067,1.555388923933734,2,10.737566114026267
26.68677359384946,1845.7433371961595,24.95432948211663,6.670750845581913,102.1031947096431,15.309536600595292,73.69697443396981,1.3891142495771467,8,8.039835314082172
29.41634214660867,662.2983570724783,29.27124979943114,6.595232201307494,40.448346119582354,16.576860541470165,24.68676841544294,0.5291963770123691,14,3.783838190801403
30.334782198261472,2402.9814203535743,46.37377650637392,6.780966586284425,38.61650357460702,49.94034815222763,70.8359249456482,3.6807996084309424,8,5.911408388009011
26.578876854332023,2176.9836676860496,50.62760788078648,6.018898342136152,32.56611455795827,32.90360129512977,38.798941703598274,4.71860234516185,12,4.525350226185362
25.39356074072824,2110.1806369913256,35.52754450187144,5.669297507169258,33.837856254191834,66.73809625769732,17.44811649839335,1.3412090526875438,5,3.213506706600647
32.34930236799299,2145.967610083535,38.987427852464975,5.738543344079487,94.81617990286962,57.417324417596575,50.26060711056108,3.366246089420955,16,6.857394495267236
33.84402180703552,2365.4210162655227,25.218021215355982,5.949164765307803,66.96542569516235,20.811434808786856,51.85116373832309,3.859068916497999,14,3.202191074386721
29.25690182302686,1588.5079322273955,38.19318703065503,6.500395871045571,98.29341727398672,27.197122223678782,54.70980133495795,4.674264058166254,5,8.298166951770746
25.716792858483036,900.5640357352518,77.99350636283265,7.180885501092041,94.62548943502054,44.103695254381066,74.91005405821087,3.4108710080774975,16,9.303182346143904
26.72307326519369,1733.5672157050824,76.6824429003489,6.902586684176768,80.46127135052217,28.920304796657486,41.25172377710902,4.866321797369386,15,7.8772166115352515
24.183906765474667,1985.762987335878,40.092697408219095,7.078081208404094,88.63666065786795,74.41667604329464,41.79884361383342,2.051029134556465,11,7.367129706152072
33.14298806560499,1975.8347867080508,54.2512361767257,6.2019512478521825,21.83557243791418,46.205267666496,20.14694178050715,2.0746784019713345,4,2.829542198997994
25.17751082890141,1542.8980483337602,74.57572346665665,6.309307483297101,51.17776468050219,22.007390013187447,73.37980335934515,2.943556295064555,1,7.009542544228651
29.765164755142536,636.9174386671561,20.3710293584538,6.287363771981226,83.78221792594101,51.32571767040936,63.26521776896464,2.225758465021582,1,7.3181733452292095
26.74055220687206,1242.2258768602555,68.64101422025551,5.883746368809003,20.93449534862442,21.812863579606063,44.70113457897199,0.5064157772938969,13,4.495767488618127
29.541780025157934,2341.533216926715,76.90217316733515,5.622433316287144,23.29769436825934,24.67029790648629,74.94106320797515,3.792974112891443,6,5.1726170770026405
30.514203883518643,1668.897819514852,25.479544060013424,6.681832185654454,105.18879824703832,32.9707374021154,60.67540868428456,3.882726686653175,15,7.92862211960483
32.29741803707202,1576.6638865114269,29.686861161975262,7.478433366841172,88.40248616920718,79.46457789356174,54.88582039899587,3.861385721090467,4,6.320616747134685
26.064212717606033,1037.707028764387,77.64477816628133,5.833659409900526,46.53697331203439,84.3459399249729,58.46258621119575,2.0525929997471,4,7.846393622949883
24.109958286584806,1236.8978398331578,52.25240861842078,5.5933696397985475,88.7962840118709,76.96932969990519,69.08959064769981,2.850302629900274,3,8.109458288007957
25.368856300688073,2290.6921783063385,20.851798068303424,7.059063363647866,99.24566691392633,40.05579130633854,71.10022138884096,2.1198808317950126,14,7.369557225710634
33.00018641848105,1832.9260950536714,35.45791992581175,6.005172013369449,50.67942831101013,35.43348308316237,39.56141462696096,0.5721638001379059,9,3.5494395366329443
32.738900775625154,2074.774053504666,46.99662045613158,7.1592876107058565,23.603737749918746,56.18667680926794,26.963185888248024,3.0310202357213845,3,2.5126047429943137
29.974131021703084,1408.6908461353103,61.57453466148606,6.907873334069031,113.27791246877345,69.13898703998342,28.31390540119409,1.0569229973780496,8,9.581992343490237
30.005168604336532,1760.494438912316,63.98962268820797,7.391347074101609,54.51798382956305,89.50295911201312,69.34822530175514,0.8601859584114827,2,7.9354663897122695
30.650366745462556,996.7672174864151,79.72529077552737,6.3178544715133444,30.648176328470637,24.867803390919466,89.19422929020571,3.8997458091355424,4,6.682524292676864
25.753712786234495,1910.9216605669726,37.25067196302554,6.823939678901269,69.18568713931474,18.69689992678533,49.8071836593719,0.5427779108814753,1,5.825653753232763
33.144119459249595,1355.2026674066747,52.293206112108514,6.429709561626542,96.84677956641337,67.07669167464533,29.409213628004302,4.815537996239268,11,7.30526889903189
28.187705248920732,1385.091029629491,51.9994128715763,6.761177394617087,42.16473146175592,77.41693376279292,79.31121235497764,2.818649138506596,5,8.306398352684669
27.831385282494974,1798.6446491537633,44.33871556683425,6.399197812015474,46.94900501333633,78.47615848998174,85.76160532565312,4.923573938177668,2,8.75304764339996
29.189177052828377,2372.5612429378534,30.14971363054521,5.87726449284815,44.27149867985832,65.88476618078704,89.84950766528216,0.7609890761271879,11,6.25522606302191
24.469659667750552,628.0126932172418,78.64739379103055,6.515794832006762,119.16730528316782,86.55118530893903,66.58067145766732,3.1258829698966095,13,12.0
25.662833687560795,2149.486474694015,71.19903119999516,6.5571684028748844,39.740373373054254,53.32535726584402,88.1619275479872,2.0719716618916006,1,8.152772758660758
31.380336164263703,1084.7662208243862,49.89998169765423,7.121207696520322,77.5520216966124,83.53610987521594,16.310271468114653,4.295671217664286,1,6.589588328033686
24.827986679251264,1387.8389090127557,56.19472536104179,6.971041411587162,112.52646416569644,87.58591027436422,24.115043150409498,2.1255023085542883,2,9.485743783095904
30.03152109466388,543.8266575500179,33.63566321357974,6.827583247882888,34.68965688777793,78.53680927523308,22.868965699428394,1.672194105758071,5,5.049883279364769
26.45349109681321,1102.0921556686262,52.62722422350481,5.726774191105145,117.08541978677002,38.23189224439655,75.5713981616523,4.35898907194961,12,9.65997335263375
27.892956140419766,1505.262485260261,61.69820798728855,6.94123258132743,114.74772343956246,29.716173837772146,20.914451601204217,2.185938912439674,15,9.066552576165822
26.886937367707,612.352154694878,50.910021703195326,6.500610312709029,108.45719870582626,56.10900487363638,57.1909716596361,0.5757499393725266,15,10.42200924372339
27.55672716464949,1482.1914587663302,79.41711023509647,7.288199072212318,41.45565213300023,48.97610627851414,55.180086384084575,2.256300953777002,9,6.6162827507912265
31.190459051842453,2354.221257716855,56.68049937486357,7.339741868261085,83.40550560109833,80.83187566445497,41.40979950245048,3.4453502105492384,6,7.359765159929104
26.971217156231752,710.7864362156105,42.25842275553014,5.610313181203571,96.08914729612401,22.50237533003653,88.98443944507848,1.6446179246287183,12,8.108456678043755
29.66404640296897,2028.8814561510087,66.32912165695029,7.141283120708957,118.60279281964297,34.330504598363895,29.486822159799658,2.4439441659132077,4,8.962684924066195
28.760504021990997,1319.3421067519853,30.227750694898525,5.5753947808453415,38.04238220813704,71.38492083890314,44.95933667393538,0.7552181222700148,15,4.9538978978802835
30.63671165362648,1810.347429048676,43.070948822375996,6.234339251390045,96.60258995192964,22.12399837329841,80.80457750194897,3.1464175618128074,3,8.05377919722607
33.36829739324758,1020.4731959704587,40.81753702265515,6.584599951242158,53.880116992711294,39.057331051627514,17.585896723429162,3.903327157371772,8,3.892396222001627
31.325720972102502,818.9845250827166,45.90842570646664,5.796201597254255,37.56264655680023,44.03665455404874,72.20078402094134,2.3599065263049965,3,5.037973124701956
26.149403785907566,820.9252285424529,66.90678955572358,6.992627625138153,62.13769412138549,61.694534742201746,84.3938067407335,2.39104684760657,1,8.827325049485774
24.311831350612845,640.9838912862892,49.050381929804445,5.516709408344277,99.38359121486164,26.859948428952343,94.24276630124422,0.897271243632124,4,7.762512832041281
26.62264044299825,871.293409802486,67.64086701595777,5.8371980968680734,66.48498037040522,79.54533677622821,89.48521444177622,1.4087338903039215,11,9.471769688506834
29.95077930700255,1828.4387699779365,54.58933418839195,6.661593659706951,73.75231002030485,48.56566765997057,42.14764993086324,1.196038864075607,13,7.73127630231961
24.514258134842503,2263.3812236870162,40.52416607945332,6.928775124074585,119.51594102001212,83.77662839104174,64.84095201245097,2.667594958976921,5,10.039695470007793
28.963662472012363,2128.251371182324,68.59872462100834,7.333286205387832,59.9109299557426,50.09024352254487,21.569946917789597,2.8816499342783755,16,6.330640228229105
29.968428489168893,1870.2686197489681,34.29738023318549,6.9109933038692475,81.54007547092398,35.628019420555006,36.91895030158073,4.77023059077917,5,6.276261499489968
27.34243890816961,720.8637268222053,33.46297878798773,6.843558540509732,56.524420161537186,25.637162151575616,23.008902193538127,0.8295417692475526,16,4.827536776636965
31.70912203745822,1078.3748925918997,50.27017544329014,6.288682292701329,59.27856463287049,15.28088210334636,41.790919663086925,3.199405879197712,5,4.75726355516849
25.065982531337717,1119.613750644938,35.65095475772534,5.502568851053603,89.56407534454081,54.91181137386267,89.39091314399197,2.869243372977086,8,7.551249482654077
24.751377817358087,999.9138927952424,20.54522209707298,5.740318517471244,113.78869760948835,23.036752269519255,44.50918137231487,2.823048940711231,16,6.2466649193848856
31.281887562036033,1530.0113194194462,58.89785163792809,6.569109089512079,74.23589504923214,44.37958227233837,62.761338755121244,4.429216793222719,8,7.799296418923052
28.954913162061985,1571.1076297593452,50.66562928834388,6.850259771688839,96.83999289487798,59.1953820927815,51.83737208976997,1.424923118129689,12,9.426254608787367
30.88402396427736,1213.7719503422204,46.73106886958967,6.334896567792925,28.920655881696383,35.67644226770253,54.0079045653925,0.6834797345361716,13,4.715101820432352
28.348273386037462,1207.5783174728722,78.01811087709892,6.96135802305678,41.1158037431927,28.141821927458643,97.41362440610744,3.5252217843538665,4,8.066991013697443
26.46402033239107,2157.111195812163,54.27195103777482,6.5437245906643575,70.21316409195325,73.10412169570063,40.17312980242792,2.053208588611911,15,8.608195053555338
32.19102317674199,2078.5856966393712,71.80589466736308,5.648352391188625,22.00117236287748,86.00933792112154,68.32257990946957,0.5791546229563607,9,5.595039255163665
31.99415878968979,1115.5916633614913,28.36701417230961,5.884032501935898,45.28549787625588,22.53303133964745,50.705326914253,1.6311830328068622,16,3.3009234747420164
30.946964708544268,2327.576887746519,54.15238778776566,7.179996446487886,71.74012898249661,26.669274328875588,20.19742538905333,1.8919704839756535,1,5.025441446254934
26.721451372299626,2405.630034005012,72.07877760385418,6.949825493248879,21.49611982563007,87.0009492939539,56.593120688060054,3.2757726955290893,5,7.077241616174595
29.90230666869087,1153.4850840600816,54.98634543679388,7.2895239740249895,46.45462862260417,17.83381663591847,84.13418296883421,1.2766360732217246,5,5.502846401180063
27.60973896940027,1208.8498975861098,63.08085068762009,5.735114498241873,71.40308194758694,88.32242524128542,23.394002337943512,2.358744565790291,5,8.12820925286368
24.91582073326634,1511.2683068439178,42.32261406873244,7.480445069230148,77.31492479812457,15.348336231374159,20.915307028686264,2.6711394998802462,8,3.91165686289449
33.17313575462243,2382.241625067347,25.546971022223996,5.918813427899867,112.57516930553055,80.52514917384985,28.058679233427668,2.5665682611384093,9,6.778373540597007
25.368186309189614,2252.638866284623,47.474017707624284,5.523559752573284,84.53456232506079,38.04938857408121,79.97400946809101,4.882733450000518,3,7.1163626049513
33.502373538208026,705.1359251671796,43.668763450331454,7.494845878107109,61.473580252999376,85.39416436329724,76.53960765230272,0.7047690700563325,9,5.86465400167279
28.460057729579557,1285.4614865428325,72.02361094273684,6.062147770890226,113.03511771330678,38.770896647668906,63.0265103570194,4.779356839035797,13,10.833719863365795
25.851329288386196,1606.7423794995436,34.639718141148336,6.83603890502512,98.48829833877943,64.0729741150542,54.79924434787375,3.11871746297315,11,8.708585625648771
29.419009473783582,1506.2649451030802,78.00405365210648,5.85336462835261,40.00089211127476,21.00244273244525,90.50769424972287,4.080774717364273,8,6.743916662684237
32.729458358764084,887.7261358737853,77.48828718826977,6.660457064398283,33.08423613488198,33.17473585903042,80.16931502584602,2.4367667810723397,3,6.278442039973163
31.322248864095613,2217.6335423363093,34.85789858428632,7.308069972909118,87.58116357427329,73.02595098594381,84.01509136065344,2.542270465656412,2,7.924318232323342
32.0656114786145,1853.8815659936747,40.88311732863923,6.140362334856877,75.98831655769838,54.65143902591148,84.12729561480562,4.456969245571206,15,7.286148263350739
30.587833667107173,2175.8167497036075,73.7333444524331,6.840507952088719,98.96736137927557,84.59767963402835,69.63095815337243,4.531705233313559,4,11.092328802738404
30.922765645178526,2217.5285586989444,77.99733325376644,5.875807177596833,93.88050500786865,47.15635562560157,53.9312430668554,1.5740999664408393,15,8.674182877903382
32.49195651565319,1996.7117073314796,46.60634617016264,6.749590797437451,82.5211533857515,80.23592743604424,88.49760896978029,1.3965884536307818,13,8.868888304446639
26.49668008859186,1378.4212024994347,39.25982273845387,6.172900703635021,118.63821716288922,48.67165781086781,93.71063049627631,2.7330582824147798,12,10.621153771154404
28.894249636431404,1721.093510030849,51.56564079509252,5.922416517175903,73.35897301104086,88.4436209026489,17.023513676959155,4.551246622074612,2,7.548002551155544
26.212094418196024,820.7308122394863,61.26615238194409,6.126364101407271,31.310575650171984,86.98757860491575,19.38216422763136,1.9505979203277932,4,6.040250637012376
33.87668007996647,1847.2908349498155,36.408470922498786,5.8576821370155985,102.82735648159884,39.68525291670602,96.49318023721717,3.4340657690260907,5,7.325965618700271
33.440593396866134,858.5065114785615,64.18839047714437,7.303832215675765,45.1853362345709,81.44427528126025,38.55865217675655,3.686682594832705,2,4.829406803467836
24.394268113685058,1887.8991810203136,23.099441426878464,6.294373772634257,97.73021481439183,78.5708530661737,89.2364023702006,4.004035992023701,12,9.176632983943758
31.055751725156885,959.1963215079373,22.957669565864986,5.990558609948735,115.71070960000515,30.80102979956721,48.04758511171922,3.0376600606443347,8,6.902000582180234
33.25248317415666,735.1026003004399,43.177262308732715,6.396815682031866,89.67955139643412,61.821780058745226,25.123504896795225,2.3110483022553634,1,6.390667838321074
25.805753451273336,830.5689802859149,41.208391523643236,6.141072333612991,79.60301609498012,20.451173669236113,21.837672017793412,4.851571949595378,3,5.659952647981038
29.679452305526294,503.9842704381405,38.93799292202914,6.988838507626652,66.03861756750406,77.75330404375961,28.3031714218388,3.250988389862837,7,6.456655190692293
33.15488297588042,1937.4792357070605,49.4611857601346,7.442439823770989,56.440986599540324,28.09094126276224,36.240921563726005,3.7785434523497186,10,2.9073729906292733
24.33945978585799,1964.8020981167583,39.24401493869428,6.376067313395294,55.30047509718363,20.31110260393234,56.52406008412023,2.0524228056314526,1,5.08315334022889
30.9742026724684,1529.866699826519,31.535475108085514,7.22206679994448,83.63727057095906,45.01643216541084,74.6273215480916,3.5147713145138604,13,6.714234360950196
26.973490073725507,822.7256021107673,38.56817294531605,6.631726147119239,95.12731169377459,58.26916039497326,98.8438790012505,1.6600894797385666,11,10.371642225028712
33.24396195376531,667.1086750213794,78.49425636861409,5.814471330188467,87.85170694844143,79.11877189198283,52.528073179579536,1.6029361288788628,15,8.308708109087554
33.71058245165368,538.2579328745741,44.66680501969091,6.881245484162683,39.84101011935627,88.06818941413025,59.045720099164335,3.7162499081424185,2,5.3707892761016005
33.44266489113434,831.4963539304414,46.68276661150014,6.5268689942516405,69.39871801434913,47.96193844273977,59.354334617576725,2.846276313183208,3,6.2264574228703
28.742142166574638,2281.7110699662935,54.5926993970684,6.801213046504207,99.1640072183063,19.533519223895265,60.85192021647457,3.5747447469007536,14,9.026212314807843
32.620426509893136,983.0736834033635,79.0004461048536,7.27937482514333,67.57040781890562,71.1836684269403,59.007955853879295,1.7124732083664125,16,7.205619549845354
32.4454939853507,1208.5426544344314,34.49607658614578,6.380869141312092,73.66232797354938,57.387994216795306,15.745854180263015,3.1942550347552867,14,5.366812269364478
27.191004732432557,710.6909689626664,60.87692663194603,7.302355246434711,97.11360481708222,48.591850863334734,15.14660987933646,2.4977014236640063,2,7.772098302314532
32.28915474150678,944.7226094963405,62.95908161250345,7.00133802856331,86.12653062650915,38.19516590941423,23.30163704072045,3.1863212908048757,2,6.087977180756954
24.370076347154928,1538.4491415604102,56.439465007583955,6.477209851755969,60.93449208823926,52.679889588265176,23.6323112914802,1.8089587950989872,12,5.953954380811934
29.96269878482053,1715.505366191305,25.314700378198644,6.706444271315927,109.54127111942189,40.40097033427732,74.91623726115768,3.7195293364210573,11,9.006998010185509
26.30008837287703,990.7046283324221,60.612336549654586,6.151162265038023,36.256706866347855,71.77589008105201,32.41786276385998,4.126682147717595,6,6.011291024256276
25.20566885777279,615.4643184502344,23.84568266217053,7.467194599477549,119.55164485903248,55.79202723694808,91.05069890422709,1.6696241323597565,7,8.677167386453906
24.769532016292093,1282.0657382547975,55.768558972993816,6.834702326100792,31.88525784762372,80.76358306155839,93.93153801404665,1.8527925193503894,6,7.404714545303702
30.9628877587814,968.4067418526683,64.37487063330457,5.58769370499326,21.49499711042389,55.76579359870816,97.95093372115139,3.4751942137359184,11,5.712843139457348
27.398749637680663,939.1078464596039,32.65819343719703,6.153243811496018,109.00189011487647,32.86968100049475,94.82191091539671,3.630133284365949,6,9.556964022880376
31.247667715287616,2419.7256054269105,70.49732045256644,6.746628867518115,44.495350836595605,78.83189116741084,38.11050736307459,3.6684485797885253,15,7.145980800137808
24.653563407989424,1732.600971851448,21.821228331980254,5.61266655559848,92.96996274467209,56.7914283697533,58.33103179979856,3.5721432714912655,9,6.225944658375864
27.152903378306103,1613.7568863441918,70.62877181949837,5.547768382638285,101.10153749320693,30.513077860767094,29.913672466739985,2.2676347262864245,8,7.8654305890594
29.394912923753374,1331.550207046644,47.6197430385659,6.400048479055605,105.89863910321168,61.76308574671666,83.52782068965682,2.2768415348165525,14,10.888924056725438
31.907231648389637,1357.8886668602886,33.05527639589867,6.16538035938534,119.15942356641668,41.82875737068207,90.51669493724816,1.6466793063997165,8,9.279485202667455
27.1875250293207,1581.8100076761616,28.02668869963808,6.376597216066331,49.40397100399991,78.33042092190493,87.35955134028876,1.2057516495336333,6,8.346036745572825
30.258913764370092,1892.8596140722145,77.19843005494235,6.0253866197600106,91.02433419272592,48.997480398490715,51.83619063923096,3.6165982072860756,5,8.799668244446766
32.85977748236187,1904.2921923636588,24.359935254869402,5.829435493885962,31.53998582808282,69.48310185805624,79.48728019837638,0.9193495368754078,9,4.194643242514982
30.158631881823045,843.3878154108991,31.94560519615554,6.878286713960676,60.68092913568494,22.165215572717788,23.294229413982904,4.720065290540517,12,4.35622264466877
26.329594747536337,1500.225504153254,40.86934084598276,6.529142232535601,104.79716933125904,44.70182597267596,18.42080550263631,4.220088366521531,2,8.035860858241648
24.24400781556538,1323.9161900682038,57.21409093766723,5.900308422498734,56.76580460591084,88.7431077354299,79.02509521624468,4.358775829807652,7,7.876056770549153
32.7009887390093,2241.053932538768,52.6880651165659,6.139178852519997,79.10953805356141,75.63452171078612,51.155198317938115,4.580009665768356,6,7.585204994024194
24.21269410850387,1762.8378424367527,27.53860954473884,6.683615815326652,70.3773443724634,26.99556017751965,99.62168750286338,2.3387223682545804,7,6.421288533487733
32.74701672684199,1565.0081328319636,37.383679024292874,5.644458696544955,84.59515311120451,35.832303710794136,23.266608347720254,4.310153255076805,12,4.578418508250133
29.28937134027212,730.7892843578347,34.325106265161445,5.794906018532359,117.28943893876949,39.73618566422708,87.72835293049486,1.211275851312422,4,9.25420850910556
33.39067698512896,1711.2757786468228,32.81257126942048,5.64649120821478,25.57355265014021,63.77741703715843,55.798560569964295,0.5973880757370605,9,2.5716283875822796
31.987832357736654,734.4078113604669,44.66866018879922,7.124634665428237,77.39615175016297,71.77460696172417,85.30776661782954,4.032011275987326,7,7.797672110166097
33.979341105333376,1174.413151131504,62.24188715549941,7.004818466424019,106.30287792502848,71.21449566059323,84.45581898446231,0.8365849159862269,2,9.614705757031746
27.5071181545171,785.6839296286637,33.047175933034154,7.006625863758514,68.13827117484274,53.24055422298021,92.85932011577658,4.948361002966648,13,8.10846679793227
31.67188288931127,1884.1472940487379,42.000732782178886,6.932650686952056,27.85271859415728,75.81154033786135,40.31725095931874,3.5365839332070017,4,4.434009710250209
28.01930913609242,912.5042276723052,43.45504561046974,6.838770847339738,76.0539352416771,47.78085620681063,95.73294504427027,3.890523696089475,5,9.545244489174179
28.79875620303909,1283.718746376052,78.58739176612461,6.45398383075635,53.20738908238204,24.291042397167143,27.891691630397723,1.6061173532503967,2,6.9357726891251
30.2750546321837,2291.349555237557,77.27998141274414,6.78455632701423,35.49417853379359,57.333138124036,21.967346095446693,3.5323942726385966,10,5.731300859449499
32.736771141863386,908.6327667979406,68.00825496512456,5.5767231095759495,104.9034513283473,86.422603845083,51.68731897664968,0.6944897176473075,8,8.76659143200715
33.84083469199295,1515.6101279175582,34.49953524915111,6.742928845313569,72.15995129911215,74.47452385443836,85.40745233455662,4.270215739656204,1,7.289329890894834
31.68273413864518,1338.543322332044,24.082238845500182,7.055755411073754,113.32764123790666,58.40254857691818,55.240796103842875,1.263308418642076,15,7.742874933627741
28.17766782167334,536.2480820914594,39.014248263237484,6.50071672076878,100.6016504603069,63.51042452618227,85.48936759009369,3.6381113007519676,3,11.278102746069056
28.213570022770703,2085.5162271456256,36.00767296602985,6.215026656854474,89.29717937736673,84.79215202766795,77.02337849251595,1.5101622555472776,15,10.3574340182278
31.375823015888916,638.0918126291995,50.35554800878363,6.054853469601959,20.502550336531193,47.12570958262204,32.80141282180935,0.8080392624171924,14,3.3223927668991955
26.387771457683023,1448.5100419539071,66.66367460406758,6.785604100324165,62.782345663825,39.8545604206978,95.65493811645442,2.666721553472274,1,8.805313101725243
25.104741131313947,1621.3565898779,71.49937633273149,6.8856023972598175,39.74862816520323,88.29311737503367,20.166399333499292,1.2617879462275525,15,6.236702101739981
27.546221576407767,1756.8529132291742,70.6918451246305,7.241935199725085,111.07979110488678,79.75823501327501,91.35377514122257,3.7824979474694738,5,12.0
26.87238991654082,1877.263258615751,41.58053367338407,6.184668164921981,37.45839846763603,39.22826884639518,40.87769316418179,1.5690462952256818,8,5.6871409822876355
26.963081204559902,1006.5447670454301,61.23406060764098,7.039544614771171,48.60600516592855,49.78354480206921,57.51258706897394,2.04112650306123,7,7.027255874905637
26.3360775104991,519.9575533168987,38.7700518514532,6.622711648378676,71.68367677344992,46.13085967558493,50.89990917956243,3.053476630690128,9,7.3254372083676715
24.42093189636362,1946.887324709824,23.65433259411096,7.2656729813561585,46.336361899807926,26.182175900357542,29.605937337937874,1.782357249097902,2,2.263021035118698
24.178739347334137,1571.313198695157,62.093915936176536,6.555624216591242,40.986467727912114,86.83644928599443,45.44248364414392,2.2009465229448275,16,7.124945035735772
33.87722389736032,2172.2354064144974,20.58965315418727,6.535259656795935,79.90993251027524,45.323432341481904,31.3994270848876,4.17029796968174,12,4.881901830603249
28.277731337358624,2142.7767258013882,44.550955247509314,6.655754162881818,28.892952275502388,80.6496811978431,32.330350414144526,1.3064443230246157,8,6.55360618617261
27.843266471596817,2186.6523355757663,39.762756158124546,6.998630710284869,25.81677587209247,29.20171707604988,30.899831062242328,0.8699071526687016,8,4.148723129549563
30.7964728269307,1470.1893199590804,61.602652311131145,7.429380957656922,57.22452951860714,56.09031079779148,56.56647732946051,1.9776100330985869,14,5.970512251720871
26.182538878650643,1167.2567916737312,65.97472836562274,5.647126708431531,92.06644545078623,16.797103884320236,82.82416623846183,2.4096954515624516,6,8.058179201564752
33.49961183950225,2083.11640518274,38.24567815827703,5.6068692047820345,75.4806758273948,72.31653628817314,63.362452869705486,2.9419667696145546,3,5.684121491489786
31.86345014415552,1402.58822605851,68.69762086669121,7.375100674814677,62.28764684667789,58.56854236847088,90.92256002682156,2.1759066327875316,2,7.347398082476225
24.894110023122597,866.8843928068691,37.63500563029602,6.559751251036412,76.57515642245824,61.91921876023145,69.10628152902156,4.054602651002623,14,7.981458042345823
28.175807757849284,2209.948039122949,46.779581599193676,6.729806029133872,56.54514846532736,18.87906619159901,73.59390982877139,0.6769376945081297,8,6.972577303190333
32.791183075621646,2265.1197535446945,63.62111162084803,6.464847203189458,113.61463354321128,30.827874765646154,71.74661452679527,2.442953921893511,6,9.644498176417633
33.4473202229141,1432.6195122803401,61.57521375348731,5.687314905214949,25.490489091077432,20.574815426518512,53.204031420618,2.220151615953821,4,2.8386446610764886
28.674015112498697,651.399454619575,79.24210833873201,7.036178756837333,87.33914790298353,36.66857368528588,73.59379988700704,3.414103208630866,5,9.76966951649991
30.134113892107077,1275.6521798338624,33.50966145295591,6.994449290177174,109.12826648277505,62.057925576161324,20.925158449861698,4.848243133538282,5,7.984271743351556
25.67033946092075,2107.075318925207,59.739074812374945,6.123406642985624,100.38847087352534,57.46394882380314,88.08737511283137,2.7966893298298796,13,10.501992197203066
33.911686261369766,2303.5480570924574,56.58091449654664,6.112478490456801,38.40410348214468,60.91123662100427,81.11403219273298,4.940945811237742,9,5.430637065641924
26.316717013834435,906.9454849951917,74.9059072694018,7.1756827618110375,49.592634898028834,56.19384535334207,35.8445464496927,1.8601222771093886,13,6.24880015098194
33.42731774135126,633.947224050543,29.381728498692503,5.6447145154826535,91.70479387071047,35.47715967568945,80.282758611597,0.6389065964410745,13,5.746755801041184
30.496466489923684,2254.700906265677,65.10788981521597,7.262210296713132,28.427055918076555,33.33806230083189,16.074621119001574,1.2454842536438573,9,3.2694535304065275
30.07736794878859,1278.8098779577506,54.0961169761261,6.013323379791829,101.18616998325841,25.279476265243595,33.46595866087483,2.278061981485553,8,7.455529959935698
29.126885110165084,1583.5219285351266,36.47995218727432,6.685969495510988,91.89069446047903,78.6803156177619,20.536665287026153,1.923502591348485,8,8.313918193357264
26.306698117177586,2436.131624101518,48.466094848830444,7.371988358003556,92.96066492353425,61.235951890593334,81.31928791252105,0.9367435894251995,16,8.887483592923948
25.765280320055084,633.1294558284458,40.026595824187865,6.856245003073293,30.02413702675914,28.988325937804483,79.2493028501629,2.446970484608226,12,4.999696882563461
26.204862090701752,1796.6360149041911,54.75880416730765,6.328859624934073,91.77605448162309,28.290703486592964,84.1590620231556,2.021520972468032,2,8.996003837685176
25.864382621442545,648.2108451497342,73.34003664887996,6.879068417810831,87.981812521997,80.47767011446025,15.38094393266995,1.051786492058473,14,8.847304976965182
31.795844735667533,1250.9378569330006,54.15829906473212,6.187959272632741,103.09224908218505,70.70481478224895,57.60478176766468,1.8325270877535902,3,9.117890904925494
27.501252591667303,2107.6290903868935,57.90334509959504,6.054516832698372,24.15959562564695,64.45493099290286,74.9110767889736,4.488962249099258,14,6.867367434416475
24.578426765633964,1366.9444655112688,51.12487082688257,7.493366555869359,22.31106684677922,45.51480806544748,28.20909594281631,1.8592198947020309,16,2.6571976448965526
33.691026301408115,2494.3647078059007,23.069930386728554,7.001580462359575,57.300709987856074,34.64816732088882,70.23221183857311,3.7127994045892323,8,3.7218029095600413
32.83785884963426,1618.1185698932043,33.971513412565656,6.789439954763635,34.87882838491529,88.45880723346178,22.149358441323287,3.2542118584599002,13,4.009549406092351
33.277522831952126,1142.324305271907,49.520103765924965,6.210579286438637,75.8384477570222,74.79296812671001,30.41269776886662,2.4223152308376728,5,6.365976177128183
33.94907822646435,940.2226518095063,38.61411702468229,5.5983216583100965,111.73489015067489,37.633441735220735,55.44272927454109,1.5756153656165113,7,6.114305169957698
25.738952492194873,1201.0410685723236,30.905815865671652,5.562113752070311,59.14797303340157,78.56735972088711,70.55303797789367,2.1605661470567545,14,6.4909692666637255
27.962420189026588,1245.0665475191017,50.2479705151063,6.608362510897598,104.49503772726041,71.91989614610111,27.398875791081167,3.1644824606196926,8,9.92859992052691
31.582384757040913,637.427355447922,39.36858760687102,7.024065442078102,20.02408745178665,37.28104124084987,30.74398312062972,2.078389466372097,6,2.3143364818586916
30.960206180537924,1239.1483988535465,35.48645859040488,6.57475838088771,36.85146434591842,46.99146406812298,32.377941200581354,1.4670339510840433,15,4.240405805483702
25.53895906339855,1428.4770394784498,47.83912504642285,7.181570143878229,23.042353965408562,28.946508404327,35.28956839941317,1.0240823700123445,5,3.1498017254974444
32.158331249906176,1945.4755044776093,27.99705548493039,5.566853066186443,52.814718051506865,23.3289333283582,34.25707712473476,4.458951220593043,8,2.351278918020709
26.244405718366608,1813.458969443216,75.66474398452443,6.23350415285188,110.81895956965027,69.20715246297726,48.58767422229912,2.4814083908835753,1,11.068407863678782
26.23817614822623,1917.5313104583086,72.06212587515435,5.974140782348356,29.695212359898775,35.06338930154,70.57212032112145,3.313437447843185,16,6.339148339678493
29.369744228934135,516.7273637537141,62.45723514443212,6.394545936314244,80.64097767438004,76.50445243096902,52.232701566429924,2.706846625115624,1,9.675151359263378
29.929399348417032,935.3347991610722,26.37282965530737,5.644752786388245,65.14959391194442,89.67065336358196,80.9577822437405,4.426549332610835,1,7.543424492249717
29.80086207837811,1823.368576799713,66.55263526818158,7.408263283142145,113.84682123658125,20.74648604472365,76.13782300563226,2.961206836016949,3,9.42893910061651
24.914868373977548,1467.9787363594942,68.47743968654115,5.946510802138722,32.25191425370939,50.47763438127752,25.754787694171434,2.66351638077101,10,4.728458249215748
32.7746086263038,510.6269513366919,66.06587706286027,7.34461555096717,41.20278505022289,75.15469194831023,19.151537982263235,4.660704456897707,13,4.352674258573822
26.65600042588706,2108.9892848636446,26.837953227154472,6.351786310073363,22.954196861149327,74.17131724059251,89.62503293996652,3.7386031822040953,12,6.471514276875078
25.295149212828044,2045.6191465806749,58.634477424065885,7.4710482665104365,63.393524963137374,71.99978687482263,21.78564065784424,1.001974583060858,6,5.596998667494771
32.88748079868977,1596.8383259871252,70.05948774496392,6.608116766920421,47.783289956465424,41.174620147643324,27.608830361175613,1.2996700753856631,6,5.020873579307362
33.556514982297536,632.9266515525442,54.64120407318006,7.361665728351615,106.99059338903209,49.03899417637892,16.881328422440035,4.0420528832274885,5,5.906981647652151
32.621276172654504,2033.0300990651692,58.78444251368534,5.510697977388446,80.4940813197755,59.62262680061027,68.40859105038558,4.261330945309794,13,7.220646617113074
32.095160747248784,1667.427175462728,47.501808765578375,6.9964776123618,81.40907379757016,88.04554376799429,64.50149786845964,2.9533587309063343,13,8.04226889501476
30.55241980639022,2063.9199543159184,51.72243919304316,7.306101306205031,73.19106968813024,39.56604532038696,98.88681164699673,2.9950485253998766,14,7.527795366596841
29.508573706091394,2003.4939847916808,22.06261150110351,5.779441133957908,29.1850337229201,84.23579157876433,90.38925368695962,3.3436983328315004,7,5.739651575624821
24.8698675991141,2106.004143915674,58.33778131839708,5.6922517034643025,64.50186837253553,35.201768863537055,49.921670085877324,2.4760209842718774,5,5.7326041989768
28.084532130706986,1536.0161328092497,24.88683277346955,6.349145214371911,119.95051897085165,89.18058491052784,46.584796477565476,3.560896055677568,14,10.827258879299567
27.72688517012314,780.64903638703,46.10087566041341,7.367357812265871,103.52292908460149,65.26977651206937,40.23242291379873,0.9881656590488705,2,8.937978659627088
26.597537837603262,1842.3149467593773,37.55930586004447,6.584773120380877,109.34590541671159,49.76336102689132,27.954588203219917,4.8257565906532385,4,8.713750386522287
31.23420113688585,1740.9475701039412,52.72567701270278,6.554912927443464,102.32263592464994,61.00428210477037,26.73711081117077,3.8756967070771475,1,8.274292341290696
28.958757350787707,1984.5063743981743,28.004980131392426,5.7822522365986435,30.304169343098266,35.43983767801551,26.24411518081646,3.340283918040531,7,2.904710007256896
24.81046215907648,839.7620121014706,61.49860411839909,5.501579022186437,42.74482540647996,35.563039313359994,24.699754360876177,1.923449256542663,4,3.8364219544386673
26.201832019498113,889.9503998005785,67.70069221570822,7.120280181490923,20.312165135640964,23.516590788262036,35.44352360447064,1.2242996935552812,13,3.812257176068698
30.83258763659596,2280.8190344386567,29.80126698458939,5.675149125972476,50.35101248781115,23.55377232790491,41.0668335766149,2.342043337230251,4,3.4560468879327586
24.761308594903003,1999.9555969041417,26.258785241112932,6.767699637470648,30.860740234649256,41.07538061016835,96.73421253830784,3.477095332583263,13,5.008198055399197
32.51206914048769,2316.456977400646,28.73092896724155,7.329232909030383,67.27933453015831,72.21416084222787,64.1702263351603,3.3516938454039993,4,5.410910016535295
28.951465270139742,2017.4306423278415,72.6276537139101,5.9173038263168625,87.7127488573902,60.597837569862186,98.94564083362889,2.2218851977950718,3,10.776928458300036
28.80586577326648,1694.3106119806037,51.69135570538137,6.830545672473821,107.4505295038077,22.693842024826562,46.659690565182224,3.259788772249084,8,8.557414393756124
29.924077846595175,1808.2654740557473,48.03565976045016,5.657397153415019,94.92171650908982,78.91773937319331,53.89826377010249,4.161867330053964,4,8.533623987295465
32.24680965925149,2278.25584788002,26.402709146141255,6.707510287675226,113.85855957785051,60.10257202425498,42.58918602904873,0.6182814755192318,8,7.8499386471086385
27.47809207902193,1657.613509023881,58.97336040541771,5.8278634419064055,25.38982903937888,87.06416825885847,30.54545032620698,2.5277947156862406,9,6.016487183761351
30.780161525590636,1764.7826486567749,72.07997551370539,6.971907121030356,21.217983541654142,65.26391005584057,27.16900016109423,3.9134985281005594,1,4.658631513869034
29.65731963995791,812.9534320072012,69.69115215940718,6.102462589587816,86.13381138362126,28.138114777813577,95.33173181366571,2.9576501170851976,15,9.536592880573924
26.670282701694212,1447.8424402322053,57.56328253884808,6.426782017609293,48.93524102222462,50.53375217308667,98.87890795289424,3.431642395680815,4,8.501966903202241
32.78629986355158,1932.794223916198,24.516722999100416,6.698861084055244,45.35010161057731,63.63731981604031,18.81730720324218,2.8250437667240393,6,3.411739018224039
31.974260216069283,1041.8853966327308,26.743821630560777,5.842546821332479,53.08870876937943,17.119852578748326,27.779399352200155,4.963435451070399,8,2.5151847000608236
30.584518346584254,904.5083610490699,22.95853922658948,6.983275637235241,46.979605789236416,16.118269811610592,50.999547845586925,0.745796914200672,14,3.4395678128513794
32.50581729094242,1127.6536164488311,35.448752989548154,6.105280681273629,71.14364063015873,24.705225044892593,30.838345489274623,2.7097016979756976,6,4.454354071875357
32.672942009598025,983.0012559856668,28.139688029622665,6.824743719825507,64.01484472241324,33.8748326284103,45.92983345828508,0.9113744710153295,12,4.542386637766618
31.08362976715035,929.8252740727917,35.602882415146034,5.816566101398747,71.24285513766563,47.21618426405067,25.973189738068836,1.2190350295110668,6,5.100610762881994
32.37013328363672,1349.7016857361739,43.1034833431377,6.8762353184127,87.27136115004362,51.55803553198413,53.80349932135217,2.223672576882178,10,6.861910616430495
30.974714616692836,2315.6770277670685,76.57896704426814,5.756376145620924,58.71305089711483,25.352070670342258,38.09404237438704,1.199930411752193,4,5.4524981644847
30.801407717603006,1514.1192934774367,56.62256358690152,6.350712992539967,45.13076871421568,65.50436843368732,44.91192973948617,4.83659224680493,9,6.501740815559015
30.186113782151843,875.840761630646,70.09842714097775,5.994412147477753,36.62005368087455,59.710354627240115,23.016575374333545,4.760553995263216,16,5.461368123143
31.527166395576412,653.9433387617481,62.62109004273994,6.996750498856365,54.94741195326255,37.08480741308702,51.39088431036205,2.012493407992717,7,5.659169170197581
25.58605105293074,1892.3122902758505,26.750187831597906,6.024070009013749,94.1806475246172,16.0244912576469,98.57689693173343,3.378864704169558,14,7.36124680286906
32.80870759198928,1265.5975288727757,64.15522438243693,7.2634346127907925,95.67049101114695,20.823593651496807,42.95080898490117,2.9018899426720375,11,6.188102953574651
32.71843527745232,2143.6618931707185,36.50593289354747,7.283640422813225,86.69053866842103,44.377108163312954,89.49648836160698,4.170141412320959,6,6.68752698217191
24.29247283034559,1819.0215372815403,58.34647081968238,5.8928826304455715,43.40281753068746,26.548076337426295,86.67192703801324,3.32350524417624,1,5.610164943947152
32.25816750564763,2092.482901082737,40.45771841857931,6.727691890015448,78.80862458546977,43.261470461097815,95.9249655552629,0.5011360452075295,2,7.789294116953482
25.28869867473445,1043.8920788368976,79.86033579587955,5.675435283439929,77.0689661576848,62.113695338276635,82.15930854270303,3.934284735243825,12,9.219804222015894
27.35118854259142,1884.7178449221162,35.81308876980667,6.283074199203258,68.42661981097254,56.04280709094626,71.06573029999927,3.8608165458325314,6,7.89330304612871
31.43508256291608,1028.1239693874377,36.74782824645618,6.926643459002545,74.99789863838643,32.33819123530456,87.8096777593339,2.7937521750491645,11,6.870404664100519
25.60759896048308,2378.1369589005835,75.8403353337439,6.818846493699833,69.17906326236681,40.78668684440643,21.429797855874718,4.563135379548742,16,6.814711105184964
32.17967024119062,1772.7485630667488,21.47866427817936,6.749401338813216,76.54563660741081,61.0523398836488,54.34060586189866,4.588007925606807,15,5.919184537546402
32.32134177957742,1149.0236003506843,61.801339272391814,6.065081727324888,91.55059546211288,79.56412710325866,99.08678028228,2.8576025451697875,1,9.963906109181533
29.074677337608364,1039.0237245845453,63.51958344415269,6.256049898868804,30.962819440343974,71.49100790541578,80.41601286005223,3.2359470403844197,15,8.0106445930274
24.063858717168337,881.853170143287,70.18271464462396,5.705892289400572,94.96257521490237,56.50500201250612,96.77640713316396,4.984349323661026,15,9.332413788832799
26.87038133174913,1889.2819177874555,78.46635863830852,6.938045640867202,33.58861501275942,42.17197487373647,81.26892027134572,1.8446910566513788,11,7.647214220915492
30.16926918375742,937.4312259958547,78.53611514939914,6.5077775935825475,26.66279984103747,42.37884581563541,89.36496723258226,1.9607775904016482,16,7.629856702925629
33.811861780274235,1690.6065318549781,23.916605453987835,6.917531264691309,117.60796862214676,80.9562982698297,75.05501874577124,1.3224825619857337,5,8.507246978741135
30.318135270166685,1029.2700538507147,69.31035936517415,5.9978870495937455,115.69917688704415,17.94326820304098,79.64267037546539,4.531401226210406,1,9.97853510697427
26.598035810641598,1823.9378895877371,58.77859601944288,6.148876457270132,26.043654494056405,89.09869833151957,59.47013083635756,3.850197754771698,13,7.089729966495829
30.340057030996114,2129.8794570810787,58.840528062385474,6.168430674520229,64.32534414749622,64.82815581386717,93.5602045692013,0.9753928199160885,3,8.748278432477175
29.399853797158556,2056.0504862893063,27.70099559688169,5.551484819494433,38.624493829977474,66.08532743042929,85.12830740298574,4.917953080390846,12,5.8717796660918955
31.798453951511437,2021.7026618615635,59.0112299867392,6.182095745661247,68.53448971344181,17.849837797855663,86.73022208157873,3.7893276867250223,12,6.967259342874958
25.069806388269583,875.4448113845042,78.94895483607488,7.1066091470360675,103.01772429995874,60.414695616845414,72.20577358185945,4.3273494932223855,12,10.208286747953634
31.61027902502028,676.7698939690374,74.70911417236681,7.294596991499477,115.06117747428902,51.35835450678353,40.88929550241616,0.7166785512794042,7,8.744515943141945
29.412665786761103,1897.8976569747713,46.34783964829103,6.5364366312718545,83.42526534515373,22.933418017055025,18.028532608161843,2.7723241352397543,5,6.811244850474772
33.629920038589944,1236.6944275887026,22.39687839716566,6.411003390438441,55.390566721181706,35.84415080770193,94.53068599981128,3.6436922902716766,15,5.268776960496988
27.41872166038686,1364.6924528066947,41.73760940001229,5.561649237398741,80.33255656445984,81.77358421602385,64.82022964846723,2.943259630573286,12,8.538294867455358
30.326218931339483,562.2981855867821,69.5834186960333,7.258408675170765,51.20013061084504,56.24913118994647,40.34215254759192,3.4999135956467486,15,6.096851503688931
33.320281055100175,1019.1528985500984,62.089946087909965,5.526020426851746,110.98236408320604,46.00624313804315,27.676484167040712,4.180433286157126,10,6.779231170853275
25.02509727990679,567.3528077489281,47.560619335637384,7.389500160420424,107.04004631058369,20.45116168806082,85.50946906756414,2.184516783320883,1,8.045806721991129
33.37228487236451,2258.3715452024953,23.306092109529864,6.478432497376181,75.8231750279661,68.55911455517293,86.1042165280442,4.319009040284193,1,7.081720429577312
30.878857223008133,986.793366437061,45.613683669398156,6.183868987149453,52.47989153803606,67.71381175470245,84.23317729109517,1.2331224714438083,16,7.168663665620436
24.67837059105172,1614.674339146016,48.14149638307301,7.348436869685321,49.33896755829784,61.05327052294226,69.83202881717683,1.7189872476186863,15,5.805066104234932
27.009635669468164,577.9586413222609,75.71333197364817,5.5487819862201935,23.341799470505947,53.26969846654869,46.11130794530945,0.695055289672966,8,5.118078649503664
31.081720886452814,1833.6947826113162,58.46516621492957,6.662849789738174,101.58208510252952,47.53383016555295,40.84597420632184,2.13992065100863,11,8.614944362367183
24.673506014687717,1146.0546915081877,38.69917499927894,6.597865048998675,65.0383213039008,59.49533197409942,15.727155460044466,2.2095929517085415,14,5.5120757548494925
29.821704601762733,2295.8383739153314,51.51909586704328,5.938640802422764,52.513292840026445,32.5046588796305,85.85664248850043,4.123717687432629,13,6.849346662274373
27.458830569529567,2276.236377868072,23.963318469329604,6.357774862700421,67.1110354997754,85.59442981332357,22.43177928695961,3.439088016303452,9,7.066138725017827
30.20915517767477,1150.5812367234955,78.35409413898421,6.80452801188754,101.8737990454652,59.159589688517215,68.61417483346526,2.4652515117005,7,10.886703510391454
24.45742033812513,2301.9217913809357,41.60359411584356,6.954262393763855,32.46142077075212,38.339433326578245,57.84637048140751,3.434512903806867,13,3.997232045360735
32.71536806152376,2492.3153469975578,48.672041294788144,5.50143371741316,105.76559882418273,48.725988816386796,59.76859550873985,0.7375250773206102,3,7.256001125023639
33.73488969177397,2150.831328247896,41.31703845421536,7.373706860182031,109.7508835108354,75.42635916576693,93.77059185116073,1.3112219120826925,12,8.920669308811103
33.68877855285692,2189.742695510458,60.95070380697201,5.829050744785625,114.67079150338881,27.12120455477231,17.68727595805558,3.3212653485878976,6,6.073679768113894
31.49651831742925,998.0174722181798,59.733929499775584,5.967160868444719,59.74879924226278,36.962671684519535,80.73833909344565,3.38615068651386,3,6.753766799398131
25.30086240130632,1653.4047977155126,62.91933863174814,6.026946891387697,41.714040403767186,65.96310170524166,19.424453861221107,3.9836059641834223,10,5.787184892442751
31.582631959290225,634.5118279347357,36.08859377671525,5.575640273104071,57.36408184666985,38.66169048616679,18.243056504507063,2.31349891574121,4,3.209286203097772
24.245869164588015,689.8358736433395,38.94010886984396,5.74610424718065,53.291209623140325,74.43762613960995,51.53450434201746,3.751493434772703,12,5.378101027540224
24.221235515289973,2497.785224066581,27.51507386577248,7.472699845888324,37.61539125028601,24.78401153830206,20.361389819152173,3.5779114965208523,4,1.5
27.236102191495412,1153.278498851822,59.33059831076675,6.130433474754572,80.72666701014879,72.20146278409564,82.07723585989753,4.83527020266432,3,10.18417146060214
28.88643190404666,1996.3678240976928,22.387827640139154,5.7306021806780985,67.66241605086289,20.12637861379247,60.01286296010866,1.4680860189110563,10,4.918057765578646
31.70407417807793,2113.3301060536332,55.860940131407546,5.713982522349246,106.57009923240037,15.944445950062109,17.468296526080827,2.9825580368868776,6,6.074512059679146
30.832953766065053,2216.0465420144583,72.18175309109803,6.938919935339944,23.210958048205825,82.36676391241215,18.442558350963157,3.207939989497112,5,4.980094022439756
28.459027063767483,2495.256594804313,73.44992889737802,7.209137328065282,84.38679275551263,58.6004412699224,67.07682502785575,4.9939154822039935,11,9.61781921732843
26.73626666281666,982.9929705137357,46.9422656221977,6.013904599016939,96.29488785115612,41.387017281510865,83.51950450096442,1.4053286397499327,9,9.386108096945545
33.97124500157711,580.7016537193995,47.558221292784424,5.54181902467047,95.94865691883071,32.44459777228878,52.212960158355756,2.854481089852815,9,5.360237607650691
28.26181302235973,1322.383035989172,24.61815098048104,5.946180036890712,108.60739670955252,61.26643374456121,62.13935708052807,2.057833884711375,3,9.077759971972062
28.513870243296754,760.1613396578939,60.245901526582145,5.6130313815935144,92.9033742829494,53.17516376525536,82.98550359424164,2.866518358605499,13,9.73571335684222
25.63623821191669,544.8517783241102,69.27556522237073,5.7067898732600835,112.78100616476964,89.36983316474888,66.89302479355463,1.5445787094639767,9,10.83497153251406
31.948095487499295,1220.8536542829722,34.67930327628278,6.363016239695285,53.26565998208915,88.74119899903093,34.104620200999655,0.7142557029236964,13,5.767782012761103
30.936822257814885,2067.4765021504727,45.278052898001874,5.959836741723265,70.3209416751543,62.62684246062072,67.10942219890569,3.0765445425396,12,7.275460447046518
26.207696127887605,1632.3613824501417,70.33036020591622,6.531891757050847,21.407966328289067,48.21528795794179,68.40375402054315,2.0113444213737446,3,6.589986304822534
24.823810456158427,1125.555978420708,72.62722805973729,6.006987506514381,20.69575873032912,51.835572685099656,77.39909337489577,1.3187363078679515,4,5.620371515812427
30.80499302074713,1808.6840109854395,34.59079881585356,7.381074602205896,44.012662045151984,66.18592996776465,67.77430594232811,1.957710047351152,1,5.255005901586061
30.54511214281135,964.0363606176214,53.034238072481855,7.311887935852529,30.080719713908525,22.618090817653602,97.38558108893322,0.7217609065148521,5,5.059312045725557
26.73259526998209,528.76289214417,31.549589038149623,6.633612210020932,46.021136793575366,39.62640553580386,31.76950624095082,4.776990053405465,12,4.943574294977989
33.5086356225041,2028.7067728728548,26.112725848373394,6.208847983974772,37.704329452839744,20.64541807527029,95.84270776320149,3.115165617379672,9,3.740487207772852
25.510578917809003,1747.4861697280182,74.66723008351745,6.262293764069471,22.852002483864823,20.50205696376897,60.75885667975138,4.166459066061612,15,5.285347861368733
28.32334801042602,2024.60524900192,69.23045025392655,6.323704566288994,110.93041464060494,29.68794314206753,72.11627194206753,2.404031888964787,2,11.154637052937252
33.43615920167599,577.8760333753312,65.60209410819044,6.955158644269888,20.822313138889154,51.393994094492015,23.45423578343614,4.564916004047836,4,3.0110256890182927
28.197273169261223,2174.2392556613045,22.925979128788427,6.403277991037676,93.60821443370854,73.8580740872092,47.3489550171391,2.67493199698514,10,9.10787175277066
30.385259476640854,1739.0524000726066,70.62372756261544,7.213459893011795,35.214788691951654,51.41219183744044,80.39722744936968,3.0827539499030125,2,6.600457518095159
27.975943979627942,1626.7907014252803,46.28264455432303,7.388189571860729,111.22296219996,40.16074579206523,75.08743628341418,2.713072910281956,14,9.659888682401732
26.7421520234867,1749.228096229063,40.543707397751575,6.171892306757868,109.27959395898858,21.176474275256858,18.411847994059865,3.799752331404432,8,7.283973311281995
33.839776479598285,2228.8664937367284,52.788581661522585,6.62138896275136,85.39011463692573,56.27216423873472,61.46051239726579,3.049952349209281,9,7.258186434310898
28.09334006315043,1673.873013117814,25.48119456341335,5.690113073665129,87.22341498006051,35.345143986238256,22.503646402314804,1.7221951561117899,3,5.794340955453679
32.94099203679134,1661.9007597763587,65.39879296114393,5.900938095532718,20.533914196968855,61.12006334378606,99.6477964801438,1.1549278909519083,13,5.642121571461882
26.299546058910863,2481.3583141315316,54.946104613297756,6.32693153342032,118.4871566113602,88.28908043493138,91.27021002533004,3.2275597499733997,15,12.0
26.131047040250834,2013.460334137136,31.19540581239005,5.912405431803558,107.78326035758144,23.348574110816262,16.79185613642564,2.701309826961663,9,6.139616178118159
24.311340828845115,1384.5876109022706,31.293931986142738,7.253120981577435,109.5106225730092,30.909404904145493,87.98521420672363,0.9318906351325082,6,7.809699957123246
30.51666825375885,1914.7940000658555,31.054919094360454,5.816572512118196,85.92445370508719,50.4820903574531,93.15151604746465,2.280278596069708,6,7.766410640248549
27.685263437237612,1278.460943383577,23.420143253116038,6.411321643106184,54.47869286545365,87.64603615094471,45.051598917893685,2.816493899002041,7,7.399327578399716
32.64358249839637,957.750924966998,55.26790696230109,6.711398480919751,109.36486490904808,72.88573322024968,76.15764067906011,4.2210195522151555,12,10.203039532575106
28.732099066915573,1693.7037537755189,70.42089065531049,6.883727816321689,49.15169281511923,82.36718948721226,52.57881842766121,0.8424547512501306,5,8.569013040378888
33.681934279147214,2356.364196227903,21.049892839243316,6.266138739453013,76.27115433422028,40.028613635684465,70.69476118898925,2.068229067107013,6,5.16749418163045
25.855255157031213,2358.2790400309254,22.940278698276412,7.238198137449457,29.97309723438824,89.4028855333946,43.92697936534627,4.201952552196734,11,4.365095559679256
32.68623167955611,1183.8105562109806,54.36621660121675,6.636638302155851,112.19556301327502,22.712461204811802,42.41753511382781,3.417907692972104,1,7.847309780881593
31.765968527917416,1555.35493244339,69.16974112316313,6.379015560895104,34.077045777121334,18.972967953457562,51.07688055289422,1.8048124481170404,3,4.905555025543109
31.70921844644052,923.2717971397224,39.60433343411802,5.634481268104073,42.48968057304073,79.1701970290521,27.373259485462597,4.30400804910189,12,3.95066956708972
32.44783228116888,2491.262218997767,40.97686392846333,6.4293789368903305,75.81341581282149,84.54486526552397,85.64681197700752,2.7198211125321157,16,8.52758829117744
31.61023990942999,2462.2358157358713,55.78078984980655,7.141471681631461,96.40930002129815,21.793901815957632,44.639321105739114,2.7425835108970724,9,6.743913824895562
30.262203216314155,1799.0178594148947,36.45277334744882,6.729082036442631,81.93513059362989,23.507057005938112,49.01271208199684,4.894643026401729,12,6.6311177372105305
25.312448776823874,2108.8281193549465,21.596501964661048,7.164324907458237,43.213391280015614,17.488061831683037,90.9946420796823,4.762024264563703,5,4.210181204692703
24.32526179491252,1930.2003225674,64.11371108609576,6.488023341198611,20.094304252749033,22.838067198204307,57.21302419536956,2.1133970751642974,5,4.854233197791838
33.20847847815687,1686.3164380789365,57.538994776487186,5.736923410188964,95.71505803074392,30.706486260021066,61.26158229482335,1.1326060789838703,8,6.741971327781057
30.16650314520738,606.6959939777954,54.845359943339545,5.527279691671762,118.52073259110938,87.75574641825007,96.30234060605338,1.9655002952514233,11,11.27938975699791
31.96537290976176,1409.528685105322,64.50104773950939,6.106439093437182,100.99131203060904,65.08951666797603,90.37174256732408,0.6371746714012462,11,9.994598857205997
28.815223515125503,1849.572604334821,60.513850253722254,6.895980942995585,66.02066181566153,73.39147691389066,29.40467025551736,0.5934554901967604,13,7.739178049774772
25.173081889623944,1855.0632277673694,32.35291929069927,7.0805198078833875,110.37672613991066,73.21045527686417,55.22327754303893,2.279849613131386,2,8.714731305317148
25.251857922025504,1246.245236844767,41.14886281660107,6.091505669240659,60.984767311835,55.1305312334411,97.56017933142637,4.7345892021375535,13,7.4905993111359965
30.855652872289713,2383.383973316061,27.5666085007175,6.491307841766494,72.49340842434675,74.81167332847629,46.65113534943123,4.421108035544934,7,7.466981198414631
28.303058948994625,834.7140644735621,27.79142080507286,6.3422378088681635,67.71297673956832,59.685564929247725,46.58371422387701,2.8014927526293034,9,7.547463947917147
26.005247267003366,1500.7188924311213,60.571744781392354,6.321045568702855,64.7623872665525,38.59095732025182,31.57756970207812,3.043518715268738,7,6.794672207233431
28.915945467414367,1881.7679531016456,71.5160064189499,5.962697426400301,97.51907692939058,57.083258157630056,24.717464700125642,0.5267007353572541,12,8.841434315651366
24.64208937075134,1894.2716117836185,77.76395503166833,5.772742210058917,72.6768907269492,55.01314396008851,77.92590721425844,1.4697552012519448,5,8.197690505350652
29.819714019143987,1797.277913537631,57.700827052966666,5.8933771164624265,51.671712202521604,76.75897903194905,80.4525898396289,0.6114835712047269,13,8.158497454289293
26.689934044350977,1050.5764269037204,31.04607940165742,5.610664774326692,45.81581676584783,88.62954130362442,97.36610189775499,3.895427897129244,16,7.1700141596612355
31.975591006371882,812.4131373732439,26.339020726935843,5.896261483647154,23.774731696743338,45.82819240656979,80.74054792695586,1.1554060821192398,16,3.711836706930278
27.103619589235738,1771.8806536534216,68.77105829220547,5.5184017952507585,78.31951618830459,72.25430088310198,35.68496199285589,4.410711961145676,6,8.145237144407833
28.552201490818014,1698.6042322788755,54.72538858159996,6.754516801271956,42.99614154010342,22.482225302860016,18.409909154523813,3.394959411541047,4,4.970688538477523
24.116205399081007,858.712020578482,57.097101260823194,6.132750814775366,34.81339220163831,73.26235270862165,98.76217767142111,1.5323840443207102,14,6.975473031771263
24.72446887794559,1910.2782911411266,66.88772532528256,7.446289422853817,85.38299638276777,42.85626839949241,43.93830912120649,1.2097414268746238,12,6.804712998139453
27.92493556406685,1410.3439834673127,62.1966336639471,5.8874341015525955,88.12092578215488,17.954262216726498,41.51758110675576,3.324311154153739,7,7.7576395065569645
28.799388347171234,1835.5211832063057,70.0674951713658,6.191657140619188,95.21548922576659,42.24346339216329,92.00619282869751,4.5537664112704554,1,10.963575161574243
30.000205481193035,2174.7341595403013,23.37283432759271,6.215682317283067,70.35768963385914,60.79820631912336,64.73349137632383,3.732620985114717,4,6.859329729012404
26.916625787093032,839.4568571538464,64.85123820479029,5.516902992124921,109.40546052038866,23.943762576109993,33.26404977717644,2.068459932215199,3,7.833139201455315
30.949818861265427,538.2897359936734,71.05116543932573,7.178415906078918,113.63427533982278,84.3025869322691,90.57318063088036,3.143226178708912,16,11.579205477623947
32.60122397189205,2058.2051727915737,37.16810254749886,5.563988920288649,100.73709397924894,20.825430995462895,99.43567267965318,1.8984276291758961,13,6.986307456444962
31.7985098889335,1719.3948503052318,58.42683643959517,7.380359669458483,83.55934820081872,84.75050398748746,22.36767769782061,4.996173050503965,16,6.752373207794444
24.396188253483572,1899.2791392442434,38.84972383021832,7.284148702187242,50.372095359118866,68.03531384517649,88.29138840571142,3.86977634807833,4,5.947161567870798
28.80506947257829,2176.309949977285,77.47826398894725,6.571043832171927,118.29449216202212,39.72841315606527,48.19383430317349,3.2647173789053916,1,11.32402382690346
25.04930178418175,2105.621869649001,22.005414346130227,6.587191149822584,47.41361671919383,44.306276078181995,59.54615795306987,2.4046661424462314,12,4.827712052439276
26.420450158625275,2421.840293857649,54.7875706299773,6.807555845912312,40.2656921990431,70.56070235495582,92.75935794002336,3.281685306168008,13,8.203982495796591
33.86662593267147,1571.8701577042364,29.990212822970904,6.274100023869774,64.21541137865827,60.110332566090555,97.73723164088496,2.0372722811030064,2,6.436916756174654
25.42495542901513,1476.9912653198107,62.73321231062952,6.794444566795711,25.684057071238847,65.3732191091209,37.28393238474795,0.6298917775611383,12,5.169431549874508
28.98888153451356,1303.77439978146,30.553417005119726,5.589536777376974,117.84944646717908,44.187346238511,33.092315531592675,2.277898350604848,11,7.599688376016365
30.18155734318119,807.382085688409,34.12299571390145,5.608095254699453,78.84335564164249,51.586011135569926,21.843907480278506,4.687163688109401,16,5.356373658850725
31.02464970544104,1645.214465764045,49.66224866274548,6.414460839239089,75.69520916641753,89.24006130284201,62.75281747628173,3.3183549264823964,13,8.91296298175338
29.59648683486914,1054.0250486519576,74.89009699981268,6.59924460221207,85.57962798997198,31.044215287478828,16.156373613306805,0.8778006638190572,9,7.906145771572565
24.097708474191837,2342.6150244259507,32.702862328878254,7.275635280671638,69.70236477772067,46.33921398915986,50.011355296844606,4.482471260277617,15,5.0703920341463675
27.26461308243992,1666.381608554195,28.65440126708621,5.709321267815793,23.206351709454157,36.88673906804755,21.237641415420725,1.7099368220368167,7,2.5397236350517183
29.177116433847115,1685.6803610162203,65.53860991124183,7.145295854387779,81.23112888403968,72.38336328298874,49.44419154899339,1.5969627188722735,13,8.758578479020688
24.878664991448332,1209.84932175402,50.03717194003586,5.920094674584139,91.61738769564306,72.30094692492905,18.394236087576786,1.8369093595114436,6,7.139972161608528
27.506269312091806,603.978703955415,74.70710674290629,6.288167297020063,61.67490606240531,36.93340957480469,85.99346715174535,3.0974100625668086,2,9.456820565468723
24.332031087913666,563.4875307459772,28.796873429590537,6.133204869654826,95.72955720711929,21.10427374747372,32.8278144847781,2.951096420452895,1,5.791694835954822
24.785784971550207,1346.670288306395,58.75567358138236,6.300310545730798,42.700129933842064,15.857450750415303,42.90624038042252,2.711361895802968,2,4.35993505499747
27.96923276201596,669.1307561944757,33.972748769108904,5.800990996145171,42.1276591066184,47.058789993186416,88.95407971154332,3.7289158858068214,7,6.64851278264003
25.327157540430605,1713.6939110802782,29.40562571909836,6.50714014880711,36.141698768757394,45.77531957518282,78.43261521323743,1.9244197910073155,2,5.667222961221291
29.67540848261558,2261.946011279315,61.00576490943623,7.103285179662734,57.19947597891618,89.12924089798972,33.61826073957497,4.01929034707594,3,7.546135683777889
30.894649691372656,2265.829633037444,55.62107719452399,6.3830680207577934,104.70120353890836,50.23515567732597,21.111450585887162,1.288947552703696,8,8.184470368170256
32.005866991090826,1818.0908202644648,65.28964750173986,6.481227151796398,102.79120621490644,34.23137771815655,75.83227103270386,4.021793550846542,7,9.157310078173772
26.0015024424481,922.4636629458621,38.567754586770945,7.197535170562628,58.28242079635038,81.84220807736006,48.20971680848929,3.487145473626273,12,6.600360509296254
25.674825822590698,2225.993662717744,46.878299382931395,6.912116229276061,78.91187359802365,51.830096224018384,80.11679992504881,3.574437392964139,11,8.089741935620234
25.045678403344002,2272.1868706264163,44.32830057982511,6.48090881703957,92.08163164749156,59.93817264079333,52.85005565189289,2.66699028707267,11,8.342251176522396
30.364302495436366,893.3071699059174,79.04536783799085,6.015391296378359,44.1206774628023,22.17515328211595,44.410205102643495,3.501506897063891,14,5.495015077224505
31.064757264869012,1974.8521715413544,37.534937404363276,7.269853493689933,36.814108589474706,43.71873054973305,53.35245969805371,0.8590867095175583,11,3.963692553961665
24.31586144825642,1073.039097854246,37.689034300806014,6.6540408033811165,117.2095993212311,85.816775585534,78.62751378200753,4.331980026722153,9,10.617571263255313
33.3621224624369,2105.2806247058593,41.272892529716444,5.942295220221387,81.75573132096184,59.212903813156906,91.6887243559318,0.749962550694407,12,7.401714860947932
24.519712836514724,2494.4757998072055,53.87564487741929,6.038239505276021,118.14157218336639,40.837639135684626,19.23021171002892,1.1693367944217385,4,7.879745610330872
29.412963353010703,560.0520106587857,35.139364655824714,7.106266177872492,53.77559871322291,61.92503854736948,59.54948100429119,3.0955536882375636,7,6.2008654657433695
31.090605194509166,2294.7317315818636,74.91739642275644,5.588291124174911,90.30316999741315,83.28083171835871,17.791011472129597,3.827351549555112,1,7.929633224872646
32.70969123746086,1745.2610671973162,35.94113389197581,7.48418437405764,42.26036365412377,35.54929503544425,54.814811327070494,0.8431320395581405,11,2.8247180438724793
31.140869321324278,2446.765238329642,73.74894389361168,5.760703359429583,46.12001712739129,52.88375388530058,90.24904047323653,4.643441663550439,11,7.153100587554986
32.01728083069792,1430.019035052855,26.20850381879508,7.092137050793875,71.1902121269624,86.90179904338164,45.73517264572632,4.881234419603143,2,5.946753790606023
27.39450192542806,2194.7758611427475,59.39376214397914,6.2895506335433655,51.961812550807124,27.92971074738395,94.25828579185468,3.2267757785346998,7,8.140180374044101
32.148251137465124,624.7881371965544,74.41913110629463,6.484432366574934,36.76215638405844,68.97479441975337,68.6017200903018,2.6655955491957646,15,7.420784705979978
24.80114846384675,1170.5581001565915,30.12496630389377,7.261301154929155,46.2880701989326,61.08607561522368,94.40320422240553,3.8362773752588737,2,5.640096255903077
32.94816656060527,634.0330755024199,78.0996176059553,6.325822379178426,23.574839446586463,65.97563483554761,79.35916316006417,1.9776080854724243,6,6.614428007771619
29.475923761537363,2450.686266958141,47.173001624930706,6.574987507346469,90.44236214774867,41.34147230006772,23.791989165144795,2.719689953472979,13,7.677219475178079
32.17297769962494,2133.9478145436733,76.74290650646147,5.598599324818339,69.21166570858617,38.54095301128237,34.64786624282755,4.6226796206648055,10,5.740833877149471
28.523182845183,2205.0948424919407,60.60920261780282,5.504694947734906,29.424306640452563,66.31572529412779,48.50448863959802,4.800449413586901,12,5.383044710334547
30.43577695196525,2375.9304628677883,38.09521219241309,5.989599746003452,37.16939931284912,31.1657463828409,29.459084971026464,4.671811022230333,16,3.190022885739219
29.26402660936113,670.2069722395707,31.298151495026385,6.861166185837535,30.2534538112644,46.47410586442538,57.067486406016144,1.6810163013372807,9,4.845104050393719
31.31589521755332,1271.1951850266669,38.22410277350596,5.742529786718274,81.25928082758765,29.113098453968853,55.0662932346267,1.5461106809754352,11,5.773206314728371
24.816299820305897,642.0697780880042,25.5810445557605,5.727523917609099,29.421036361249378,15.622863084249731,96.2820318323274,1.8394902766819141,5,3.3185391857794664
24.603520839905638,921.5862031000572,28.632077980599785,6.321921216071806,95.42823330352161,87.75430200285521,51.866870046158105,2.485900005748071,10,8.7301341910279
26.471032340101466,958.7315540753448,26.27962642078887,6.795674077216453,22.051091932039117,47.37772339923143,81.77827836447982,1.9137533575638361,7,5.0835619226989035
25.595446801131885,1438.2144220951573,45.37661262449346,6.924143984495861,44.93757879958921,87.70122108148689,95.06239631237578,2.1839575808257607,13,7.810563522727844
32.71783566592202,1037.1243349072852,67.73470257545519,5.856901348196749,109.06666758919071,25.52426398258696,89.54405063278877,3.292866284543418,1,8.76761597692336
26.192139873580444,701.9562136355222,28.483013252980413,5.659176294744085,91.8531318122246,59.052508459311454,32.73674808348531,3.9313655469228914,8,6.872814578621167
33.758652558191315,834.9821781882154,27.81922599034015,7.380794067891088,27.29683329256877,30.073052459342968,57.16254101155126,3.8100118922056265,9,1.5
27.368957917711068,794.5511271041819,58.605736971039846,6.021332765124203,102.11261044851797,74.2555595222456,44.55788149515369,4.164906051856184,15,10.123086037397469
25.82117915688699,2446.153595824597,31.83097891808398,7.206692995217447,69.30351215402048,73.77772415707314,48.98798908666332,0.6448298144693098,13,6.441406648756602
31.89698507142479,2018.5850138369472,25.8566022865395,7.226982900925637,104.67830271688292,23.445536177948384,45.66858023088885,0.7148020535544024,5,5.798368783250248
30.58707775500876,2435.522930539124,30.01091469233466,7.0450451835250885,80.07397744503933,83.40483396572918,85.24053286487535,4.052223323098832,6,8.601188634520108
28.98195716453139,1379.4809730158172,75.42388375260657,5.83766721330514,88.18330320328587,29.59722354024185,53.43181968540804,2.8988547004608436,13,8.472774197876502
29.553635509376313,1056.7369633253134,69.28827516657145,7.1436029185084005,119.35015603957082,60.97330061920203,59.5140182407985,3.1016330319295413,11,10.934636633684363
31.192017782722637,2096.5863944183734,41.24387374130565,7.038501118483174,43.233554592401816,88.92252150657781,98.50802534900134,0.7366408709646969,16,7.68297080326667
26.284547413312985,1152.5078360822936,59.34924603964357,6.693445980212434,82.39455747613883,81.17974010747729,20.098238136278898,1.648912105270719,16,8.565628268313548
33.963339160567415,1098.7667474106966,52.236540420082285,6.174404070337905,66.03213900573984,86.74229464208767,56.47639938221365,3.3725943719846496,8,6.931633132223342
33.74793162146783,965.0119844156624,60.62745580895383,6.025017208533088,23.945195292269144,40.694907841358955,80.79524509041987,4.366318505498043,4,4.166849633606986
30.503256863469367,759.3579564484708,60.96026914776556,5.743778424160718,21.447064150286504,22.918173166459752,27.848766445999253,4.626425287316311,2,2.90102594900673
25.99542450929145,1012.9261220335319,57.72404090359957,6.519514133801743,31.922857781785865,29.12601549670876,66.98018554225578,2.7518877312578676,15,5.9306878955099425
30.802282424312914,1210.6394969477753,35.96608211223852,6.6705217510196935,84.90917405385481,52.53711713074604,35.35450626042967,2.954634047321889,10,7.063695481511635
24.721984089791757,1847.988416291461,22.340385245769088,6.218677981031575,76.71630879133923,74.49222587049917,88.72934962408824,4.248723339810459,8,8.073590112062952
24.30652502205806,625.1296844389032,47.33400691940653,6.450718135361737,75.34295611637275,26.26152331379064,42.80347155900674,2.919310703363096,2,6.164696913277032
26.576828885112135,921.0138793306859,73.45843308144222,6.227028914738534,23.18567625282601,64.47986491955677,42.97033943657731,2.8258633649179283,5,6.572445619595605
28.626229567393164,2118.047280583353,54.169835511114556,6.782012114641402,66.93029963600071,39.26832030296339,65.84647967402094,4.572878169924292,15,8.222749518869024
32.682725054083804,793.8438471675415,69.94346250211447,7.302518415593127,112.46228178425285,40.59015542941151,30.602847190192243,4.054697244751461,13,7.606803084339106
31.271690697663082,1185.2902930450432,79.49746057767369,5.82784052409389,59.75918693106466,64.64382976184447,39.21553430676019,4.590826368625826,6,6.889319219035665
31.42706521199981,2229.31784371628,29.816972248296576,6.262817619806247,82.49224697884563,50.02495646499152,50.41370726014998,1.482111746515192,5,6.512077173026851
28.254933344480754,809.8506222868853,61.50665834851894,5.781737207901722,97.98186756231435,75.90249697694955,45.05921836690938,2.8596896899491053,6,9.686986443229019
27.45934992546963,665.4736712363798,60.45761442200148,6.7498875408156636,98.39252791418876,26.69388822471203,59.614563530474506,4.291124578670111,6,9.478468094745175
27.710387629846025,1469.0759901600218,78.7973268414967,6.957741018977192,71.92800823952714,74.24612023252789,65.96941224586213,1.0001652236019902,3,9.970537752337142
33.87649563736058,1104.839022557073,79.13604403716802,7.363825465194912,105.79519454023364,19.817643604306564,63.16673356876399,4.075979694322828,11,7.399921999070571
24.401091914124827,1626.8167289677083,61.20071670344777,6.05774385252193,59.137809336374694,29.554041018420374,70.60430651931424,1.3233802253669125,11,6.144555703347893
32.670314961224484,2107.60978096695,34.616887518931655,7.40042241173086,108.86932147847983,64.2112285877374,41.15870891166472,4.136534397433945,16,6.894012015553533
29.786754085723935,774.2969763054864,67.91335028783594,5.626525343641349,44.02271663955453,79.11942423833034,25.746229308177384,3.2540042190059064,3,6.041308768468431
28.386154191895905,1661.39816910857,26.421748052662288,6.706027726729176,48.0216406990571,33.95097208045118,79.66864102164155,1.3695619616819021,9,6.603082867548975
31.252576604151365,1511.0175207797279,66.84195825029772,5.61426543868666,25.31206241990011,39.53937043716847,87.31633252360797,2.630093806997605,3,5.2865382429478425
28.866689414247027,788.1575720263991,74.61176744868177,7.2875483755238895,99.55818365422829,55.28405612150549,36.84552973890674,3.5685732490734723,3,9.413528939286724
32.73423238081661,1747.9969710579649,42.97000368610611,6.559618114140108,61.70552362327056,30.867960486697676,49.60281627343168,3.3523380539759406,11,5.454202315618215
33.007018640112584,1047.2808357215433,57.83811769898483,6.838696701525592,42.9116613911399,75.83671961906293,57.3783834419022,2.4226123830426696,14,5.966252986110151
28.217209268734553,1475.668637088025,45.80856392580958,7.163147851820905,43.17902776165796,73.02274837543206,60.332781633999595,4.547149380144171,2,6.736535400209361
26.768277972350518,664.5446485541238,46.26590329928771,5.800621244967937,110.13999412292331,25.89687839743362,71.0566645424504,2.8366853651952995,7,8.5666067244567
29.92350328593362,1419.168114427246,38.6222533464872,5.577183123876267,103.3916600461037,49.78722988624741,18.536274835202313,2.7764028433790977,10,6.297524369851727
33.123633456166914,1112.9269360856406,65.72777722701949,7.2577622918257045,75.35308853571833,73.1120824990966,76.32555203239144,0.7801276547365442,10,7.5312478565918
26.106621890056665,2144.762422370709,76.17059384999031,6.129866454917865,81.61108004157211,40.29971483275611,20.267535593249875,4.649541754089367,4,7.6421672559135585
30.229665835634826,613.9574539947365,76.44505155406767,5.757957815854331,67.4325570550291,62.483011703829874,54.80452825219377,1.2970245590526785,1,7.859178375998664
30.315602200925206,1337.21454983666,30.48687709249603,6.436922474174173,59.16665428788089,18.765984109317955,85.3520465233815,2.877551120464494,6,6.25347120730457
31.33113022415281,1416.862848262876,72.48461897939396,6.696612151392038,111.54768812183315,60.65165703969885,53.35330162866368,4.116054206301396,5,10.343454921488322
25.3156768512726,1950.0121525982374,64.24588648562732,5.56194120684502,32.561270352030206,26.448973500045525,27.67262864530106,1.469539746300395,14,3.2951198034537073
31.158249646820884,1648.575150180422,35.170244041417355,6.049791316514176,61.8446789716228,77.29374938358384,98.72787682550657,2.873179804868785,11,7.672805292491569
33.09032520665641,1834.424674388362,24.037076775290874,5.565599748553792,54.45619079878753,41.658709768535886,90.58926427631238,1.5830820915050339,2,4.206016322330069
25.79683108870242,2054.0985713035125,36.079836013062675,6.340670778390998,69.81507202511483,36.11653970461468,80.56165882412618,3.918627490099603,6,7.179258027692012
26.375433249238775,2224.4059473163775,74.73249420689154,7.290200058132489,65.7631874545175,78.06667325336137,49.97848624643289,3.039535255429178,1,8.243069163945282
33.713950940416396,1127.750993444941,57.99072049374634,7.465304822987139,71.88895316510815,18.760801730385765,30.62688678559031,4.351891371778146,3,3.863586067500728
25.809769527094897,1576.0454107278058,63.26327965387231,6.7740951070072555,33.991897722699406,44.74565995007586,95.0199504205726,4.525511012948223,4,7.095283738121966
32.54385093369579,2180.2161568783995,35.42914106654575,5.823275387569184,71.31415015132771,42.750265543127355,60.24984575395681,3.4193006710042915,13,5.505892830018361
28.922778564480346,2478.902261930113,63.163289334489214,7.311698779998611,44.24188138872108,36.36002806871632,87.45021413293624,3.76426060771525,3,7.0810187111158385
26.47231074403177,2279.038622087526,21.687290376675424,6.532495646400121,38.43313489881913,83.38157490011078,44.07807548955119,2.9714904494908865,15,5.866222903423503
32.707499012725116,1242.9345252487537,42.51928074638083,5.807498624205836,26.483421878619122,71.31962951375417,43.499506951755,2.2299292988032233,13,3.3810961840078058
28.453052550026655,890.3330344373009,57.60520091253987,7.3434533389033225,96.26525587561409,19.79423731439541,98.77094085729333,3.416530653593756,6,9.220142022779289
29.148173539296902,1478.7850748131773,28.765793932479212,7.014938101446206,62.744192085655996,68.60155870762156,59.35580912206223,4.5872988056929795,11,7.067884993093946
27.592333693997656,1983.2829036720846,69.38021446681608,6.963410545446303,82.66436833117584,54.547434984659546,26.959111028163434,2.3750617119414708,4,8.42191239911143
29.929508514349273,1485.1381415065953,34.10187792871512,6.91836140758881,92.75933433047433,82.56509208011845,33.67234762955013,1.914845118682079,14,8.226033052578774
25.63523872585023,1466.361726627337,59.136866769106774,5.900679642192885,87.93166653135535,38.470921301126886,55.96526374838127,2.2479662234865834,1,7.931524500817116
27.910815366517607,2176.4608421636012,44.31182855451978,5.922013383415052,67.05007190896822,58.06214997071872,18.610027391514965,2.459289335952198,5,6.4063844326714445
33.694123223352875,1222.8075581343728,55.76261572865883,6.87658599685451,58.789852895172984,52.556645605573955,54.31538875715554,0.831024630399723,5,5.432222356920684
26.581334327011277,2219.589349623291,26.447033157734488,5.939445500220794,57.595990964066374,51.71706796707043,50.60997157681085,2.7429882819574747,9,5.70609334678389
30.56736664541292,1313.6096019034471,21.014767995296438,6.377343393606098,84.00487969300563,49.207904963790945,81.2435825521564,2.7244141162252684,16,7.766224894630772
27.251900642246948,1156.4662113566787,74.57386564281808,7.064003651187883,69.47943549418734,30.422210664921096,45.17006698158555,3.147997224382354,8,7.476540280952693
31.734731256866006,1407.979822399398,36.177800526030964,7.067905036195682,104.91322479885106,71.67824418692945,98.51664473086595,2.1326901371209916,15,9.400042804259792
25.308736607183498,2024.893917349737,69.18062016682754,6.406523545051719,107.47019843267121,48.85020245544665,30.365443140576765,3.258984181800154,8,9.289906123729228
33.698210450785446,752.0040557279885,79.961018028332,7.08437987655049,37.05603780065185,86.88872062519543,65.23386822229146,4.451973396233914,5,6.224338117707246
28.53789541383639,892.8384317440348,32.685875479934666,7.177243592396113,33.62336515457257,34.56063203945823,22.624440245701642,4.799619457228239,8,3.587978357324489
26.36050463346464,2402.889651326184,35.910244471001334,6.809551502568521,83.04009260359996,66.20578797202808,77.37843863948848,3.1262549726347233,14,8.704011978557745
24.734967473300127,850.9832547627148,59.77158725807994,5.95685170461684,50.122574806227945,85.55378097293314,99.55406348526758,0.6916592928664089,10,7.911934677056213
25.697579050875408,1635.4546358621092,77.92691807603728,6.048023560771095,21.857071876509885,64.75937422620694,84.62678420888874,4.86156198770199,7,7.089001386180243
29.197739485560177,1658.6289333238758,74.94886089144464,6.12968231081747,108.86426693629551,80.3454680713046,62.23480096122561,3.6763792740331533,1,11.572767836616576
27.370031764312863,1479.2489241004896,50.172531203935094,5.733608215467904,42.69007672438083,77.06107198177546,56.203015378973824,2.0118364184914346,12,6.991076062971326
32.28883365882609,1789.490497153637,67.70661695160348,6.046319240739891,112.92806516858091,42.00882866167529,85.977546707682,1.1622096543367553,7,9.710387842015304
28.308875236618057,959.6534515952369,28.144751185994064,5.919038448625065,91.74344508782536,60.00929549546224,94.55779720041157,1.1453837550632373,11,9.190336156460829
26.4871427258763,1605.3245355534964,78.64629105224074,6.410657499617204,96.26534899114843,26.71960048585167,99.0825546928379,1.2548498276282123,8,11.070216987278366
30.1714498660403,1244.3465104937943,77.86119404215918,7.31687509574453,40.146149579316045,55.16444120216997,48.70583434298115,0.7050763472621914,3,6.04490381177265
31.067772168854457,1823.3345192583781,29.82373747275026,5.708960633507916,43.419442561681294,32.28164788607529,99.22798535753354,4.559693848938102,9,4.778624276834597
25.6704190790095,782.447086746299,37.965387488186394,6.940535847894791,72.12677538240658,70.78026112143343,28.253731434775677,2.9334570477230133,8,6.5797631125193305
25.676192162883176,1641.7548336789525,26.009299850406016,6.874566008826255,37.209985264986216,54.60438164190934,36.55173095421228,3.6498173572122674,2,3.988112390879653
24.36671426933543,870.5407107666474,36.30305593389078,5.691508397326715,50.54316926830323,45.842052197374535,22.566370602381177,4.226488291707383,6,3.1468906397577907
31.364020150656405,1057.2861262300728,68.95734736491241,7.3451448098116,52.14624779478045,35.15978221252332,38.09777390118094,4.0619345284994015,4,5.2089073930808345
30.63804527621805,937.4196006471665,42.69893642991557,6.636944404313639,35.96299332527641,89.90238613809652,80.27469188753095,4.471725306779787,3,7.437709557911686
28.746308757498138,865.6755597376342,25.3038180288055,6.227451042271369,40.518283339516074,20.378289066369952,87.49857044516823,4.852645801362283,11,5.527394341132813
32.44170448969197,2151.4219031213343,40.533531486734276,7.013077166990613,98.85518420082566,18.267051042931502,81.2058748337186,2.4758177663387277,6,7.001469117992158
32.05670152950053,1071.4151353217808,78.88300005447681,6.014730916803268,36.71958545472684,31.29430503703984,68.64059114425419,4.776509600007757,10,5.714641577476348
29.85354364396752,2354.247563728899,57.78101571555217,6.887019674092641,22.845739184392247,87.83043439708648,58.687153564424875,3.7548047675426734,13,6.673108875403085
32.68271280513259,2439.8530506903817,44.96965678436946,5.579422415144494,82.93549426289384,88.44286262399883,75.23986458315994,0.8180068563863532,15,7.488695007700687
26.058412100367683,1642.5209398741947,29.992310809836198,7.178816075218544,117.598311939245,64.1195801079102,48.22085168771385,3.5680240454555543,9,8.709883689438529
25.119196193977277,786.0022453314527,79.17060783702169,6.396341694042637,53.12138146231214,81.00800004048035,86.51120987747466,3.590224968221819,2,9.464655076358458
26.697496115169898,1249.0964867591624,69.25094055578774,6.773385828715884,31.865570319625228,31.047129813059655,72.56115798802676,4.576372537066372,10,6.512137288562604
24.57086856089315,2095.464526696428,36.88863814705516,5.9424756396133676,77.03873253675309,87.90315706324677,74.31339937202472,2.1781945961154143,10,8.010143659675053
29.31169528001032,1234.781457394141,24.204121743271365,6.854147425316896,110.63542110956462,25.70886376046735,60.554559415971056,3.13210175122318,10,8.030937584564864
33.36605692294961,674.0344366055775,23.397533442653483,7.044480551786553,98.40617798284788,22.584389113624372,90.24446365794967,0.5548439795528413,5,6.3882672578814645
24.393435406685096,1613.569821856376,27.22268897033203,6.446426373768798,82.2515868412716,23.415865443545467,36.42125236271946,1.994338589816012,6,5.546677142259384
25.221099140100268,2190.24170299207,54.8461150168653,6.735453848123589,51.50564966075994,57.98459424544235,47.39755053568931,0.7800967677145142,4,6.239624929595456
28.521990282834352,2091.8527742870046,75.72580527232955,6.412651847644797,74.18801732762199,73.57308005385393,81.09961842260357,2.8484283774420365,7,10.835122208841645
33.338750175279046,850.2462802607065,49.80460568035907,7.288182738515691,29.124484130425536,42.500038340597484,56.8836561709937,4.178514427281289,2,3.0566875884843254
27.161561049767506,1845.5292288249334,70.57672894737183,6.495738361028638,87.894542428067,88.34219908395949,90.58319114105622,1.4289921145808102,7,12.0
29.072348086883924,941.0085268712942,46.75319719158847,7.183617418057638,92.50960188976508,47.58151035887471,44.44394217984245,2.873484705010003,2,7.67426742159804
24.41572859050392,936.4150691043444,62.515012746069516,7.102704116540497,116.50316229099188,26.28364130799122,46.3930643496698,1.4180388642984518,1,8.137061649071114
25.483432009620888,2248.1435466103703,63.91236423719005,6.321009642696713,46.039735874507166,49.94750611396025,90.54254209786315,1.043098105308082,11,7.71761817341761
33.86630122958847,999.3379054804603,30.43782235420032,5.96016898371495,21.845641904302266,65.927787406683,54.47147721547349,2.799485563704541,5,2.682399254171645
33.651186964360456,1026.4946930360225,41.67296353854871,6.3121642651195415,74.56084644271506,77.4169335378284,58.870589657211376,0.8561687942737743,2,6.968094133049784
24.049399809344095,501.3067815225991,58.23812939228144,7.15243475155044,90.67905043968145,49.40762174674447,43.28491580353275,3.143095840120952,8,7.295478212024972
33.518117854232386,2241.338068251035,24.24179649106197,5.9552650716387845,99.0407475882988,59.52051195368756,38.51694508522196,0.6410185730452682,12,5.906878675972015
30.391199378155004,2085.1896264182697,41.692411265777395,6.5488726917154985,39.373893302481065,35.050853411914005,70.75564042126332,0.9802173734076899,12,5.660267497701156
32.679182945200225,1754.657870181356,52.087967976871546,7.112193495921495,46.175286903702364,63.44373948041355,25.18645623100233,2.9749886846931104,12,4.674209940260605
28.547398556338592,2000.5315278776845,79.77346958267832,6.206954950256757,71.25909252672963,88.94789579627577,89.73817450054729,3.161333358045112,8,11.467734504542175
29.155960285792503,804.0971348489836,48.472013757346446,6.784419274005395,53.060080997000185,18.67901794408454,81.23226662503417,0.6304411854219114,1,6.613626968435018
28.8884658025692,1416.6471891751507,68.96340542685942,5.991263148097629,106.05114865874451,81.48980030288759,31.213602414993236,3.080195546007013,4,10.53551858886843
30.668642575461043,1202.4387746975617,45.924037103997065,5.71855889073632,67.37601537387204,57.17118770756421,73.99169539508806,4.273261363956367,14,6.830669459161543
25.39651254756313,687.553052514033,67.78344335718253,7.088768450185713,99.9578644102003,33.907399467172496,66.22379830927896,3.7504227978227926,9,9.03805628008566
24.29973589872678,1472.2609704298482,55.7248880972065,5.697937246817414,78.06197604823538,86.61672825069435,30.68547931261475,1.0903329676435938,5,6.837364364271134
27.07929941591191,2341.4793006852706,73.1957264901439,6.042762790159169,97.3090141617112,51.25157272941742,38.22229801426976,3.166135914036267,12,9.637864399943654
31.04680762736647,580.1182381013889,44.6565531410066,7.2102188439948804,53.267298653032384,39.87676887550392,49.76385281737592,3.5251362503339605,11,4.884951541781625
26.018534521229483,1082.9218269875878,56.258265189288736,6.192938574157335,103.14166219303112,28.612322120313088,74.43563249586528,0.667540407885313,10,9.439331860341618
30.734324333249173,915.081872411407,57.801120837129645,7.446090699028322,47.457231555102155,33.33391576924966,69.2914897494455,4.349064509076301,13,5.536067651264226
33.6991204610727,976.2933073313926,45.0429765080284,7.45946866954772,74.60988080032908,77.46367811935819,60.239962052519324,4.578203287804236,6,5.774580023165067
24.939007157894185,2316.8691037587505,28.65872262124889,6.036552040907114,41.40071131738742,61.08075069878744,80.31489616469291,4.327035230130164,3,5.730050574255829
30.726021182251262,1436.1381084685804,25.613564414740132,5.581956444499781,67.55265216261934,83.49342146162371,79.4247078665241,4.21084160595101,5,6.610909672750362
28.43750219304571,1432.5988258796376,21.000293035977986,6.9101265684107585,51.81752095087032,32.397633911833935,67.51802809529175,3.85234339307402,14,5.48108924607475
32.68142254377506,2021.1512849105645,72.41205585471288,6.4019730052966874,46.670343063721425,24.08539303866761,81.89415708771014,3.3504441407688206,12,6.269264962632062
25.77149789447386,808.9844080098517,34.18849473432167,5.701505687919153,116.69850180280375,15.45656482316925,43.412386856232786,3.5538215224471337,13,6.954936614990068
30.926259522261645,1474.5307082001016,32.69040495690608,6.915045637956085,36.007410548673064,53.089652821199536,89.90620990742147,4.128778820007424,13,5.609742723269969
32.381152896481105,1359.9704282421194,64.16212402556394,5.562349818223843,98.73258374573953,89.87301977864911,67.26735729316496,3.481243062625871,13,9.033318616582854
33.44614219474023,1693.8213810933123,39.20096678524351,7.240393380984484,118.4164959483215,67.12239516139792,84.90089867405659,1.9747713050693194,1,8.782450626369984
30.83248028289646,2499.1154065008773,50.3626815447102,5.777305058226608,21.990148374007784,38.12959439738596,61.433723907174134,2.191824959726093,8,3.972573142200949
28.971747640084274,2038.8977881640942,29.750663917847376,5.75462375749345,89.90274140420951,80.76439372696288,33.56725082403783,4.536758607675314,11,7.708586762252059
30.17847240201214,1295.7314060348544,77.58474328771815,5.851344595937169,45.29118055562871,73.62916994909698,61.104860937656234,0.5770493860872286,15,7.729722644335927
32.68904984478718,2155.1061045480938,71.09488400103425,7.420532716984133,24.048782432830443,16.156137455740446,46.544491421009994,3.6446926155992694,6,2.9438395565094497
29.706097466388297,841.4167266249603,71.8273773779002,6.886338720507692,60.28895789566308,76.26453604057669,74.28741806315304,4.79649898591347,16,9.138950189827977
24.30387059696837,560.9273726179202,44.40642491432031,7.102743070927273,113.5217810170875,37.539506792887195,55.44247229745254,3.6780267648108813,12,7.78107570821418
33.30948695506978,908.8967449285461,65.74167282243036,6.2952699714655065,21.176509436699767,26.225509843770084,86.06958841885346,4.9726039470430194,2,4.718485927159035
30.895267510315612,1180.8231122285192,28.63256932338681,6.172625455009911,78.78856919297817,31.974812980280593,72.63616354736291,3.5939520748774885,4,6.402253484362615
30.765133857772465,1521.1615149191198,20.517140155506816,5.968968013566339,70.13964785953243,50.14348532813543,73.18627680766254,0.6546336314758748,4,6.023153720694614
26.15675152397717,1730.2582810823997,21.198375954681687,6.461296056624818,107.33841643710475,46.865094530100826,33.45820334674052,4.221544467411157,9,7.9791066328347595
30.58885470232657,2321.2114344288434,55.19610424427363,6.603657467068337,28.400171452062565,36.66654745306701,98.66123015175968,1.7808346037269358,9,6.478038732763084
27.938644056541584,1519.7080191009154,47.32369431487645,6.7635496873055105,88.15260298866504,27.91637416552745,86.54239278807654,2.507257515489984,5,9.133245153541091
30.512329770414922,1502.551289251459,51.080920934511184,6.014237007997389,88.01096984332773,72.1673092231627,82.06541518765904,1.9044136215818694,16,9.113720205896824
25.065930303079906,600.4860196459642,20.447788425033163,7.397308161805981,86.90800168622832,89.25823378011879,43.06829413860233,1.7084934779435574,12,6.620824839306438
30.57845304603036,569.8231053124476,45.36119717944554,5.839516996414272,114.2334494935037,73.33436853147678,60.52869049201471,2.441325666514034,3,9.691190889312216
33.99413725770667,1602.319923832744,63.08408967205165,7.431306349532825,102.30875290068805,37.19527257536559,26.653770986317934,2.204381517983032,1,5.928939978014748
24.48212038860556,1376.357226496689,46.56162211804615,5.529712245015007,24.197272624350603,33.36067210591,60.77045801633001,3.3500236182916523,6,3.050311018005237
33.771741842213174,2178.3607899605972,63.93315237873333,6.462251383633691,67.10828507045132,31.32494070494537,27.400585951079417,4.159180404443798,8,5.61052289978233
28.069079607228705,821.3591694236903,33.98113786381009,6.166735676233126,59.79530562013335,25.252130586677723,62.0082167391161,1.8368989393425834,1,6.423569831900022
32.70753450337259,549.9433242340992,68.78852026890353,6.398246827860501,51.01472210908021,56.34979122692259,70.14135981316699,1.4617451876990784,11,7.040582744344943
31.823854840582733,1398.0775358602518,55.30587442720714,6.641329157961578,65.13367251540973,60.40502789650081,48.1666572162417,3.5010287189165403,1,6.599418096604737
29.67016260986668,974.957113504515,32.645785965794374,6.371178316025418,58.41941849259774,67.9126995497353,57.37631465815993,3.5164402962385175,15,7.057070777215792
31.384492092513266,599.2287466776748,34.20322855122998,6.32969370060319,63.23338998786653,66.0160028200251,89.4305379523398,4.555090576787773,11,7.711740833749225
32.78515561301348,1949.196573695258,57.68182787417222,6.965446830826613,117.92618656086425,36.92499834625369,24.227867299738797,0.5717555890398989,16,7.660530121473521
28.04140321651033,723.1859999144949,69.7963755927466,6.871752550172929,28.863297474958074,39.77332540476349,82.2972959049705,4.338682979524295,7,7.198413229836168
27.270331615632387,1716.6390000155434,44.93766692174931,7.166542564071696,112.22308698387297,66.11359015817534,29.514136834676695,2.8445097782676063,7,9.05514948538855
30.675933855635847,1062.0995003337785,35.49802574765553,5.999917962478991,68.02367134710266,41.208573058772124,18.120178538393414,3.295859401274445,2,4.9375024014889615
32.07845941941258,846.992100710044,72.02069641463603,6.719057019508127,82.3742245499541,30.946739221448478,30.773841233329062,0.9111714825263665,3,6.892868423678635
31.622851347766158,1259.503045838635,60.15609750505009,6.670389570785708,103.01829666176938,43.07521152725546,80.02867114749162,2.4467671979242054,2,9.203058249618774
31.978136488586344,2102.891552445907,46.88512923698459,6.2394756217453775,56.046302914925555,35.40631181834833,49.4357162336331,1.522860832573357,6,5.27803349390477
28.355833148129328,1284.1871538091455,49.27401171675811,6.472115083805361,63.04219080879669,21.623454091393334,89.16424393192547,1.6440126353712907,13,8.376754909875167
32.178342161750216,2001.5392984221114,32.255388076183785,6.127564286611458,60.95184802787139,77.260417670749,59.60014100049259,2.7684280160421233,13,6.0715208155425
25.202090553706086,750.9725935983014,57.608157803890634,5.783688795233971,57.47310225357599,78.98335418677772,16.89127991373813,4.156051776814006,8,5.8224666825521325
29.444890979608495,2045.5428393301581,41.52455063257332,5.927602421325465,112.5529321646895,31.48127251251596,75.92065681616378,3.8470141856518527,8,8.900809347223287
24.057586604981214,973.8666498132973,79.73871060046096,5.711027292802402,102.8929891193012,19.857914964390133,24.36979724130478,3.159499815886792,16,6.5150826950633824
27.245858299002702,1854.7862597777455,48.81101091571327,6.866139150380248,30.89999898629761,70.41205780133846,82.09726884426358,2.9273818673906016,15,7.375905441110331
27.66461534871398,1631.5631096819927,49.15313637137679,6.821454786218303,30.812335247709605,30.864646939756028,29.288716733440303,2.4228771945552046,1,4.6944448075243015
27.961726916092555,2358.2894344233746,53.95110724464031,7.401212743159745,62.78695148529912,44.50766170776452,44.36294279346865,4.877194881026239,11,6.836032900290715
30.954672066898624,1274.645035950628,75.00536018712481,6.959356827294482,29.865737673280904,19.810143917803742,79.70807151815562,3.02086649405405,9,5.736742015312572
27.885581012703458,632.3303776688808,68.04908599158502,5.604091677512263,81.90930952711196,31.97021885688264,96.10966538549584,1.6428487924049995,11,9.217063900390313
28.486936226225307,538.3109711025058,47.067804187870486,7.268490347857909,34.36916072617339,74.46767087472269,46.571885804972254,1.535408564180178,8,5.872369792921689
26.375441308743277,2153.7171219455063,63.12195595836776,7.225350325891451,72.2373263966801,75.32973351864014,85.49901871690955,3.251088638488138,9,9.308684768510865
27.7325179162934,1549.4712753228644,55.1741299268457,6.386640641545397,20.721994700371773,30.53136186657828,31.21734256544629,2.8527238728991793,13,4.9635267064019715
26.272696272631514,2050.4881036698985,49.542022922074935,6.671726101055843,51.659634841264676,40.193538383001716,83.61028046721174,0.5346401132962075,14,7.378667176532777
24.731959237684435,968.8512000230294,31.53894636706103,7.452156664945038,87.71907236726554,25.067881432030767,70.88699503678134,4.235294174881007,13,5.95654543655972
30.03448593381378,1190.1674910264674,47.83617580729346,6.564608727696332,68.40389402278484,20.56294727136918,31.383198113051318,3.6685505940459557,9,5.936818319392414
30.682127985550164,560.2077444226379,34.74911522135448,7.3106436567521795,117.82694859989881,89.41287858363071,40.71283662986998,3.478231803551466,11,8.746695283887952
30.194903460096146,2422.984649148224,74.89052899109927,5.666077515620373,107.41037960662108,64.16954634336294,26.20052553074806,0.8095129596394652,12,8.938675797556284
28.634940438005724,1835.7358134016267,40.12440880978082,5.882103737417365,55.90707790431512,55.65723818987391,47.55219594046663,2.1292513257762113,6,6.34657043605139
27.797857801792297,2366.4101755186125,77.13584087200233,6.381509886882636,24.54865414722746,72.41238753039747,32.31013449547858,4.709220173297538,3,7.015719644847728
32.633336495718254,1030.9928148581448,51.98331740568267,6.669513616674609,104.56263001150188,78.00578697657932,69.73982605859024,4.381651586036137,1,9.431719251936277
29.19081785136218,1722.9272224513218,57.89266272056962,7.132455703725601,111.12343103146713,75.50360760335457,99.53293385874748,1.7849432204129005,11,11.765071552596943
28.791818776297312,1856.9999365852757,52.57642666935966,7.4765242302863735,102.06273934190368,16.240458696740745,16.02077886216245,1.2067649784461243,8,6.331563776982618
24.256420658064357,1135.099400515177,27.762837018002053,6.277702992948233,32.794994091976484,29.010592364287383,60.978184129420384,2.5208958072585967,10,3.5941730969289303
27.412478276261563,2196.21847003126,42.54927314047646,5.59483127228017,119.79151344122877,64.11789765883734,63.761660791665825,2.101236704004474,3,9.881217670265347
27.801956187858572,2394.322925800496,25.948766736657436,7.102343006590649,45.85842215527738,43.181951085297214,92.70774712286901,3.5700186951769597,13,6.652920823997088
27.988227808969004,2269.7102353920086,57.3772426510029,6.708761438165617,92.42049128083701,88.68619882958302,58.01045345518969,4.848956645379438,7,11.188426979023573
29.801723692273324,1978.1339518787452,46.81245171202633,5.897085717736403,110.80348763357216,64.90535944786905,61.21462066981798,2.1335065249215264,13,9.385607899879671
29.336025467268783,1054.9293594499081,66.6790982942562,6.4896569132428406,43.568711433070945,86.74116815469048,55.09048811291303,0.780008776935089,10,8.470705392446582
30.079050927934446,1063.2320842112636,33.22822885996219,6.9846204910674485,110.8258554677066,30.10848612343454,37.85686588772592,4.539263037540733,6,7.478332020539118
31.648832615421284,2426.7206408920756,29.873963505760095,7.0408235741372875,50.9481579194867,79.79677710862673,19.76247632615766,0.6707737860794186,3,4.548666067439313
32.12985738716094,520.568991871384,44.37993385782607,6.499236823997524,117.64132223840562,39.1014229361419,49.73590298783607,4.787446537189998,6,8.663076830735106
31.181230762264946,1932.099946484289,75.59512299310288,6.110429060257719,48.12600203804746,89.21736061783551,19.470275055457677,3.490607426040679,12,6.663245346561247
33.55523695954935,1912.4923251105245,62.625308900744706,7.447485164076987,115.34358247578352,26.82665040548605,61.791859904603015,4.737601437988771,3,7.185043252263386
24.182325826763616,1745.379081899595,45.13541748757512,6.8267252219129855,25.354465089267492,53.725486412874496,41.11995967559491,1.3984685899204021,13,3.8238306993244864
25.95777985683546,2480.217692173732,51.036330185258635,6.316475038692597,90.9272011669813,74.46334003778415,60.356204129661364,0.6831490786421344,15,9.58177324122372
24.075628749781423,1123.7588715274505,25.0527806706259,6.060926448409305,73.21111338370036,47.44818604530269,26.415241973590867,2.6969449022442133,13,4.905769982307973
30.47474714154603,1179.9437275864964,79.0745537825668,6.962205966007124,67.78770771227306,50.1063045140735,94.27354708784557,2.5278053655655635,14,9.097523244126581
32.98030548949987,657.8788058931111,59.984438281695134,5.984366891187536,42.349431425584,88.97668466293058,91.03430570174447,1.9917152296469727,9,6.997701667335328
26.434822965762994,1385.5962730874749,37.12424410780535,5.843419977947376,90.5595789776492,46.8981112725865,31.14970328219418,4.809454134749139,13,6.727154331540165
33.27034544796307,1022.0970524696962,55.14850365291466,6.55966777792414,39.08094914463071,60.30540754492977,44.19276407999084,4.201626794726445,1,5.252053753101413
24.60267390289561,1186.7734043552884,26.56894196413964,6.079974785288284,75.28417959847683,19.0904745506363,67.14688560741826,3.4771190961901697,13,5.208086757307629
33.34436026805514,2169.143580511255,77.95020012845501,6.75781028984723,45.32453630402508,78.1657560157695,23.13332762100203,1.2328623123702247,8,6.116792910080942
27.516226872396345,2370.969027054992,30.487099273001956,5.735877349748467,115.56213797813561,63.61260367346576,45.13826479487282,3.804455336983361,5,8.894618993140906
25.014208284492167,871.4661440103712,58.88181908331285,6.809882209134643,22.863119383565284,45.301507714711015,36.34454437961552,3.771556046148758,15,4.178522295088471
28.858717591863257,1245.0178631069316,34.72726775233583,6.066593055995405,39.97282801112365,16.21271549658898,92.81892194091921,2.4128067812720335,4,5.425055388008341
26.56776567720508,2357.2611242307885,63.05368295891215,5.500485868869026,44.23106063874477,59.37516154451279,87.46340408458244,4.661536593713062,1,7.172670509365247
26.848729019619228,623.6169213784452,66.60928203441686,5.7538721153483525,61.406782576781644,15.949337136312165,64.28578300768342,1.251400470030547,9,6.536388116119613
27.072899649262865,684.721056222757,60.405183734685956,7.367230755670188,43.273024187005355,15.090271043176344,59.229438634083806,1.7030190308524893,13,5.163369397668552
32.030258978326636,825.5819784124587,56.86996761531155,7.234709278230715,69.13490902687852,61.2073921612016,94.11169253635876,0.7845095266278515,16,7.541827427054767
29.391612766752544,1690.4256682537496,73.5481456371207,5.9672180640724735,107.2465523258539,29.17628005009157,94.2563615531993,4.079529311799144,9,10.60355027414629
27.113076991560035,800.9445420119949,24.717602659385484,7.056743809090983,91.20634214091707,29.391566228857148,97.39306065489113,3.2979172374292878,13,8.089687915968051
30.103337833109183,2436.152762901467,39.85488594681171,6.717143186347949,77.99619805351111,63.995367437455776,25.657205149195953,1.917231375565623,5,7.001443639575248
31.161506742231936,1393.4290545170406,34.897248777850756,7.441809422899739,28.900317798267963,19.02728909545307,28.647413914869468,1.2371614861744191,14,1.5
26.72624000733534,1503.0359207003328,79.28083772392529,6.247211319068118,89.39921083892756,38.50541711059172,72.52261938779037,0.6806649651293317,11,9.853220983288082
28.135491015253514,993.317231610813,43.363386780012405,6.862921225034342,36.641428431093985,26.20739266065143,61.021930511836814,1.2503550588167147,9,5.994183306071415
25.218860933369477,1441.920504869467,63.956761954423925,5.627071444847838,98.63673859616979,58.51322773474004,16.569601915925055,2.539780908519462,15,7.116233201024319
25.811493495346802,1823.8272652740231,61.08350983286027,6.292494693632812,45.00567585101532,64.63238660455468,20.267878059109147,1.6122963605477276,10,6.081190415404411
30.811178539649827,2002.3542739080856,32.724874248642664,7.427635322376361,61.70487283209009,69.08518901992826,90.48683249199844,1.6654197984438501,14,6.399670683219934
25.81438347695627,2007.736165419826,34.339860812693075,6.5779617489002415,55.04702023179279,34.14234126889241,88.85401762084784,4.440093650004714,9,6.525089862729018
29.2516338366706,1655.7822253881766,36.87707381318205,6.075759006669689,105.88139146748568,21.693731372743798,45.36802836966384,2.8181195305749527,7,7.65866426728793
31.090462617224325,2308.7195499877143,44.66763669556275,5.7405419262572135,32.65444587134081,20.901274270642336,90.73930243909545,3.781633879077866,8,4.41942804334302
25.06876923094744,2134.815694612219,34.05950393903161,6.907056680363061,76.56448823847886,46.96136613380428,65.46238132382166,0.6606992706266439,1,6.969464513668727
29.673122196289036,2014.096229397251,21.17908896481087,6.789712086859454,34.20616094430622,85.93833067970363,83.50197999660666,2.143235100551129,4,6.596795943444614
26.565627837013636,611.2110433609213,72.76358340843173,6.247877427207549,90.47958361321867,31.329677568526847,51.331641048618216,2.656262063279488,10,8.939957743317462
33.6292687523758,513.7559244392986,77.93658988285304,7.401882703731669,110.50781277944812,34.2556201006162,24.638857824317242,1.3388758484458312,10,6.662716978876958
28.835456467199247,924.8945543909459,40.494223221894075,5.544405625975701,63.46076538672534,22.56666015793942,51.86680032491138,1.040861936504924,15,5.483088675016439
32.05992549775158,1827.0471878269045,40.31041276552837,6.107447703263651,68.80922602649758,60.41777054204477,53.870482829736325,4.416367003249292,4,6.408054455801827
29.50226542156262,1322.3949777650917,20.425508766462258,7.342138972599162,112.74228364827623,65.99046554603811,61.830256476451254,4.727442321949084,12,8.237692144560928
24.43412532854819,1304.8125185986235,60.81504129982244,6.1418708766388805,72.09913886493571,63.219840612057,23.97453059687638,0.8546301412043333,9,6.695540737116877
30.33151375594022,2269.173776459227,69.52639374491773,6.00450566771034,68.75984380495609,79.5847682283586,99.26915835921697,2.070584206440994,3,9.930426571590178
33.51403342206657,2291.125696263677,28.79649802160019,6.568440819862495,77.83291027043042,51.48193762695538,35.75162976858704,4.812285326650132,15,5.300389809140581
30.016118201463314,2318.350528107171,29.579980962029044,7.147603499841075,88.9229736362952,25.084278057529833,31.876954300652898,0.874227799096092,12,5.676109933565484
32.1918885942679,1127.7561530300545,67.40499499828627,5.706293521756722,30.68833750870314,36.70538480283095,59.77824810275461,3.396386177954268,10,4.382570478214323
32.84206463348408,1882.1116254785236,56.97744490124868,7.386041419291472,102.1110527741516,64.68224800660138,60.662695248565534,4.874996169351525,15,7.850537895410929
26.280797719489325,1043.2663625487394,22.69163345766302,7.090145762362328,63.55050274532593,60.98414803061699,52.384762715825765,4.902006508616186,10,5.871227855348689
26.120448399082267,881.2196661488996,57.352819427736904,5.862500511103104,27.23485098974855,54.82523473072219,80.61083243764664,2.620504989066845,1,6.235711237335662
30.10980988850992,869.2649146947384,38.53506337062596,6.924015922396325,98.61826691982131,66.22233140165153,58.915624061931226,1.2323709850207127,15,8.886432539579468
28.110284698067048,1184.2152417271882,42.123509328250755,6.269917445275114,57.69499716862721,62.80431377799745,66.82411368732366,1.4093794173984748,11,8.080159402693134
32.3986130286672,1359.9152395596434,66.1838850978128,6.304589356152637,30.036749509505395,81.09936670987138,76.51844275966178,4.503206278059776,5,6.580784630373846
33.00023123398011,2161.8983421101366,68.65611156035663,7.066580184877733,83.37790395432506,58.951228310872246,17.12713363292866,4.602573519483812,7,6.399127763481659
27.53421379302718,739.7821869454242,44.02139761038984,7.425569615961464,108.01313534336417,73.39510190254174,63.50475551632881,3.2354583974309965,12,9.798552007156244
26.36870558974482,1969.8516947897883,76.82917616038128,5.753311745694388,108.77535094139863,33.65303669748509,90.15653005441139,3.947793797614601,4,10.04049320622183
31.80525515243862,1562.9098283786107,44.38776307712433,6.341260473757639,115.76634748089732,65.86369384418009,16.478043148661882,3.829690631616837,9,8.311649073823812
26.74806035548136,1075.890685351985,66.3101621138066,6.461883216168607,106.7705459766688,82.66455887870067,49.44047882308169,3.4781971909509815,6,11.33363008286527
32.226143185136785,1485.6391690656492,49.03263587385554,6.252623633909995,20.214091934547522,43.929924592487495,93.72933326749555,4.2227462969237255,6,5.007137802271936
28.23738253648763,1099.8841395540453,73.85193959132505,6.22637824743245,58.02411664133902,73.43281405039849,45.01812419401571,3.584329803681445,3,8.767318776691502
30.675498992914704,1692.163910476612,74.46567461901071,5.604537335123193,101.85425799055031,69.35919758965765,53.991950057020475,2.903010375863747,10,9.336252325646651
24.95535313834668,1367.6878457104885,25.24500847226503,6.8710772411252465,56.62530059984742,19.464464765386687,98.43101840876659,1.5663036316467056,10,5.812253994185573
30.23859324676573,828.8110581577575,76.18959987861354,6.3724288342400905,80.15485063797061,58.613123221805424,31.942528010798775,3.847496648533786,5,8.618242241852716
28.51767678737229,733.1661491113935,69.53209049122495,5.889587605287853,80.6316947374532,24.764201190060177,20.546691075625503,2.630470405272235,10,7.19434185129407
29.86608463175474,1593.3913641442603,67.47864285876001,7.132067004604137,56.502530403882304,87.54893791729434,88.05092022321087,1.826562578033792,6,8.97678393631963
25.680142077448636,2304.826066572207,32.05468038113135,7.105121496303256,110.44739272812876,75.85556270254921,88.81955400305132,4.1087582408379895,14,10.022998368242686
31.36873744944182,1187.915373115371,68.30715252527989,6.472783256177788,70.32283453861176,23.22928509353401,55.12661594780112,3.6352112015886275,16,7.211033142015085
32.62797077543229,1966.0002144452465,71.00796408110222,6.096901322295521,66.47842059375009,24.131399823575883,58.70760983056933,4.71802803406115,4,6.246377280144707
26.167398000907756,1817.322709879534,37.34902006724906,6.776185451592905,119.75137456618958,59.58553911844642,86.04354141751607,1.2444873800849499,13,10.704155958466684
24.957145555201617,2363.1098286189617,77.13560470173942,6.076304271554806,69.35003640726167,40.86668806298875,77.77755733984259,3.421351780864219,3,8.355811784796638
24.236385860463365,2141.9620345982817,22.991608783949854,5.972015860647424,37.8398251928581,17.617939430483197,37.53766518844591,1.599077606396792,5,1.7837641170351912
30.41971500443266,1633.210517810926,28.99455519482838,6.9610293080526535,71.3069422863438,55.623113087478984,16.435935181079067,4.5661234338573875,7,5.014497009296386
30.070940360887807,1814.0609964682146,52.25486828309086,5.580650479441902,101.401673551993,44.08838247643852,55.77451381535139,0.9477473641547706,11,8.011326947186008
29.466974127140702,2296.77293316807,54.547548267338584,5.6895369420691875,97.68603268982814,22.5807369278807,88.00754771812952,3.4527281290019474,6,8.274837113728323
26.319470961159755,1299.0375691738695,58.709004998054205,5.513576348047179,98.8581765108471,75.1440294191987,91.14594751866379,4.059885746876135,2,10.048534186787986
27.909059959055146,1153.589411715555,21.018147758927988,5.8058863729508525,90.80237839979118,83.63075739591045,96.27922675147308,2.0971302816411823,1,9.692446771661023
29.94476335186173,521.6221672703927,77.62200647732782,5.637980017420919,45.421782906668824,71.74454505105976,89.7628751970864,4.793621357227142,5,8.02603567661569
28.967668588591692,2153.102148382928,22.67528556404864,7.491604735559838,106.20840858402315,76.6816732512208,64.30370220033836,4.328288080637168,5,8.468784366129377
33.87785520214887,2101.9614008067297,28.583717163404145,6.077619939908179,109.3443465376265,31.236792544958803,52.791475935068576,1.8257823485820652,12,6.187439226844072
25.36439752556733,708.9090362003028,20.84087105156342,5.798536025338494,39.41526966185491,34.76797131889508,80.86223695539842,0.533934917221994,16,4.318261864985732
30.951445540475937,1653.7147622654004,54.011505997645685,5.981992515991836,33.04556365513939,30.63956552243908,77.8848389210757,1.8349572925312738,16,4.967113706577398
28.043187681042923,1427.9633963337747,75.93601303525833,7.37225114308027,117.56049685891121,72.3797573524173,60.74219155692362,1.7658971171183415,16,11.49721331517044
28.28199614925615,737.418191018223,59.956829964827854,6.540320446048791,106.83239636503679,86.09378092008728,22.422826667469877,4.50484073375409,12,10.712422969696966
31.175977656581765,2461.136454121447,69.35944810882563,6.229636192615714,109.32361472099467,68.76279050504269,93.71691447688809,4.852045302146363,6,11.075806073369954
30.924361513243696,929.3917749267109,20.796872207514806,7.2467829158184385,108.63763846243951,81.1100073659667,53.72621568764128,0.8169799368661717,3,8.040181292553296
33.91255993702188,634.4683601811223,52.52091790878357,6.289980541098065,74.16868240337283,62.90243211623794,45.883371462882465,2.6208267283999254,16,6.532999442606216
25.28394289454125,1689.6947590038192,47.57377865033131,6.170017139915392,84.64017366657997,44.07449254190993,68.5132285893456,2.967493993384081,1,8.083690812066887
25.041096493841664,1977.7333542660654,49.938076653247585,5.914565045099471,74.53628521336417,46.93212111977289,72.27622669919305,0.9181024759836649,15,7.108258970086853
31.24338817128741,564.8868920943739,24.332791120111278,6.255593647818823,25.12063491903291,20.649107412555363,32.90847294757562,2.1987396911188517,4,1.9843512974952748
29.78386917006409,1817.4352774540444,61.066121664158445,6.133368712033852,94.55030853527727,17.359289643451955,86.13980180884627,1.9268708782682777,4,9.014879269063043
26.74160666559806,1564.583751902909,50.19322489151807,6.854607918596282,70.53320333358803,67.1606703141808,39.644652961302114,2.912253594471893,10,7.827670701934382
24.794193689889866,706.5300177500968,65.90893099167585,6.079165409341455,84.77090747902298,47.88216690083855,30.868133702716918,3.475359048793721,2,7.347064788939531
24.856582495964304,845.0477538927241,49.11743804370292,6.654399492845123,70.26398049755352,56.41613010409721,49.54398749263228,3.6656829972345495,14,7.211129529026779
32.94190874664118,1635.948594632161,28.962898173585927,5.631784330063946,69.1811322322456,56.82459357168122,77.09760687628454,1.115397606260244,8,5.52742618759457
25.918673247187428,1092.7152270265767,58.89541724466932,5.8825783133930285,37.178910947776686,35.80318599999761,97.0639451673833,4.158264658750796,6,6.331242457276943
27.233715621155206,2376.631457302632,30.34318172630997,6.3148105432226975,47.8713715141149,50.6919383122118,83.78890747157182,3.553439134058415,12,7.024427768566826
26.26656402226988,2137.4804589681016,72.3436738012889,7.37389850781739,35.885269194395576,50.30701662507767,94.9296121019663,4.500837125360238,3,7.286077947528699
27.549963058319374,2467.134413027326,56.78697434415449,6.254503971431391,39.566629562534246,44.13204159208928,26.951493346504776,2.5220122674594534,15,5.804536012060906
24.694238427460935,1019.341677900828,29.432233013417253,6.828148242399668,117.29773804203049,76.55065375508029,21.050027903412527,4.522503932249862,16,7.965569134882884
29.190597909082705,2439.4472655959544,77.74028344887242,6.0101744448427965,35.31134457721984,48.83730027656969,62.40490476206705,4.39598355060234,1,6.901063807168559
24.676125635922148,1362.4677395831159,51.10192780011924,5.7540671519464635,46.927042430520764,60.27333933794909,39.67528605874292,2.4728419956167134,12,4.799712000036936
32.003565078223616,1195.0375906275094,24.3739071122993,5.6170732001601005,79.05896577385849,82.16400902856195,85.3846727023882,2.215144918818404,11,7.082123181919296
26.33712081910433,600.6990539387065,57.60997426490403,6.1108269970855025,81.01785762366418,79.96752171441919,72.11896906919772,4.697654067366155,3,9.534583348019549
29.400119146045107,605.5305157192053,35.19193442076862,5.815322053593816,35.3974129743829,81.78166528343739,97.51189393879253,3.7182413054229695,8,7.009945362118655
32.80079087561458,1884.0225118933095,68.22160711263814,5.848020896032248,99.37174257852124,35.25037473487605,36.657350237160855,4.677104058971341,4,6.845988373614138
30.50877369047194,1415.8579888680558,69.06932441397143,7.0215186167739,98.5202867912825,17.623686623104714,56.291649720194755,4.086386505031159,16,7.801953224312607
29.329577865513354,953.0432520722114,78.73684135127971,5.531676141889749,43.73177042038911,34.58000999214969,57.60544058115503,3.2418384768113646,3,6.163301726946356
27.243337531153756,1727.9406126504653,50.11217186147022,6.615620251470869,48.86663026754604,35.903050921553145,35.33002756287698,1.0213374965169404,13,6.130984929856247
27.33001913058198,1005.7162365002223,47.29741278366423,6.25892276118693,113.7987865459497,83.2020245043726,65.15793895648066,1.8116630266059432,16,11.480690208839164
30.694869551981903,1655.2635086888451,65.20853632678885,6.513099999817094,102.5671445979478,63.693204962847794,52.67930881673536,4.859790831942762,11,10.029328192963247
33.94139361221168,1218.4174939653808,27.948239380515595,6.625660474429206,89.77970330625239,21.127796970167157,52.97133225913926,1.93739944421392,4,5.147908789580049
30.618391898493787,2147.1044532236383,52.81493082758745,6.126735388914557,28.223322151060053,25.153394700832585,45.8326150776611,0.9196469140341685,11,4.106309986757863
29.57783417370025,2141.3923215335585,52.77485600785106,6.090217720368571,61.82640809025757,26.675709415648157,16.43899495617048,3.683990101636939,16,5.4778016229338835
31.30650510239246,1454.7007962448026,25.36838736862323,6.966803698669811,75.9301872076827,62.28163111266924,59.378095137757064,3.803019145446579,15,6.4399042551061
28.65205612283718,1201.6382186700312,45.07904513041481,7.242553976242315,38.741128798377694,70.15605191302524,43.49606603452814,1.7845597412921785,4,5.838816134470806
24.60142342600785,1225.1195931181892,71.19708791403212,5.885163264917056,64.82265821082245,79.4732932924047,15.112188863668022,1.8395239070583669,2,6.596657006899457
29.6229681587791,2111.429051336436,71.36921731967962,5.695237521070298,80.102587748869,85.54774131046823,41.175215151264226,2.6100184347895277,4,8.573711213895363
33.5762528450538,1156.3589655952242,25.95425989518086,7.295591612784052,52.737668011539924,30.12784180398313,38.68340831262934,0.5980502739301499,11,2.460617155558115
25.753029423576596,918.1187474136921,25.44325296486985,6.1997909272947975,98.09448189504872,38.232936354303675,48.443093024009045,4.051953546625237,12,7.30989539093237
30.900048908206657,669.3766837506137,35.761728620116116,6.602634781325628,104.04495816388055,33.0242160558623,26.20741911968874,1.9268995427335651,9,7.202310476770377
26.009336886590564,1433.386241768817,72.48596375323962,6.219086289040007,52.36094694340708,41.90711755996033,58.153125093982176,4.341933959008899,4,7.274365549363087
29.358276844730813,1464.2641978396837,27.734155104409936,5.751604672692102,103.86571544924571,83.59988305678121,73.85742996404105,4.111836897200152,12,9.450026053369962
24.966764496467196,2181.8174208058144,63.19980815764678,6.678663289895456,30.357656610301504,58.133442520452114,68.56577336963866,3.476309149034524,16,6.499626766875538
28.50370936258185,942.4773928921279,26.069937176786194,6.550281703539259,103.77290986226564,70.36439229933742,83.3191705433812,1.9619369019467991,1,10.808067367868166
31.56163328895246,1261.9825473367998,57.38827122486952,5.905987118382394,35.27504316676166,51.75894270950865,53.4207044789019,2.823424527475265,1,5.047278700674903
27.47571524238982,2116.8114777873816,41.36403794714869,6.4037380893045555,28.292715250972606,17.16434350020934,59.1227970788769,2.5017316591908156,1,5.013277912474973
30.64911724487218,2147.247221497947,67.33483777795202,7.093895008031292,84.17754044410113,19.814661449836073,83.88416497301358,2.024968488119034,14,7.866507927699162
31.95449960789729,1269.2221519575364,34.021426929521816,6.680852206215783,67.19373657552944,55.34422734509143,51.35459951963527,4.316613301864302,5,6.091779304067318
33.27177819479453,1418.2480465733618,58.35210976339759,5.6938346541339895,110.78906004128328,68.90917761150192,74.63594474146575,2.675781835599494,6,8.900418375849666
26.346420818554535,1106.5717816985657,34.1409520745531,6.59604299445827,56.31891960908492,31.149789564654863,51.941201341029306,4.247253940087159,12,5.97517209263905
27.993159158093082,2365.109756838624,62.81961698672923,6.905476598579174,48.715226343762865,69.14321804942281,50.507576533482826,0.9734831336382093,6,8.130202378411468
25.524160133304175,737.2875314831606,72.42068207364493,7.085406811561503,70.07349061441984,75.79993301126343,79.61747808497863,1.134611548701511,16,9.18030540572495
33.92483502158375,2367.49884600294,27.608107947605603,6.758235157268533,65.59461857686614,45.89231087715834,29.86113781462795,4.897941373008395,6,4.214520041436785
33.27000967924295,1867.7329036706865,71.99574131573021,5.805316329081568,54.44280462171883,70.98144246330787,43.779807615033754,3.1449580817274034,9,5.630884954984483
29.399571302805597,1563.1443053734624,55.61451526485788,6.920346533180322,89.37412986983286,45.30224627463449,34.05464352348665,2.7939635307457205,1,7.946546758006114
32.42033294376421,565.3181215689917,27.62662945202144,6.854683692163032,95.95618339139082,65.8762972091265,45.52434515224576,2.8542022841485024,10,6.82495684391373
29.20957977272042,1451.1923836440164,45.65251132158272,5.548853765881266,105.29839690301367,72.29977869896572,34.58185990111204,1.4687094831478693,6,8.100834895796737
30.235856880027598,1315.4962100054645,29.651617609105873,6.323495335180486,117.28566047103429,89.39449637310831,64.24947864236564,3.7341677727588785,13,10.470301072694983
24.891244321160165,822.4376239502451,62.02087333199417,6.165900493924747,46.66561921325045,40.9047496547697,82.84451822251684,0.8815128067838947,8,6.563366494848928
31.55270420496808,1812.8192070013138,65.53208806507698,6.838824128507287,91.60934824899616,45.828058543095864,81.86211020352165,3.0799567089636044,16,9.078923937998328
25.27713483635235,2442.3018147365715,26.347791216367938,5.932271624621841,59.425823549574524,27.42150445576285,45.98258198664736,3.0684595846365563,8,4.29180217809362
32.26067630252528,1624.3776221290502,50.36839116167866,6.6817438459485174,87.70819719511081,30.305479380135516,99.04463450101224,4.6138479086008,12,8.471543844124621
31.82028087670386,1929.5065528878915,68.87750336155503,7.326411923628345,67.59816903492202,67.00462519487833,65.47762099999306,2.8678226454718714,15,7.115607965715792
31.087446977429764,636.9009051320336,76.16978249305978,7.095604744417216,119.37731027679317,83.77841926158571,48.949025651155054,1.1167821318838078,16,11.00536102819341
24.361603805247622,1335.3339916339896,50.8110720045062,7.342915472433061,92.890213579075,44.59537137459304,86.02083873552117,3.0773896666167317,15,7.890420243428849
27.031283559453286,732.7169703289917,77.01675341668442,7.45701193386538,115.24913004343244,28.48833351266559,77.03929107462447,0.9109743996439956,3,10.340278272482385
26.63112569910843,1725.5916710730207,52.141338227361786,5.521340254012325,103.49695494811857,36.38246245372456,78.68840363004887,1.4170722588496476,13,8.632325243420794
27.601364074715192,2376.964316428309,43.65142967599448,6.745482552754956,110.29010111633711,49.128877860610395,31.671844727379085,0.6399886288433726,5,8.957069033235445
24.876427467638386,1823.555464943277,70.89218771317373,6.325678795517813,101.4419197214675,36.798774702402625,54.80756612632719,2.8098211210677424,10,8.962438000861912
33.36957823031063,653.606096628843,49.57896262748534,7.2197089806702435,65.91591303759114,32.51843123413997,88.25539112009123,0.8803967688210756,4,5.481002946426223
29.538022407123762,1209.3324099701658,48.31415063387138,6.003629404018263,45.17884533468844,70.19883665678097,57.84323064844437,2.612274703390981,12,6.744677577362024
27.055243106580235,1601.326758881703,49.4187493645897,7.462058978230152,57.03201754505222,15.58836909304674,73.09348319078927,4.698252658958649,1,5.889353498970351
27.969815170742834,1306.4155122665043,70.80710011218471,6.727415939087495,22.023623263995045,55.44228955023623,64.97436730791249,3.738926358586994,9,7.108024304099212
28.472025405048356,2167.2880209503446,69.91649250128313,7.087074804457662,72.39931674646672,74.53251052723155,86.60032695606247,0.8483525340138187,5,10.275558587906314
30.005943333606172,2129.3420094199782,44.21119954641267,5.671199105645536,70.50578002704087,34.96712147381011,39.18767137973622,1.5089441549397944,2,5.244285785120434
29.156794276964977,1723.662040206443,39.9979915922315,5.86691576951773,72.52504648304881,60.2468632959013,63.915398620341016,3.531480889520454,12,7.565743976196169
33.193919732144174,1246.9158902654106,49.515681442347756,7.016807346068406,117.40312249720638,65.16750792139634,25.47494678083334,4.526158374608826,2,7.817562504111409
28.9696348290583,1010.6727475264883,54.36635058422654,5.543973044078648,111.14540034548394,64.12685223038176,73.66791601945476,0.648133640437792,11,9.826654006341474
33.921580148233126,711.7486364262586,34.30023263767982,7.133755971787566,36.1712778330108,48.43872256490383,77.21726625998053,4.156030092742673,7,3.600404324582686
32.514249577450954,1209.7953669731082,67.63730508293543,5.527898037383823,56.888252155588916,40.99334909068344,18.641172301064866,3.028162461522389,4,4.182475249017498
26.085105143573358,1326.345034415439,49.18896594394538,6.814237678122547,62.39561794632619,77.694305477086,72.44223190837873,2.957410963833767,1,7.914055599799168
33.30595214643916,1851.6458502081473,40.042732905197575,6.2301878404636115,56.053291785164774,71.88344677498982,50.24866310409184,4.810159322390111,5,5.741556063213606
25.16366397885476,1816.3196485951469,26.409259577839435,6.7229897054383985,99.8495963603913,39.09413800604344,25.548234469323,3.8644007566854786,2,6.572154315162099
32.17449708491192,640.2162792825139,34.33070962421642,6.892062813978227,72.40376698675868,22.726439583165458,50.69214155436975,4.3255349062525035,15,5.04559026065814
27.806232934765802,1290.5186308623156,76.95687030535902,6.184950438372608,77.2099816971625,20.38556590841019,31.509799024124444,2.0929800629510003,7,7.883645784634544
32.779743204450696,863.5577344347239,38.30598120917159,5.715924896221671,105.30135589879255,22.070698342420204,50.322560230481905,2.994638183727844,16,5.622686490810979
32.6805669010745,813.6254106336114,30.131557362022118,5.639291735496531,100.59281534153587,58.71520208940321,47.668817376474856,3.2693255484249684,15,6.34324393179656
32.059254001176214,2154.604299474492,47.64036749929959,6.6778720451250955,33.22115228202997,18.874663187174228,77.76328913956488,1.9471277316310929,9,4.562912666905049
31.900304363070614,583.8304334325151,38.42526460161492,6.541310707468223,91.39145840836343,40.269515622302876,80.8083224441405,3.0661165622632978,13,8.121648158360339
27.04679139098041,1338.3657518042428,22.10955501627165,6.984402018242265,63.543612890203555,71.4899776435672,66.59743562268648,1.5649492076587121,1,7.259439819957263
24.809192830512522,836.4073115330364,39.38871303676504,6.519471020007874,49.46489030625005,37.07611248865336,16.928381585508042,1.145190519807078,12,4.477708042280534
28.029801787651614,2258.660431356948,52.646517436368114,6.344891580061758,25.001882090218636,72.24810578850975,94.1368937210345,2.182866166747997,2,8.391107054847415
25.735245149865086,1614.0810265500702,53.102742321198015,6.296174356472462,68.7249560345451,70.91002786552914,73.32982880819804,3.8268033293589667,11,8.698990923772744
30.949510889024616,962.7612727536961,41.39353527061332,5.552893805195335,55.54366807245314,33.43703494749123,17.906613243301052,4.622842166332494,16,3.2690887466854477
27.460997265377856,1504.8545743327527,46.83816537515604,6.1711144033933145,45.15130396764008,69.6616635069559,84.60079643320002,2.5597132317420463,6,8.021773595797729
33.75610200859915,1962.9727194062316,77.93107509408598,7.452040315048988,89.46717295969576,71.08324787040755,32.02262315102967,3.3927065972394423,8,7.015626012258991
30.40972077345332,2416.2360178388676,42.6409086338187,7.247111152454178,96.9485387315587,44.80904442502701,64.23380111354408,0.9636670893879522,7,7.892172087874168
32.22480563634361,940.892008490838,35.49360879559898,6.158756134068435,44.478951902942484,30.781536280613867,54.66392144576591,4.570086913485479,9,3.7852125326118773
25.325246727418484,2272.36354425869,34.60802264400561,6.675590810132745,24.944743667934723,54.09531051689018,50.68629650018151,3.058718961064705,14,4.4429994177142635
32.620144822726225,2368.6082283349806,47.46587676224805,7.194593491070988,104.8752700565235,84.10481910001472,90.6256662105738,4.011522114313207,2,9.735796215492538
33.22757190513394,2332.8410890641326,65.57120892301664,6.382548673500137,20.995974120430333,62.97125493240465,52.17570978282225,4.074985404146272,12,4.823818921945239
28.87061918818936,1770.8287137238196,32.35929105130839,5.535915727500302,113.7112493921472,27.96918732204459,21.404249993717812,1.6541623686564766,16,6.806414925337644
30.062529377509776,1759.6413088694153,62.557767628446086,5.649020923637281,82.76198739827059,66.20676935501399,95.46429181327098,2.881285039318323,9,9.463029173634334
31.648098009029955,1306.4212663676456,21.268989400964976,6.520785442697413,52.18466352013203,47.040227046137595,93.24549465536835,4.822158882024398,4,6.321526126411024
25.748386272604126,2004.7957646075758,45.13597867903676,7.438878751351757,44.64779095767362,59.36465980165298,73.1767786144359,0.903355451693725,11,5.583644148301842
29.025660764634424,1562.5880367018638,66.5519039121672,6.886419084437735,20.900566426447526,70.05480262673309,54.770864891222125,3.573724541133035,15,6.341171320327512
27.98663027772313,1854.876142456589,40.32397734646588,5.641832382877139,43.54714170108771,53.62105136358336,22.893055200199306,4.830188351158274,3,4.796180845049804
25.46373992162249,1356.915807697591,53.82422608672397,5.878721751583726,33.77283015171411,76.04879809299814,82.21359007908548,1.8525969862430998,7,6.41322752415571
27.675344222915314,1962.9929280862782,32.298753969554646,7.0426462864337,81.21662207231456,69.1616684487471,21.41562272604246,4.376515646319566,5,7.085807166165428
24.681723093854934,2148.943035209098,64.51972346757034,7.18287951991249,36.65455885938013,61.1305005013883,20.83108371608738,4.701458954337222,13,4.55866586449668
24.25811906949487,792.8725132056322,23.13674619612558,6.7353891723771815,72.86298375366192,26.30946118742636,60.67762660734629,3.861887942276713,5,5.59609087964594
25.351662891548226,2165.8594311484558,71.15255869253002,6.788846339259633,79.01164223444708,77.69618331836762,28.610900415694417,1.5409774053813123,12,8.55370034756573
33.63115111589174,1580.5930635806144,31.89178318530009,5.556674900766769,49.80416983469145,85.1929188989862,15.657072723929664,2.0030032347196727,13,3.217715743258475
29.49529535895017,2189.331818180449,72.46388190249985,7.157060519163017,23.50649490187187,25.27238428569711,50.96464163464183,0.6611418248797882,2,4.951953253536662
33.6582216115322,1362.603412682029,41.15175447803104,7.076550416341659,23.72538806141961,51.61808470750729,26.663464686855605,4.241539554104099,6,1.9079731565634823
28.32497878330132,1258.08097076607,63.36101446846919,6.018070288206694,22.634733219391762,34.416655647787834,28.643810298858753,4.323250339299859,6,4.6803427377416185
27.118161330852594,2330.1214650344446,39.15351786717131,6.917353439931014,93.91246671365462,71.58924805691734,21.537404292503446,3.347196394847867,12,8.44060988206731
29.061418628402443,1002.3385350968026,74.35470027407885,5.929709212849996,51.800970481429815,69.1222227003525,32.43296906650684,2.086375330687331,4,7.319020322596765
28.395116886329102,2188.4246505722863,27.59822753110246,5.580660322103026,99.63001859676636,25.5663840427799,75.8161552808231,0.8456496243796424,5,7.757314551730735
25.05664684261744,1468.0411450188083,30.71118735635592,5.902273085180754,63.17328238428492,80.77704534462279,83.75882111351227,3.8887592446170927,7,7.393816653606608
30.408263146902062,1528.1908851025194,49.58180750952813,5.857257753508599,65.29981008299637,28.572979798350172,53.465359742490556,3.769367871244653,14,5.560277305100088
26.160381825095996,1116.9365629789681,24.916306342288767,6.175495993469695,71.28826025095736,74.79442692360806,58.057074349920505,4.606711347825055,8,7.370578916239106
30.195879548978297,1646.0844012380314,31.758811082105716,6.336898994350916,91.3031456375104,49.27352697210036,17.775677940507222,3.78739409452413,6,6.745994665303814
30.502010923981533,1150.4223925524225,76.62598293272086,6.517077782995416,47.35028658297071,39.62042201686134,20.891882216561932,4.229127240098008,5,6.270995547550397
25.52024853128648,578.5388284833047,78.58937966887322,6.453507751016656,32.15873495335269,26.867944700566014,36.893256680208935,3.8567957805679978,12,5.489592142916729
24.613496271106683,1043.9972106887121,42.57555975982532,6.041349211930578,75.60573351914616,27.571069210997205,61.23136576061754,3.338092347405424,3,5.93726651505048
31.8076158606844,512.7580868131813,75.39716126083613,5.558341337148149,52.697762324273924,64.64179160256752,77.8618476424744,2.421348773859542,7,6.918947905443733
28.598004237693203,2456.709574113713,52.6894805404059,6.710203244474301,64.24913136680374,56.28227909603404,66.42526021373281,4.55952788889025,8,8.432086157898064
24.58163795505476,2431.494419639495,36.18454795242602,6.291489659694709,84.69467083373054,24.156406623842454,48.330867673877,3.429358573583614,3,6.354371027419166
33.948663171697675,1290.31059494461,62.14392326483592,6.0973443147751,69.41257411412707,23.45233953287439,25.057546205266746,2.2925989488465905,5,4.700830034886446
24.577805609963665,1956.741708679292,59.53410839449143,7.233882085661024,82.02788171008429,20.42329310795936,81.3657249654111,0.8756118283188075,11,7.276217755912391
30.95035228858553,1191.61219682085,79.34751914652401,6.99348661559632,74.42000021136278,70.78255105301581,45.92181438591985,1.8081718515697194,2,8.604688682385753
33.836789252634134,1842.186314171952,35.902837244557,7.2155310967448845,93.97963719360992,68.39115639219669,77.56459123103713,2.9467703067357416,10,6.9551043926438725
26.391801042159255,2110.8600860919582,60.323570159704126,6.489965589424922,90.593661771162,19.382324314093136,58.60320156271906,1.7403591650728754,10,8.56252604600329
25.422493686871963,2393.5124893844813,23.121425301766813,5.761862504253555,73.41898918086193,57.02025566977297,77.78627455275515,1.4955590656305595,12,6.5332825167806785
25.21384939422429,1300.424551699344,26.818762321803163,6.892442872242545,87.89030208597069,21.35071164320174,92.1196127234686,2.873270813395312,4,7.073384921785244
27.032751475675955,2066.5959659120954,20.235102497065597,5.9121475598743505,107.35596022726128,82.78093279567062,93.28750886457317,1.2641915565308057,12,10.277158139014102
25.010458110106466,1031.8569012642374,79.96764086358039,6.382459338183434,63.22712877881686,83.03380643850993,60.48407630005129,4.101845284962966,4,9.401543723196776
30.92161341694132,2480.664607587297,68.13642182884867,5.630001577897777,61.276307274879365,67.36747423598476,58.478211005079295,2.679656681041961,12,7.171443303584793
24.622917981300628,551.5391975287023,67.20338088401245,7.150616804845965,96.42456208523801,84.46416910795875,37.58266956774116,3.082382482831926,13,8.997780675828338
29.094221281497898,1707.0576130022419,50.58356451729078,5.751881282095001,78.2553837041994,75.8589772810268,94.54298567998977,1.1632247041880683,8,9.35261538321848
33.96696853852977,1819.0119633026543,38.0040249743264,7.30619501409862,27.100678022258855,77.14039319452871,53.923129211967776,1.9605935103321532,3,3.3509449413348853
32.13970269506019,1876.0911141482577,29.075857067760555,7.228461204523114,109.21120156910814,57.72808879274499,25.845255339427055,2.345403574675188,5,6.277874982804214
30.152194382310107,740.775157578178,37.08048433078782,6.429165528878492,23.078310223764014,37.95443986621319,51.779917743256746,4.136957737324263,16,4.220895760201075
27.062536207866117,2377.059566946261,42.55827331574835,6.9887364086079815,94.8396356209743,31.33493363373162,25.799526270230338,3.9657178538876865,11,7.1300738011599405
30.238958362916385,862.3665581001655,65.37860581881765,6.738890147636306,95.87941427043128,39.540001652919685,57.71519316185138,1.5033986365445662,5,9.255233258426237
29.270414639116517,1745.5068064796822,52.37970733418914,7.10615128467549,115.31110852819305,62.13715725667966,62.70841876277804,3.272805867231535,2,10.26192024065751
28.260833838903714,945.3521582461699,24.649017593328963,6.363610201571824,25.413440840232077,27.949240187429922,43.70923972695475,1.595553609973989,9,4.100589513538434
25.307103767401994,1114.4328340425418,21.081740537534735,7.0716169684887,79.6856860784491,34.398017747799116,21.090302209676196,4.947112200606104,4,4.604142652291077
32.86604215240467,1592.9170834562487,26.13993077204379,6.424913634130296,62.784057062705294,50.10456470965983,95.19780052882533,4.784557451588918,9,6.505288669115241
28.497846488213227,1334.3868371291528,44.62992282184276,7.381931575685588,53.0632954859542,32.47875738934617,80.73501464609151,3.034691242342792,9,6.143846255000569
25.94622511820765,820.4512019530125,75.9915750229411,6.472744201650295,29.031856029907303,59.14827522870462,86.30489184293529,3.6450615735236434,2,7.806064142578971
27.677593508772897,841.8728048416965,58.244148872553296,6.425238543867459,76.26541196713092,84.23820213422474,46.1838135143295,4.106436719938903,9,9.802768360104633
28.14129752528927,1336.2895763255992,68.1095539925309,7.070143723127026,67.90407256746136,71.10670242773449,79.6706375516533,3.7444928902020673,9,9.743149918015089
32.27537895566874,2014.5659565510014,47.98247567027291,7.143155383521676,30.455445815102426,64.98199606116847,56.256696089381514,3.6492291098708938,2,4.406047281287687
31.33614380561402,2295.929293695577,41.69996499170257,6.608978228642341,81.24895070970834,58.70411069878341,32.092096514513905,4.8134930357728765,16,7.057822728390805
31.693048936413398,668.2553245187657,26.504022362997365,5.859595626990151,93.79531202529385,51.59609319427987,25.57598703711313,3.1840524783827746,11,5.594941261221593
24.110312644286473,1286.207815118802,72.55598133117229,6.435516461915159,96.72783010536483,28.99228947259948,44.32932389237483,3.3633620231857506,13,8.370125787337418
28.161539981797617,700.4911274457532,66.98960174167416,7.436145005819357,110.53731882624274,82.10328415701491,26.69192947538687,4.321709376971816,6,9.979784903404108
28.813441516353237,533.1849612651957,30.087085855863506,7.00597238607837,60.94707418887772,33.64020015096273,99.85286297734584,3.5145089053628307,9,7.444797696174303
24.191922768230565,1823.4373652879133,50.73563383257563,7.122325207758264,115.3072768622137,21.848165818362055,19.181064169721875,3.7981967990788514,16,6.581054450720027
26.59813208745034,1704.8988839331755,49.2424884752747,5.56565099763848,106.5429405082686,71.25113844215214,52.49720594637151,1.553759087884891,4,9.398134619246834
31.60289823122135,826.0382276297723,57.505493161191716,6.43571892526832,49.650157102393905,28.17116507483748,53.42794940318265,2.170701158517819,2,5.745921849985538
25.37109705728999,967.6256661861282,76.77121363947568,6.793242267315111,35.92830373494585,42.892199965588205,40.553713929442424,1.1628560557035186,7,5.847164995532336
29.353101314525915,547.4155072890368,54.78628650574878,7.160065367256149,63.53893961280134,17.12136962182348,63.56488308509035,2.7759444905066246,15,6.122730248943891
26.152018720172375,2169.8944113888074,52.413036006717114,5.598547307165543,60.18987079559666,25.280095690533607,27.748047052881297,2.550773303061108,9,4.389054425059575
24.121207746438934,2449.381192097103,23.019375976079836,7.204877771283746,77.57193053312042,27.990272306993404,81.63255234991486,4.987232664257556,6,5.330506404396994
26.412014575995414,770.9190735893816,23.774448561081435,6.596801873483823,78.33862323277481,19.080759581263347,43.25805605104925,3.250438937669941,11,5.825735646849208
33.75873754910054,962.9504275305962,31.240807479607334,5.89462794115212,94.99869843799752,64.24927174671339,65.26412013288456,4.039001704374905,16,6.732638872621898
32.0153711188299,2236.819047893868,21.948246301504895,6.1345104328994005,70.98899482056102,77.7755846852338,75.82933506569154,2.003066018409444,11,6.8022195817741204
33.59576644321034,2352.9275959123697,64.60117373420074,6.0638591035031215,30.482264094076555,42.99865547744557,90.5685800036637,4.2419539910425845,14,5.250698354358859
28.878540439263624,1339.2547656136207,63.39981823963779,6.561718068576951,105.8291335553106,80.59323575386506,86.04193209843702,3.267882349194575,4,12.0
25.097361986775034,601.2449445381483,28.163374065898577,5.603371359822264,50.97645831851871,31.000993092009487,66.70626738880256,3.636465492192973,1,4.0874062746844215
29.47959488973693,578.7836673856389,70.16473404771685,5.817072316999847,117.1297460306592,39.40428176709296,48.01342033263039,1.8249385007725447,4,9.981251750808356
28.54377334559961,1647.899732138021,29.28716209076672,7.125386086751565,31.786010867977016,26.30527447733763,57.772396956371935,2.968872762630097,3,3.9511570546227346
32.44357082739616,1285.790217786358,38.07053521984153,5.765207981493623,115.82511722325032,61.541939656424894,80.34245743719822,3.353166380361239,7,8.668405291790604
24.980825807842447,557.304855155309,34.9386139496819,5.966792538916254,29.1011806882517,46.49021931527301,89.59137111755521,3.1509260411746145,11,4.846673498354421
28.88241137021778,1666.5047846251136,42.33842591438287,6.406741211208315,43.10361379470595,60.9962510131424,23.82146389501711,4.618371701410549,13,6.040872433189309
25.50048664693984,522.6050731780449,35.27982595339771,6.534241776226661,24.65799420865416,72.12561790456377,47.71278231190955,4.5422269902164905,11,4.852108004943842
27.2467592689006,2074.7439162985456,49.33705558630712,7.027220959228317,90.5113146638995,55.927726202471135,80.96991086514755,4.869428260445917,10,9.297382044016913
31.373570773877997,1112.8656454067432,44.44447288128113,6.394664853332376,105.02987365717918,62.07227661763409,51.69039982048668,3.5034260270314523,5,8.918619838333548
28.760181293687666,580.5160060184642,79.19416944675959,7.079729242071077,63.40710818159804,85.14377357957497,43.23935994563413,4.873613585565581,12,9.2486564702763
27.75888285145769,1676.7044419663066,23.35558100769354,6.736692614090915,112.85220750424297,37.42982322066324,49.962429229977914,4.246151000143589,3,8.780991683591425
27.94476278570035,1295.3688288661094,28.530882583241098,5.726199478847645,79.02990717555996,41.937295397546485,66.24180347683982,1.7187446315298167,14,6.952575842751206
28.594467684059865,2447.600826714299,23.16955363451615,5.812662876785677,83.00071354465231,68.82775212820027,99.98343725137313,2.423460512980837,2,8.6927857566515
31.850165438370567,1588.3973250074043,57.550471698942545,6.374067450899542,104.54192017007699,60.847913779154005,56.9043564738852,1.5727659898505442,13,9.583666440480556
32.92084688940234,1050.4783620740166,23.270556644823174,6.293778786178079,49.68002050518389,28.38996784047861,32.72203037111215,0.5188872237375435,2,2.8773424410865895
33.55334686503928,1918.8777292679495,70.1863842425674,6.987088539274589,55.42657213276258,43.21104825078676,28.841958898723053,1.3462193891610887,5,4.646958130031059
31.86903386255295,1042.9840050854227,50.716317840915664,6.661474279594704,110.59519191946444,50.08785098435362,18.599728535495213,0.5182726382909405,13,8.050820614886707
27.154068957480128,2308.4865828151305,51.62045747489202,6.276266162004498,110.09634960387638,46.4542378476292,62.499464968057325,3.739273076077205,13,10.315938240496944
30.881347060865423,1249.443941014753,53.695670462731655,5.841520566900771,117.64827762008709,28.37061062415306,61.28862777655091,2.414904339745398,8,8.770868824029748
28.37603124055392,1599.7371255524104,30.248822378372644,5.953674204650991,110.18383164416711,84.33225688381967,32.44488377632628,1.9065862718503621,8,9.110051225862684
26.54670622046051,601.1462076484577,31.86141818686925,6.651002036938118,32.73720360333609,72.17390712704818,74.1029995484682,3.927744009928346,14,6.26303769453194
32.40871579425922,1352.2424759044616,39.12903937238028,6.346877609799585,102.37242861369873,51.10168740808892,77.99409853852286,4.246190485788403,12,8.583461654378596
24.38426348962325,2164.72707932199,55.609784949311084,6.529855017721344,60.9838478109594,66.00457712301275,37.02334745747946,4.88884792392446,5,6.923613315163514
33.01761992135424,2111.297610726684,32.607066556412875,5.841354870604468,119.08013559459378,82.29620041016413,44.24847994252761,3.389061131038585,13,8.114304460487688
28.61477464624734,948.6371177070525,26.979903627995675,6.825812504689131,67.22809643288011,25.21306067711784,99.19009214951681,2.576880313430233,16,7.659794526376087
30.372014768082806,952.1581420211253,78.20701318510592,7.205077481711934,75.38360825022207,33.77797880302333,46.81247976731241,1.8736893572334616,2,7.048687503723154
30.593539222057828,2134.610624426474,21.318908888577376,6.015879013573802,72.97749152567985,55.70259354424838,79.66814209926865,1.5004319414640184,13,6.928110090364834
32.951177407065366,2360.7968403386512,68.1618443201613,6.483028451663653,52.17370298582778,74.9257778514269,53.4816612635449,1.4581667771717055,4,7.0169600535942305
30.366696821672072,690.7218425460071,67.28210897450133,7.451054658041803,27.502208889291815,17.719117158114553,82.43431036818295,2.3413521862390945,7,4.8260972116311605
30.13933584760062,1400.1172788524505,37.83284683070576,6.166483481101455,109.56512304019185,88.80136126472703,80.36697529652507,4.963038598795684,14,10.639367499009115
24.6665204056069,1174.9085579284579,28.137596960438806,6.690092689847522,100.26758125262869,49.117995216179786,71.75926214187552,0.5038416384683146,6,8.024574019878544
29.184080219452042,2241.376910914879,28.737718802325404,5.680391400400489,33.95267805596693,41.942335546629224,87.65615943512424,1.3874265375395036,10,4.940567111121502
25.501690008170417,667.0498293600375,61.84589703423155,6.712030004958886,97.67682713500729,36.95433283798289,94.83357206460325,1.3477684208160823,7,9.777103850910565
31.374337687214854,922.2518851160748,58.56839546517042,5.679263546609236,82.584666605061,28.07675307381537,64.29858223842713,3.7270376848953153,5,6.668453794230073
29.122219208126744,2004.9366751729888,66.9647404550832,7.418470870647644,60.91437879176223,74.3680431697521,35.18485711393339,2.0861812741912784,2,7.068400568480771
30.802277792083533,602.5876979624312,76.24887034394628,6.931325304144623,45.402114909556275,86.65606235595725,48.88346173974638,2.5576736206631927,8,7.736291943691468
24.416729006023843,1485.0707614285784,61.51564179599552,7.076319576271413,105.97287835022325,46.023356613404864,79.45598564862992,1.1688085871145724,14,9.321870507369383
24.84792016045803,1384.2140693594401,29.351092193086608,6.908208721543273,90.01882592940531,86.43155210650922,70.32509623552892,2.3224866749462647,12,8.757762974258593
31.163233880626823,1168.8023579774972,34.60655700592464,6.679458072152931,74.77399094691368,76.78482115762756,30.112858778046142,0.9643991535762622,2,6.850360687703916
24.720843359986734,1289.1446306378475,70.53162385238687,6.399825562171011,80.9568533898464,51.07883456072387,19.3553609974461,2.898694795498624,12,7.598310842646114
24.712567277652585,1559.8811738604659,32.55836455005252,7.216746759522125,29.106618208218098,65.55196343445996,73.05173545107552,0.9407226442228518,8,4.735698202531088
24.121084752348875,822.7347167767662,24.351339017268884,7.413671335086126,67.39197609111919,47.62381343778472,36.34171704249435,4.0572877152792035,16,3.8463957735614445
33.5650139829948,1643.9917565671856,62.196803242535026,6.498072345808163,39.3700292785702,56.90425561594143,57.471970716969544,3.0497077289322028,15,5.435524577208111
31.37508359459007,2110.8646585999727,44.15158132940852,7.363070098310524,40.83836790088254,19.353475276387787,78.47347566357051,3.757855431980826,7,4.1281656999866625
27.53251408502064,2020.321859580318,75.20240315275421,6.666665819977035,86.13039622868668,67.21976064753999,62.826676355788315,2.3833237399370777,3,10.565620931304895
26.965355812876552,807.7998093875474,59.01530426561969,6.576768373792866,111.1256151834288,18.961848336310254,22.080719564502694,2.216710819590023,13,8.987250532220745
27.497032297458496,798.4989394829479,25.425138667499645,6.408965465910713,60.375661047834654,76.28137101897372,30.77432012660221,0.9419400007198862,4,7.128045195120305
31.74653531181182,1036.3487354898266,76.87139403521965,5.918575523060239,40.77492730121904,76.87101970954181,33.642895642628126,2.8573502316927017,13,6.382865196895704
30.613706110704143,1222.1494526820743,35.513435818414756,5.507439321636118,84.87469372366542,32.78079656671609,36.91846155981182,2.815259741856914,7,5.230293447387687
25.851955678674678,1316.9111628169653,40.23274942437715,5.9830124537121225,107.11870463503178,39.27470857768502,63.05928831579286,2.606459200023224,4,8.483152106624306
25.741093353340844,1859.3944336666905,44.13562482101253,6.519446343207131,94.83188011224908,51.09827839187199,57.837091285158444,3.8323326410710217,9,8.773426600496613
24.983956497133974,613.3608643316708,23.073457784258796,6.259919904519505,106.87572305365872,59.74971801993611,32.26860326095776,4.246269800145595,7,7.593175278950963
30.603027197013382,569.3454084521328,49.79092533383629,6.396970456005268,73.65546710107994,36.55152463064975,20.7421616937334,3.8785535372682864,1,6.015134281533834
31.643726622217358,1283.8211258878182,27.399109464517537,7.461296439128099,95.1876244369191,59.43648034739438,29.57173738035104,1.1473958426307973,1,5.24469284625871
26.65046428325004,1894.3273842759609,44.058219601301104,6.200544741338655,34.00645593589365,37.334030492197414,98.67241157258128,3.2992677917694864,15,6.435241075174801
24.20944961030913,886.8706859129652,41.04258727952506,6.404365878720216,54.82746153631915,19.161804080329553,54.82649073227514,0.8614539756029003,4,4.724733053236479
24.821716674764275,1783.0089625125033,66.3704050055902,5.767031102705639,58.95491644815225,15.189566237393171,88.72436789967956,3.6258002934821443,14,6.570902381131499
33.6786003484503,1019.656275880599,68.19023069796387,5.5959154648739755,71.12957462460346,22.586329343882145,87.14395966685169,2.21827593452507,14,6.220781305663633
26.954447774774202,2272.1722176270328,29.204772943345283,7.050819029184989,112.90763602568236,74.41880251230137,58.479162384344264,1.0962453031982897,13,9.34562287118753
31.692231478381338,2291.379888533233,41.99307124275357,6.641366350143957,107.42965602221743,87.10734842875029,75.0684552191462,4.379228856392575,9,10.421294984817624
30.24663568854264,1094.574408562653,42.4011896619099,7.0214096120877905,33.45254922891846,47.022464946091446,31.383920885080546,3.263037525675218,13,4.182805676833853
27.81939639652896,959.987507926481,29.084626636165105,5.7997255977731035,37.27896518824632,53.451296508745706,73.5137199187872,2.0962623557638738,4,5.478164270248316
26.056872621955552,1322.6079441324625,67.90721030307142,6.643657542365382,55.76405495889114,26.01361268050696,38.152689237379604,0.6382723084272479,13,6.378202823198415
25.213864181594065,981.0631703602974,62.433699700125395,6.007284948682751,49.07438658906739,56.32735145101178,85.72527822410281,2.917896165516247,5,7.272094745054898
30.150129680388666,1844.7676865834073,31.422907177822083,5.95612363380004,81.47709531562623,25.84911765052326,22.116551314257343,4.654516453188046,1,5.206074010176287
31.74633780637788,2152.1293690965713,42.00331451562794,5.523052028105971,110.2776047764545,60.84107483991225,80.71678719524859,3.1837092471606456,15,8.29247469747472
30.439042535411307,1846.184261822434,26.348301491390853,5.760681447138143,116.22915416725868,84.99440006856403,23.49463705833266,4.872427720787719,14,8.02063514451924
29.303021332491582,2148.700894498699,57.692395825582636,6.11853622299939,85.36029525352265,29.67739044772797,89.90108513601626,1.1140300322170633,2,8.966770489121775
24.41951223431636,1293.9843244149483,27.28231547291718,5.733757521181878,103.81592014010867,72.34227885428265,40.85738404147531,3.0573729706767656,11,7.167520865801992
33.684887775943835,812.6339414177216,79.15605011749507,7.471716880821875,72.5202200230797,16.762681711374302,70.62343601059885,4.091562716028933,4,5.6497873011494475
31.987141916545745,1975.9018947951843,66.84092448127174,6.117265297047902,40.832694686003975,43.16229309912157,56.43769368272379,2.8649332900657227,12,5.454025640368924
26.928220367009647,1220.9490102831078,43.41431297503971,5.7606478934046565,72.46884120934774,23.30613808728818,46.13576734729881,0.9097986019436266,4,5.873537243072617
33.79970329358851,1842.541650458265,54.713835936761264,5.898164625655916,75.50826014376511,41.435658119677456,69.86255582059721,3.1229870069624797,11,6.385684908841435
30.018815896363222,1041.2878839635314,74.68050897298453,6.675406456682953,94.24575642135565,28.015268972916264,95.53945334685523,3.2528205762911226,10,10.272978860592682
29.824226582072463,662.4592696133453,53.245956823749566,5.6280870477295775,41.98829897073491,42.99787425921656,18.507928526842857,3.7791916181390866,6,3.8807164610913234
31.480731794295323,2485.163590975527,30.469909183877313,7.224868260282314,56.83103820867317,46.31421045806478,93.10249275006386,3.9254518182446327,13,5.850769301264405
32.117697880901375,812.4030158611986,42.72220133486956,7.422999358474295,56.40274692145663,37.54433420856888,66.77194067678616,3.9684770969477325,6,4.60540675554283
30.564786073315027,2476.8419879269622,70.58869190178473,5.993494841334762,115.94395957411649,64.24664621048468,83.62171556536944,3.485499771375347,8,11.058839251098998
25.280957463662,2454.5598651328946,58.652780959377075,6.400190537181719,64.3944960326719,83.91390384441823,47.62937104191359,1.4711503388839617,12,8.609527528116383
27.382675059944983,2087.636207816079,59.04346306002802,5.544268902058994,95.50939672981465,45.04465305789543,55.10665286119717,2.3190609012776573,13,8.40834907169312
33.280836403260494,1818.845924163995,72.00928914130935,6.781420449454443,95.0811381374439,29.425736735626607,88.85231390309895,3.992584876764794,9,8.591624338106271
26.24615611843852,1655.6141005021693,73.63838344775027,6.327852116105178,46.55441848032414,35.304206864698756,50.26207743383496,4.790421425303659,14,6.90446071520162
27.721670238375133,2232.203090755669,75.18755430676617,6.040116932203111,77.18696893717322,79.05006176222767,60.44606317367222,0.855261341764799,1,10.51009537624235
28.32076882944196,1078.879043238976,25.690951595189368,5.913674221233217,109.43028933186481,57.87297924526109,16.716568462168297,2.9099150500873767,1,7.477080962718889
28.394049896944523,1435.362424969754,52.64756011778606,6.808046155317521,67.51977194569494,49.125827423021796,28.480830496233594,1.906350220959379,15,7.2317994252328415
30.129395824945256,1738.7799387330037,64.43057127309912,6.332434062064629,114.5117507342546,26.2227541131695,69.54335317785798,1.514272524425734,6,10.385777193755406
33.43075837744708,1322.3809517389823,65.41561070762083,5.859318578059824,41.445822932416164,48.729548124283646,75.94303659042956,2.7761480758387176,4,5.315076934588889
26.40692711832505,1354.9729081805358,56.40297211820023,6.878218162973648,27.415910577403075,35.886900251804,64.52107962668245,3.2274020325044153,11,5.249297315926782
25.215013763009182,1160.5693350041688,30.00724011102045,6.630144566073387,109.14538731447493,85.73723458900119,27.181353083426906,0.5439750413876656,4,8.643145728486902
25.974704898599374,1628.463633369072,67.84523323649987,7.217344109858992,104.76811979622167,81.30525820617984,52.85946142911596,4.01092957490536,1,10.122055082444735
32.869249002092694,2201.149056030232,63.20668001089674,5.734951797752986,119.25898759338448,21.292690637114852,45.18305514087113,4.189469590667514,9,7.589837636583053
30.458108126552062,903.0567560126257,25.168146292942176,7.071333203888912,87.93934881124261,53.749011694593214,57.13121424298251,4.844798710555699,12,6.838956637290487
26.8590678923916,2368.866077506883,47.828589480462576,6.847033573634518,113.66879266671495,31.879375913600406,88.97796793709801,1.3128967995111274,11,10.36937809419493
32.15946938968617,1878.1753074964593,30.438643971308217,5.730021873656195,102.69490250841109,45.808281714321794,80.94822228598541,3.175486530624266,3,7.1209257348348896
32.61369996363436,2146.5464253600603,40.24862274277831,6.889641459743442,104.44263331200868,80.76359986885923,22.139107618078512,2.419814180643775,15,7.2726578694115345
32.46514338690278,1612.3813852600233,21.084865532341126,6.38309457775966,76.91415704542683,54.56358899164086,90.67628181083796,2.006725331999078,5,7.012463006214986
33.18926533639554,2059.033402848127,44.01979210464549,7.389969571111687,58.23645979167109,40.066147002806986,55.10020784773501,3.0453505314687708,10,4.3326491363408755
26.522410201733617,532.4007946789344,52.99261526937263,5.783222701235799,113.45580725432818,30.59162655787478,78.22828231530987,4.020723919505976,1,9.401221568161064
31.550419287462784,2136.7608495590703,57.17495556962521,6.785666781631476,63.211717561589445,75.02436445548669,26.903334657469934,0.6037375255034455,8,6.700218866155845
28.6053949727414,580.277718170733,59.8094207077226,6.263960090925892,73.8819367249669,61.838851152326036,72.01115968509909,4.86230050654784,3,9.54746807630831
32.41998552890061,2279.826752725725,70.17747878614759,7.413629341181755,64.61143071251877,50.10490953196734,35.08771149680392,4.144467135675699,14,5.621392291990113
31.284906771616132,2483.9254944772865,32.9277744365438,6.159949790580553,76.48183139601971,31.311326539723353,52.26237625697918,3.880191666405103,15,5.732842504507512
31.764474464997246,1088.1349243535556,27.22890934630808,7.4243718189836,67.05050789923271,40.068478061784845,16.433343956978874,3.921743219812266,1,3.3476316811758067
30.561618376810713,920.6371125715873,71.09223031387555,7.302971702201498,24.796755857947588,86.98825700538889,27.88690422409046,2.2507731932839365,10,5.176044538731981
25.77428769469707,2030.7267277160813,29.396768893558992,6.040766470621312,108.20481860076987,54.006745320437574,22.82684191550768,3.882292478801662,6,7.609474985058119
29.450269188969383,1006.0526818405065,78.48560488017172,7.107083553652855,64.43938189157697,45.05244609324397,35.37825469975196,2.2404659387133092,1,7.163522641864056
33.84669739524508,2231.124766344407,70.55229376391821,7.491208403607012,78.89436485073487,54.10665317612429,23.50153765206739,4.544180733086569,15,5.137205758968878
33.37388066497119,705.6851843149534,50.05259635337595,6.005326004342565,33.9187802757987,73.42413794247065,73.81235226266276,1.2975007248791135,15,5.306024786627554
24.431737357970118,751.9103927587165,78.88528549532151,6.373554338646639,20.338784798263912,40.50817023771516,17.468391687783647,1.8155634089681816,3,4.306642233363875
25.648148157294372,2458.303110201231,25.84260374648025,6.540361473133519,44.5290093643643,28.402959069945663,67.50794255312482,2.9810189421458424,5,5.185226580926149
25.31728773454562,1847.6777965400092,38.1839456705061,6.089862271607728,90.45860321333502,58.87020887542859,26.96016562017381,1.9364496614927262,4,6.971004792908755
31.259799099852955,2193.7744488579056,58.29346490243669,5.5305296792920595,29.91945301128786,64.89030776108004,95.33872386012123,2.4090676038287304,16,5.712898244473689
32.17785329856945,1148.658754703036,41.00041210839073,5.940258488395053,110.88874403864679,68.45385022189122,94.31299621433762,2.715902102293676,7,9.798709331881554
26.13511366310672,1852.9674990412088,75.70235311884751,6.063873768683517,41.50225693561846,81.14906930745973,34.16776371428182,4.353590069660789,6,7.296599411338397
29.05852692951829,1688.4836546171944,23.937565290669053,6.387199402636375,40.45936142917758,42.83805905168347,67.22581034895751,2.8543651412391178,12,5.893617589942183
32.407030280112,1706.300240245894,52.96470992365787,5.842204956826803,38.15079616214955,20.651617217166887,17.380452155158967,2.131069318765522,3,2.3383359760524103
31.328015447662505,1865.0649190754432,55.45197604370687,7.246508713383346,21.398171297136475,86.87614377232066,94.2020261593498,1.614812738158021,16,6.331841987122468
29.422372054918483,1650.7183462581972,59.163687426633444,6.909822265462672,97.18054684782346,47.62589455781064,59.453921196295326,2.3390419045648874,11,9.28389236125349
29.903476904587727,1358.124738605332,35.339973399908864,5.670400955119324,107.50345312452585,61.74431322548485,18.673967870511213,2.8208124698646646,8,7.364731089876652
29.083605469162798,1051.8453887610935,41.873985651191866,6.800184902279863,81.41627026161989,64.97289923462192,44.11249940569168,3.8575168574145637,8,8.308652577027607
26.975484513188206,2037.162661826404,70.62083177989865,6.807312952811241,38.81999816798623,55.98852815259026,21.532204258204906,1.0447194927755241,14,6.249637148421252
29.65021992859016,952.5448600063723,31.69656613820959,7.412442347287255,48.527799694087975,30.39431473022026,48.40027734673559,1.497241347076179,2,3.801646230398022
30.888853020500907,1884.7086123088284,69.61207083040172,5.5060417427123225,67.59266973649633,71.63572875871061,71.94373908371246,2.2084430714090293,16,8.091971044244852
32.733229158608076,966.6656452986533,53.75932537416455,5.995864899611615,115.43459516233008,75.28139807280613,54.940642183522364,2.121792823037816,7,9.262667781800651
30.36291353979248,1750.6603399089079,65.73125067164493,7.355582958750631,44.73513718177428,56.47316895130798,47.61638485115363,2.262866394223453,14,5.66888808977675
31.61121537043158,1994.156534258058,62.816441975808296,7.364267830796566,93.16459039198881,51.642087043863114,25.128348870939508,4.070845690881461,1,6.794093702448373
25.60071634954573,937.4277778130784,32.45068972309274,6.9411728387412746,63.94482232929203,23.5453637345989,35.81981888396079,1.958694813329779,2,4.428087433383604
28.6155747441979,619.8866017226165,54.12876418603237,7.03152664209508,49.78473483600218,21.29637461248379,23.512179457759846,2.758541811811991,8,5.11342703064759
24.093316198270934,761.9474859883481,72.06338916830555,5.6829659158592944,65.59159370221138,40.46736341726465,83.63739219081616,3.3075816478605344,12,6.876351511540657
26.46678864521623,1711.993934542051,45.92697420811576,6.5277516695564675,27.120671754123254,38.31346166380449,26.495385378701418,1.544803475826223,1,4.449340747252198
31.264617151130047,2198.892812451471,77.995446213399,5.963165982577999,99.86873709303624,86.52423382224534,65.60673615665596,3.734129242163925,2,10.602754083410623
33.91809951349364,589.9936424708487,47.132906006103084,5.862436087227234,44.330192798296714,73.77170568325724,44.1329351550519,2.9620009388222646,12,4.4712053875489435
24.99178099587216,1968.3025180832924,28.56713820007308,7.120606598246665,92.54121231929705,64.4943221444295,34.208162695690596,2.5105152336412013,1,6.6126048916154
28.014943158612883,1182.6372919001042,43.3660808046604,5.770076273361095,26.834837144819474,53.82360667632038,69.35481735682882,4.144028120322412,5,5.766119388060237
32.0007096869916,1457.056739839045,77.10214438343223,6.437303273992771,115.5098556165686,27.55256480449885,53.845196297039955,1.595728666333319,7,9.60295738913697
26.040356346288988,2357.7190996911313,39.183250960391256,7.377156479172066,39.30149854056986,88.38425041382129,49.012364719187524,4.474291867764454,6,5.549883346550262
29.550849493022863,1163.9430094716909,72.08588959202376,5.871664111130685,108.27420762070804,43.12805236801575,65.39242041583884,3.024719309150167,6,10.002738105271117
31.330712960296747,1430.673867878972,72.87504090091339,7.455986847476469,100.94732096154344,23.01942018354336,56.757748421650064,3.241286957208462,6,7.56105859880825
30.15985450260179,527.3648295213623,41.01119145991767,7.488575971522118,116.7859924081416,52.034917178680956,40.79615772688267,4.437765338760243,8,7.6648882311845865
25.88024734615416,663.1974400096767,24.995459483037926,6.611234309364805,67.78906609457496,80.54985087098125,62.52020946004639,4.179122095322012,5,7.551372444341055
27.553845686857393,1017.1831822695681,63.473474549529094,5.840285480354316,92.73972938459515,81.5468251332997,71.90737900680904,3.2070293096985516,15,10.64823429685537
31.837917844853973,555.7044816421488,38.69073794083916,6.132209775881791,57.0710657037784,15.822443704233544,17.268918479882615,3.8893446673167835,10,3.2697030437037613
29.542265141320165,1762.7506520965019,66.97541685545434,6.34898566535307,38.43682380196938,81.47218085635498,54.599096957152405,2.449937706048036,7,7.8161972778961175
24.052296135429128,1352.796713603245,46.559290895625985,6.118648448716446,64.30759329334488,35.36131631248939,19.903079189601222,2.963199890748858,3,4.536071242385515
31.609907600280938,1596.290405456044,49.1160045405573,6.061271159753032,36.57490153884549,17.92292729763173,30.84446019578944,0.7793156151883001,9,3.0248108239746014
24.35311354940239,849.2943717926591,66.67456440491222,7.444459418432715,118.20446227863839,78.58427027721558,62.64324239662771,0.9043606310002108,10,9.864622443309148
31.457337827312323,1091.8640588732324,42.941799863697675,5.806729654831491,29.624649114071637,79.79000669911562,88.62605779757436,4.232414318838494,3,5.782520974816208
26.024805601652375,1827.6489497054501,46.587640719374875,6.9666558174337245,78.92117234526205,59.71733098817625,90.03848273102122,0.7685224505712349,14,8.812948643205662
33.5807348011938,2430.6054472607993,42.571428126177324,5.50082057887835,82.64638552540559,58.08253179722688,20.94524086178366,1.2622960653467328,14,4.533953280598151
27.679407513020845,600.8335472044184,42.040430916636794,6.692365338804754,73.80795428740542,75.98402044660645,50.62393233437006,4.081246965276987,6,8.726385987833385
27.26931616338079,2280.7686417105324,51.556794614087565,7.331886007908105,86.21858857118336,73.973216453271,64.55555105538686,0.5051567778271533,3,8.834513403518702
25.488880503324445,1653.7624026224169,68.52796667006905,6.075868188186438,31.618077501189095,81.75791050820281,27.500941886779188,1.7708194798063894,1,5.7494302913332955
27.056042154902148,1627.8391335112474,41.70609871535395,5.871051950515438,75.5018524205291,56.45605856975276,80.0617384233056,3.128173960219798,1,8.607480848272665
32.766507618282006,1500.5570704155207,51.4552832322642,6.8033595897568535,48.721257112736154,87.57353195496066,78.2599969671653,3.1795246916118347,3,6.938165366103388
33.963343376272476,638.7881718083668,60.24363952655605,6.925202814596786,114.01760633010566,89.71101232000038,91.78398616507755,3.9971880870326313,4,10.454540529526035
27.683095305068484,679.7537034723214,36.1663667782193,6.876061037903963,96.20716534397258,23.740845749897446,15.721311027092657,2.776668145214767,14,6.827574252185643
28.486106309545427,1701.824011318172,36.65136829414355,6.138633760042748,117.25144821597426,78.71578196655915,33.41816073906523,2.7923084128893665,2,10.01028263141399
31.220709382027373,1181.9171428711165,76.00478762140729,6.0044048043186615,23.755606974018953,52.48666933114418,85.31087071085236,3.763897589933152,9,6.408351362368414
32.86195780465074,2334.5361331553613,63.41207439986532,7.411837599924088,48.51331751807087,44.06747537248741,71.99930432028951,2.743810084698276,15,5.065205160505208
29.930443341867843,1313.1810747189445,54.63120057339853,7.346599016539859,39.5422586638349,60.980423241203624,91.02313756437172,3.2382098895362756,11,6.716175629333952
27.915256981778292,786.5629174052822,58.86320326523672,6.414633219785641,21.11545873118305,19.19741679465053,19.860270635072652,4.53998330714773,8,4.429285862086224
28.12621840848624,1929.437667004072,21.7579665862051,7.192387732308747,44.232573024632146,52.98458390753099,65.74193708589763,2.3065295342556738,12,5.507854277493861
30.95618146496807,1086.7068428820198,57.08617793370181,6.404646955268592,87.8775983520429,80.316792752,63.368958865962306,2.2330628191365,13,9.699208891670448
24.032182636042787,1550.9406147117863,50.57053239345211,6.348778036145021,43.108892213456855,31.00961371042266,18.03232539064525,0.5159704633914709,16,3.9938690200902167
30.195893374598406,1895.66557101034,52.74498078676614,5.813525895198589,70.90034454826181,46.97924210770688,58.649376537561096,3.2604181768455436,16,6.912276477684999
27.554930104413575,2300.5282224041407,41.565429609849026,6.352812112983946,108.78181149649987,85.46106657861566,66.80922646134357,0.6339735833320939,3,11.268674688612546
31.94197331277084,2084.3823896033523,24.888433862776512,6.574833877199614,89.37579203490752,47.1422878354273,31.259919807179113,2.7686682037774233,7,6.287577199858268
24.92990639823132,1852.7221357454482,31.60035401672313,5.545008654857373,59.462906990603194,41.87757242492987,38.23301456559635,4.11905205064502,4,4.124156715466281
29.882022669483906,1859.266364790287,77.04468279276031,6.388226010350813,57.24689389121083,48.04024860925337,69.42952443530766,2.974644817338484,5,8.785345611484964
28.809728898861238,2391.8492880641734,44.52197373625604,7.062712436790401,65.57358140084847,53.95895748881672,54.805580545996456,1.713362743475042,4,6.891099410635029
30.423255259052276,1091.6481949930721,48.00098934985185,6.860092112748539,37.704144105990636,62.39935080986017,87.93116089330778,4.037757896522171,9,6.941489735120331
24.648535944829682,502.2241883923748,23.16258739120634,6.77031397772787,83.40007674159881,75.05196006875482,44.10245011078101,1.7137265183714248,16,7.015320056264661
29.799837874281312,1043.9091187963973,22.253973772638837,7.3191108568744045,56.41528191046055,48.90766543232357,37.6660709629971,3.798643014256544,11,4.226685843601079
29.614845879595237,935.7827592534879,63.03088682280546,5.5360640196504605,105.23653492620437,76.31107013176052,98.71360492931163,3.2461630483560406,7,10.979698336392023
29.60660094416171,1823.6691702279963,52.28567984726668,6.614095172384468,95.65526600578163,55.029049601406044,92.44654046105708,1.2649833353660054,13,10.642343321975956
30.034876665964546,1767.4231995310581,50.522359052976,7.074697696819414,81.05131640921601,40.386038277598324,17.46438332491329,4.573102436798836,4,6.008601780667439
30.764679372263622,1686.9227654094477,34.58747182536012,6.5826707654025345,56.420222264951605,64.34631210895606,80.5119323010581,1.4028965733073806,16,7.386763785906581
32.0498899968077,532.4868864189074,64.68504389779534,6.147791105160758,40.99318316734844,68.82916910576185,24.37845577514225,4.953141833633014,13,5.415723371084068
26.698207201282145,1957.556108901295,30.094194746509512,5.772501130183956,97.61518641056229,56.853673172211565,17.336241560496532,0.5328971989472335,8,6.537606193778807
32.25049410180062,1147.060824970983,31.396084619661202,7.275126143632383,68.64090989910865,19.246122985104257,38.26411885713966,1.6856751971430637,2,3.528966424973605
28.982556822634535,1830.1119780132622,47.64273028089653,6.441524784775206,42.475003817735754,27.741215637061867,37.89439972019387,1.3993713377338948,7,5.562937567445678
24.770582791343312,1613.1568570043066,37.17679172671645,7.256230393971403,39.51746150400062,36.397329066767114,84.642094799492,0.5629703457670818,11,4.54859526000524
24.58550929243979,1185.4618508558142,34.84777887398878,6.671704244866337,36.54009045013591,36.196920446361986,75.40671590514098,3.79565555066292,1,4.813799137823814
27.342383186960607,769.1525342082155,58.7142586731999,6.848384233230002,97.7161196205595,65.5065600185153,98.43680132322122,3.620416109448183,8,11.34679740286789
31.848969771114675,688.837795320962,59.05830471311267,7.1085223087569,42.898718530031175,16.376149625522444,75.47859652650456,4.065579339597187,13,4.930785085541211
31.076809347409156,2163.036666224447,69.47102418799575,6.818311089200269,72.66422635251975,71.67613327871399,50.551722026764075,1.6551434590905436,14,8.467257671724909
31.886149646724064,2336.795084163116,45.06251401837855,6.296109681357875,65.15463609730566,34.900685610519986,74.40885118034343,2.4995082518733645,12,6.350011223295564
29.172690564416094,1799.5760935285991,24.385105461569015,6.527266767857302,77.96108992282839,38.25163846620768,99.95402071084418,3.4660108472969635,14,8.607477295130698
28.401989979554905,706.8682297209667,36.41998309528746,7.106091049351759,107.71549003711942,54.59323709579432,75.36206001781488,2.478958267496646,13,9.545909206801168
25.47452526706284,1304.0544337764813,78.80032779180902,6.247300592745969,106.77473900817306,31.194420070421813,79.74291525832706,3.6379659664306208,15,10.188105648188555
27.281927536093114,1957.8784002103143,55.77551451396212,6.276242913536994,65.10760718248596,81.33534851816457,94.76102629117204,3.35288033798199,6,10.091356033048534
28.340193661738752,2059.641768020136,62.58422508806122,5.6913802321160025,21.53662507347233,21.402658449492396,24.660357211493086,1.0159151135997941,12,3.7815290162419934
24.886004296796173,736.4372445821772,20.441469777524873,7.329168870443495,62.64438057143032,48.328677172579866,74.90666494305678,4.014694044846356,5,5.255980579016045
26.20611952711211,500.0614376907648,51.09234393095125,5.682072629890883,80.61935374241403,78.70667020911674,87.31850642723316,3.7430436159163323,9,9.11073772802444
29.982252940637387,1924.27409176121,22.251719451908187,6.796418354897112,75.77647590980618,61.188292081592685,96.1221810187759,3.451254744278324,9,8.098172235438415
31.356631142391898,1213.1923519724114,54.15381272548688,6.326388957605595,85.13361058002054,36.924713688197514,32.93238962549445,1.1979212282195104,3,6.857012796465429
33.9834751139295,1008.9626632365205,75.24625097816453,6.311238780510885,35.40757324730835,46.55701558323456,57.83396565656076,1.7059840195791365,9,5.251743999759503
33.33113331343558,525.7949395790508,78.10514783002446,6.859103673145368,84.65350987807325,68.0020785256886,72.84716204978096,2.269296642144202,13,8.75098416639957
30.425651995351913,1580.5988135229993,52.43316052333545,5.634187465259758,38.26516187437723,87.99455575229246,36.03475700761368,1.7596832974539953,15,5.410268195418141
28.21248053294072,2202.3014708519636,47.49228831513295,6.6874115659028694,95.0523980696749,81.98540387845752,66.0401933762733,1.5251463080425915,13,10.694634372496429
30.361773647082327,2415.263292545176,76.70102565490964,7.04406357194471,53.908761326268,40.68246062867826,36.89419651232995,4.124109515727991,9,6.127312821222311
31.85651618080232,1631.4899012265785,60.41658991980171,7.156425515773188,90.98954333814535,89.86484094658931,43.34384674519002,3.3720451086209104,2,8.309389410837369
25.183361909233874,1528.9226554797883,23.893956772304566,5.841060778787551,24.78655989061071,15.26284976482937,52.52908920342353,3.0446245919761266,5,2.1753563850681377
28.099048896962884,670.1127709784822,47.94353466004985,7.294838100156348,60.78600255909134,17.07223168563113,59.981158393458195,1.5167871988396424,11,6.038193283700715
32.39802285635617,1597.7456030851995,34.414701107858235,6.812292183694884,90.50345222633328,76.78803863783953,53.19609908813781,4.631344530208886,2,7.52732310064651
27.83832951933044,1259.9581579307892,48.188259286920896,7.263709601641366,42.68705163314941,29.9597015124789,56.92161918197398,1.3603236759379231,1,5.321375863607327
29.718722712271866,1714.2705617671538,47.3279343203817,6.4705614342203965,99.52870447972225,19.557695129718063,40.380044284504876,4.0772791977110465,7,8.172565319488301
29.877693608621982,1277.4526957530934,54.92868816888452,6.584066690194404,83.0779733104932,32.78610549273766,28.5120329919236,4.850027000173819,4,7.187115985877583
25.844762531336393,980.5982469007336,41.40622942095507,7.338076554057342,78.75617721497983,46.95751154856451,19.02474807278135,3.7719172815090625,5,5.492054928765375
27.622354416522885,689.930550456753,29.85622696735568,7.299819086709343,55.35488542043371,69.79247028250536,31.658191411791755,4.967864488330834,4,5.581545973878896
27.345112887419322,1129.8368891777914,50.22316607539737,6.396321746738004,68.24514703811175,61.82516449134041,64.46520952799156,3.42973002640076,6,8.797864884471926
24.26196708532065,693.2896685755045,69.81217306074572,6.048825263271364,79.73493009778531,32.82159131703153,81.81981306326625,1.4785715462175275,11,8.115141749054388
24.241917638913552,853.7939016479679,59.84073368405614,6.286340869128528,67.24621139148906,52.74528360754383,29.386045782646036,1.417187721724301,2,6.1906196695194255
32.316970436757735,2474.672317159092,40.30207195551295,6.2755286570595,89.831332394056,84.46605790489265,24.22720541067512,1.9605392791496437,8,7.299959771653482
26.730708099728126,1388.2071138132374,76.13138136553144,6.073733749965588,63.36969331069596,76.12558327378183,78.68968064668627,0.5320850909945273,4,9.889690999956708
29.180787662388155,1563.7435330100332,74.73245427495092,6.037159208665933,40.227318174203035,39.23923386238451,40.938458095669624,3.5676431153727557,8,6.5036438705172515
26.98725573588773,2247.237057474431,32.56090396304593,7.222125872959439,41.39337828010473,88.66984210167722,95.87745233432496,1.709005030825224,3,7.400735294534802
33.40679245115341,2491.1378009813757,22.365055107221778,5.639723841369324,20.58037688429411,68.14653003263481,75.71702750188172,4.168324545317388,12,2.7926487372142317
26.592967588657736,1665.428898689363,64.47852250104573,6.8552223641991885,50.095771555867245,19.683701675008635,42.77426401565762,2.116276927516851,12,6.193721892009721
28.29656812738935,2124.9476420883434,69.65661568094919,5.845640102912904,94.89176404785196,17.6370534966479,39.611133562464914,2.659804220584907,11,8.318369987057448
32.72730250484602,1153.8820486733505,78.07187395708132,6.189011786788127,99.41627088376096,27.63059617575225,59.51436283306127,4.8456001245216616,16,8.258041265591205
32.41933566791809,1111.4879148945822,73.39018364529863,5.623086068269673,40.246754209575,69.58919010376101,21.727296803647803,1.589774553712747,5,4.511486981117315
25.861014178462774,1305.4074419891203,56.03208609238489,6.039947273710924,115.90439968714077,28.780419438182093,25.002503574850415,3.745643438433828,12,8.247800119662996
32.0264330979571,1845.0145253472983,51.80314035274285,7.036842142234484,70.24027934801268,53.36150769066251,29.94791991187636,3.898030051874377,3,5.515930387545087
28.581868867378926,1864.3833785101974,21.670463075755176,7.270030649094517,111.69787490185027,21.99450901356238,80.85150543088761,1.4944917088563583,12,8.312458193563703
28.829688720853554,1130.4788692989016,34.79938681068667,5.943054303804734,90.67652818616311,84.06646183726464,58.67787553787541,2.75448576475488,15,9.090982964918156
25.33479972415944,766.4198482732575,47.576885103975584,6.427095678517844,92.2433423022413,40.79704601876757,15.89820543582765,2.0759086639083577,16,7.118321584953549
24.806015137571247,1764.7925129310172,57.71023400501407,6.440648095874413,28.504362130607113,83.1099042420473,72.24890483512927,3.973578095300401,13,6.989259867364327
31.27939306973765,756.651724377529,53.43510999910464,7.247150611519468,41.999112689693064,85.86567314329082,51.01366518614225,3.3011749356306685,7,5.8167833185206055
28.964611523552996,1656.98501645866,64.55815938090143,7.025598105751611,20.881483329447263,15.45964854852606,58.422451021922825,2.641923746872462,15,4.887920685403521
28.368507026151796,1886.844256112618,36.78601585322245,6.5261544367361,91.61276404767375,49.810139039904904,33.19988069009952,4.007134692714732,3,8.31873437076483
31.295082286523968,1901.2229927889032,53.89715645914839,6.841494400943547,54.443828842851,16.849204178016965,61.90148941349881,1.5582000650378767,15,5.348683730742971
31.6551289899111,2006.9442213191935,25.288534603447527,7.194710107818734,98.66525160763467,83.15195747271794,98.22802537887654,3.891298462629616,12,8.870066132192957
25.589081676693535,2245.718843131329,44.81993141499242,5.51907790805109,53.893621993702624,53.88056585509319,21.242798735489725,4.394184404417709,8,4.334382146664055
30.10225149477641,1499.9179839295768,65.00964997727607,6.305780062100097,101.93337522988611,20.620800952387263,39.132978971476604,4.453797185634076,9,8.20281388453293
25.353540822776857,1960.4983790591423,61.60405120574264,7.314486334554157,33.0698253748313,23.270754620742515,35.65479539317053,4.0265311685882175,13,3.520375920537132
31.513750860290457,1738.3454707316735,79.43856423033074,6.980626061687903,37.337315675750816,43.763176836955424,36.12669141385027,2.336063751492209,12,5.221960152790994
30.569551562671396,873.2798795953652,36.67346755926536,6.585682748668149,54.08765395839365,85.5175644654667,47.19004039305707,4.918136102230221,2,7.122996843666256
33.56614621083458,551.3792897388164,49.891357950438746,6.559289054070267,60.84873888822733,66.96818636760607,84.53933170325423,2.2081713972009793,3,7.135030353915508
24.689580163564212,1069.0827713538674,39.771824826439804,6.195540195208876,54.87028108429784,80.07141496418492,92.59298864697293,3.3738142959609156,12,7.470096335182511
24.570547211512544,1386.0674126752388,46.43618684355049,6.541041067283029,96.36470325232199,42.484248475498475,32.188282434012734,1.224833801312609,13,7.187451662888006
26.821870746932,1734.2118888573125,71.41700779216329,6.810766398926907,29.69513926267147,18.241027466249875,61.15074472558958,4.912020043863767,7,5.565232120756371
26.61705683735906,2199.9186610064107,61.05254451130919,6.336726076857586,55.12170196384881,88.07382279033106,69.13641263406583,3.6679366483909845,5,9.320636522033933
26.469787990719997,892.4914334123313,72.94647148085491,6.928306292784348,103.72399995154593,16.287974299677717,59.35533532092682,3.8901989536086576,10,9.121244892463714
33.06254580521036,751.0995797969542,32.21066649991319,7.222464454520772,26.6797077262172,86.07387398108168,51.89649350673816,0.7959951653501507,7,3.72799543009776
26.49546199849506,2426.9598949486553,72.40166707048628,5.809369696369722,114.23435076713574,42.650806788685856,31.317917998035217,3.935380163993023,2,9.269558467798678
26.71949726128631,716.0891187528142,23.585736450703067,6.403094045634849,118.63168422720129,15.756780376641114,56.498645531935274,3.986255431492706,14,8.393544007371124
31.593982624179638,1456.9821402143784,73.31595682622915,6.316040182570163,28.85681738250801,66.68679237933813,49.10326035546296,3.5229772686300342,14,6.12443075390429
28.4973984245054,1671.1274575866037,39.744426767643674,6.874929608099456,49.1272522255737,88.54052280235156,82.62288581269293,1.8135932620565463,4,8.576367122957143
31.767105569551813,1582.7488418148764,38.875258004843985,5.999734930515858,57.24006660353562,87.42192921281944,79.9063705288546,2.703605189723967,1,7.201522197720719
24.653661575643852,672.0643140658864,50.725314601919834,6.780501829904552,97.6391368652726,27.07027584018138,26.38988790248201,0.9969546708892241,15,6.965350846910551
28.875711936733843,614.0538280072387,76.4414112633939,7.254978483462976,79.59268121167338,28.593585454961623,22.524119467860743,2.6221417990661866,16,7.181193650709576
24.336136001832827,710.9668549220713,22.86688188088432,6.336263199587245,84.43657004925673,57.41541859647451,92.19308517433775,1.5972073367018218,5,7.82093864991442
24.626532034553545,1671.175367745225,41.133858504244714,7.3220313999584405,95.7509822818506,62.79786198212433,60.51821306198231,2.0709364392233693,8,7.475381315888787
33.06437453344411,1588.6897752686423,71.39431932100015,7.486327477866957,31.79789994370257,70.45634352493992,87.9130796690202,1.2317018378166438,1,5.582389714697717
25.392453711175953,967.4815840734884,43.763268646128004,5.712184099895904,103.32094569102624,28.578777035411065,19.942845248144096,1.5352446548610366,7,6.330116536509931
29.32420682275217,1775.548283691183,31.94941385582402,5.9661063759697175,90.5619804180144,86.92553150733258,59.75382740433857,0.844558888190523,7,8.81517553439569
28.110956026007067,2140.1350041112987,45.48765087988471,7.400759502964187,77.73417251963703,62.90544422169284,60.85125373898009,4.639556148966146,7,7.903623015628376
27.473433262588426,583.1579196931875,43.13315008950016,7.416655372962774,108.97353347830567,78.52851891529161,88.15967276608275,2.8868480958893152,15,10.637005379696754
32.99833345687273,1496.2598870960849,74.9249720880022,5.695414550773517,90.03063538838072,55.504928646312884,23.296849849525138,2.2853388706823283,1,6.641797385269572
24.218233967754895,1878.6208242053806,65.71606254458582,5.529997000754273,40.16999626310254,46.070763569241194,35.43787291245229,2.9076314574595274,12,4.158875774509007
30.63789686175589,1004.6238541393741,50.306933344640385,5.822200046512845,62.97453810756667,88.28871799462469,49.555756680396115,3.327319528166987,11,7.507951890065561
33.63394434213551,1115.5418105862982,79.30223400329427,7.492025566764497,69.40428669357333,58.659102811487706,88.59652541069508,4.6484545701620705,3,7.455317075364301
29.601681834618418,1727.2758059787677,47.9166518765554,5.859999233221374,25.521762675040563,80.01551870993842,94.8050817809982,1.30411828528841,11,6.840749922672323
33.36822462033092,2295.870586887474,23.494269849216515,6.505095213444046,115.46375133600557,86.49692972747174,99.38159266545837,1.829986243858479,2,9.923117856627503
24.522578792860237,2119.8488406057986,35.73645930889909,7.196835452861022,32.85772607968785,65.65159702564944,96.53144634897433,4.891052013548516,15,5.426619940850337
28.187933190741614,1666.260438199167,46.16422881315876,5.540803221376413,89.74612672267268,56.17040088890062,15.505049246770126,2.17036843991836,15,7.076827463879877
26.601577909620513,1960.4434355144983,29.414157448767206,6.708977964516919,70.62310360908802,15.263313818298796,19.055209023579124,0.6015274284079744,5,4.688785224784981
31.308209649807296,1229.6449404155974,76.85390757944258,6.054050897739248,22.563224988442258,18.00147305542545,27.546579628395037,1.1643957168672148,2,3.897697164249938
33.81297090497247,1781.9310561975155,66.01093386906638,7.224669832879464,112.47474758643617,30.063841203833725,44.653278225473215,0.6185241578684841,13,7.095657690050821
26.56530062444248,1432.363182255114,36.09723202566636,6.066922298528159,105.18368088189332,28.950632389199644,85.54303263389149,4.954654140893278,16,8.921714232364707
30.541746014740745,879.8722729151218,55.44827201107495,6.873511440563818,72.42579279038355,34.1069096399884,90.87577660351585,1.7549188204605037,14,7.9117387615815815
25.9809763275974,1903.4765477545143,63.286949426574324,6.848439264894794,42.89423361394452,37.87009782732456,30.880924535039558,4.655942406213017,5,5.482962625844249
29.653302545716098,1612.9292746976441,76.47673573440788,5.94298709771928,32.16228906800943,42.004912016304615,67.67145288767523,4.981488240918721,5,6.286934187210329
28.639324866883364,1217.2431639071829,72.89812095052463,5.5695983997367,56.33924794321266,46.54032675516574,92.97576873054851,3.199285495144014,16,8.59177164096997
33.72005329631537,2322.6783801572615,50.911533568292825,6.318499147570795,45.54282810460905,22.4149753842011,54.417197554162264,0.649383417795028,4,4.2558980346409125
30.085272726964668,541.8682356534665,66.47915718758105,6.078386303931739,70.66912010062987,18.177144896458653,23.801203615986637,0.8671623367411714,11,6.133087579799395
27.49506372086819,1131.546302498992,53.7286852296551,7.117955499227417,116.6409296123429,65.54583368047676,53.91416025719312,2.66715074798545,7,10.227521596571124
25.140957848879335,613.7627955552931,53.162233402732404,7.10072837691069,77.49534932296413,55.300111863230825,46.94256669448487,2.327774058101687,10,7.054639723743334
25.512468287349346,2033.0546324432544,26.884517500291516,6.414047904385251,108.99310558900979,48.310815166508974,64.1009296656106,3.2277978760179544,6,8.954810455645452
26.25316929951235,1904.2149082275853,27.568259480969125,6.713024450646438,85.08788374957773,62.58299558762643,52.28598817460381,2.4748151437011376,16,7.873890933323503
26.50966661340298,1162.704437472634,51.77201690134744,6.70851903197385,67.52465265872004,77.07595554026554,16.474403782566025,4.70334582172168,2,7.1943958203801985
32.50616057841138,1851.325804414146,36.131692698740395,7.154316296855247,105.46075627333713,47.076968183715344,99.48980734016205,2.9063287193607996,15,8.233856047389072
29.61222788282525,1291.8744523918997,21.262214147628118,6.350004828246395,67.13681101729975,63.083959878898455,61.20092020709853,3.62176727658099,4,6.998201187888616
29.233909113743664,2012.5075828448687,63.370352234012735,6.050893359581018,106.8628170510361,86.5179167876369,55.25861421619181,4.534183726891235,13,10.873511590727945
25.147688718692173,1408.3673254734122,21.949195801409896,6.030069836281095,49.15767695757653,77.97183718961705,96.14247657784459,1.1609234412494331,16,6.942778160214128
32.60139693349435,1324.5594556633312,55.716610466243274,6.5723845585644085,32.881307376298814,46.95006078768071,28.248131244901554,1.5338059435333786,14,3.8913879663742996
31.228143032084837,2369.459830976602,52.351627647638864,6.398296405464425,105.53144643629383,63.35376283610572,31.0851962163461,0.9829339721330678,11,8.858381465605328
24.676683619000016,1001.7581997814004,78.12888143466827,6.380241541969872,78.74151637926667,28.280319143695483,83.6812536703366,1.1283727965346053,7,8.718268515086574
31.078350972297685,740.8946799931309,49.0527883608585,5.6822746781794145,108.90923982489602,57.03916386713174,37.17064180212574,2.8066278512040492,9,7.6317516009892525
29.43538217342646,1669.0862265189164,23.816086182667842,6.9372074813803914,113.78272069923833,88.5996218353832,82.93430403477979,1.9453066653535882,9,10.256373161902042
24.817253457467782,2438.643624568358,53.1012780683877,5.927473375963821,25.362839037144916,53.87363364018917,38.08034604722272,2.404277777870397,12,3.9365657474741247
28.583006415286565,1255.6784274543734,70.46577023696608,5.893907260417443,70.09693018588683,84.57287243926105,17.820948569125125,4.921204243073278,3,8.47956002126699
28.84696287130047,624.073527257563,79.8109570568864,6.3255166405547865,57.49645490745293,45.55011903774455,58.94625153037086,1.2051695650817664,1,8.641365593373273
25.65774540163276,1178.6105346191348,45.82059042134435,5.955556683235603,82.58583970701171,89.91336203884734,31.718346900783217,2.93365431859134,9,7.67774582384992
33.45698147000282,1511.863308639117,39.21792454980455,6.667716534616031,99.35911972023236,58.44150264206684,79.41693489926004,0.9449201977414293,16,8.390630855475328
32.499753714806616,823.8460132644275,74.39919781711993,6.242926678668943,48.059021597436896,18.170174567695092,69.50196882473259,1.9332334096874537,8,6.008267465945544
30.690223373291083,1816.204436112984,31.474527744567283,6.39782344518558,75.67983843731716,59.00660975185411,93.50622677812301,2.873866656535694,7,8.40461091816566
28.622955610006073,2495.498778020401,56.925734901975595,6.5743386432080575,90.87285799048996,35.59295217596975,81.55401036758755,4.75984285684402,6,10.279603336818614
28.117655415845086,1403.4789519628875,44.34286545085686,5.90707104496361,33.4431082835734,17.436099152692105,30.36595616146178,2.2605269957756735,14,4.066710711438634
30.50973467150954,1209.4571134604253,22.46494189733332,5.81150324573106,101.40669059512669,76.56399785209976,83.01345011650768,0.7920801329660142,15,8.822014520794552
29.454318694069055,1301.4083336689332,40.837308458341866,7.26084380574721,80.61095998529731,35.67972277355669,69.54764880919197,2.2467265158214262,10,6.977361492757619
24.622731058818857,730.2923567904022,35.913711350160476,6.367447405662842,114.95374371136518,74.74114155348738,71.86088954965312,1.1558352914328998,7,10.126669877533901
29.125026487703316,2266.5472028524473,61.16546923660921,6.324187219265078,53.95289191306933,36.61631872169002,85.74234530746264,1.5349532598115039,11,8.133812211449378
32.06403617232839,1329.651311042704,76.9274298615151,5.571224300545683,30.814594233719866,29.57447654053307,63.775045881059924,3.281407804242457,9,4.477508911082209
28.59239877596958,1274.5488228496827,36.082831242718264,6.495952605174787,70.65012010369253,88.04516805783206,54.6102987200061,0.8034073979165676,6,8.909764812731648
24.519565775542684,1819.3805458609486,68.68795634910092,6.608339443222,28.581077170943885,42.12339958162647,69.11448800549188,2.591256903125168,15,5.978240718162703
31.86278199384033,1384.0668418622472,23.32158901630457,6.617681741909333,116.95265233240067,60.103215858237036,40.32638146146052,3.24257713704844,14,7.949219461430768
26.013637821359744,1796.4669376156921,52.28726060238879,6.914062338645769,23.868495825719155,60.748611961085366,30.520756142403442,2.398362765653736,14,4.285288064066513
26.586208348880387,622.892580261575,24.233003822593673,5.854963669982023,95.3503901107308,57.035511163012636,67.40996623605594,0.5860685778067867,16,8.086878510224292
25.64706353432296,2127.446687444455,76.04197946783836,6.004446268461238,72.5102398142244,83.6021807640911,34.8771113722656,4.934837106062894,10,8.311706402683068
27.302150648714974,2381.0079057588055,65.98107683344341,7.121460930460826,56.862065249828866,65.58308035251514,21.792784294461573,2.152020953032409,3,6.908369108750596
31.56751505688635,1797.5307723187718,59.47699467227554,7.394341233686788,26.584216450865465,45.27997530786976,15.047105689746584,4.0035973411997015,13,2.7995354854954195
29.193858595039373,2409.1318577176216,69.43378289747986,5.771865494734641,82.21669241736078,79.67852883932055,66.7071491190057,1.9654092148435396,14,9.758995531982691
26.048812741507128,802.8646287399266,58.85118773420979,6.495299109010436,78.52203293909552,28.579717433697333,45.782646595820125,2.637575406470385,3,7.68103197628746
32.77830078152041,1454.8323789607075,78.13666383045748,5.9283525054791735,48.08832730675998,55.81775682078131,78.94643250724376,2.248086391749484,4,6.844698765299644
32.79581854951529,1703.6134678908945,62.83747687188629,5.620146336709965,111.02217014103121,86.29127789578173,46.889993856613714,2.041426532793235,10,8.892582880225481
32.70578425046007,1663.4732948423734,75.4795165749348,6.151006676252271,50.41100073428369,61.90482224103095,56.31029310024927,0.5983311974350043,13,6.79062519650716
26.38796211381539,1302.9235581780865,51.02791352063828,5.7873752503684255,64.97254105921061,76.27263378561571,49.602222689307716,2.1200942203452655,14,7.612253210020199
28.51239344180988,1176.1688187325228,27.023864778911758,6.919866146868492,74.37624559186557,64.01705441588946,70.29885724429442,4.502704956797885,15,8.029616746253305
33.849896561408755,753.6480451008376,51.69066328538103,6.567450827342888,30.02318781762861,77.95281476534177,45.2718287712723,3.6067700236715767,14,4.833997689569916
31.720124763099903,1283.4849011245565,27.612369683785598,5.7876689419806215,113.21617192136323,85.83659098839327,96.92025024509626,1.1544028659294794,10,9.555452783352726
24.271674212255597,825.3216302109703,55.549608750584305,5.518483176811029,57.45361524510411,35.46912956495526,94.57249386087506,3.1601975208023263,8,6.097700213757169
24.65204591260492,1968.7313529844369,48.94958363165978,7.116314098048425,28.077921387434362,27.724581094253914,87.08237172586891,4.5150388697699215,10,4.642542682682209
28.63931376812333,917.66187098918,57.354523869966904,5.8523888123284955,58.72911736753299,51.29930627494049,93.22552299868359,3.6501531843418493,9,8.310393934985216
33.0922020586156,617.1306105690677,20.602818863289897,6.712433284441532,80.02025470925807,67.63968201181619,53.176873519048236,1.1690797656051353,14,6.175783281439498
29.387017979527144,1604.7322756344686,31.690429499321844,6.173843826153491,71.36526718213295,32.039343988666204,60.59658372710683,4.405246235305235,8,6.52703948893969
28.978125080342902,1690.4594654388031,49.479825914727854,6.670971876630071,89.4541974037274,15.30760878226253,78.07787036745077,1.8569480597998942,11,8.706408331997954
25.054736999566305,2243.8261225610113,77.0302136953481,6.131307253964648,25.548394206791063,40.7201336877529,74.17240361977599,2.5433426494055382,10,6.2111504052573
30.56780104724294,1653.9632248353637,43.01654242130951,5.673879121384508,48.45406102720561,87.66445016008413,90.70768062646502,2.8676424186011586,2,7.363021114998294
32.221031606002256,1190.9617074468915,45.46232156321808,5.945900017115507,101.92305768401023,67.12255954543849,75.8881373168191,4.327279719701878,4,8.703080684790518
27.804200075075624,2106.023763052641,62.88176534039733,5.876117132958151,27.989368779136086,45.0994082955918,99.82020019941915,4.692233728164474,4,7.092187814147944
31.756118509253277,1580.5577863748422,56.22756543716708,6.356038704879287,105.54859546959575,29.443207301013025,44.62299298568524,4.6834379500575025,12,7.938342095288766
33.64476653900812,658.5605692623835,37.93556900589999,6.8165675668523145,29.189609207710625,41.706725531606025,85.80480809035052,0.5357938157534329,2,4.158764861981218
26.03766459127689,1631.7011206264933,44.648983734045665,6.027612149892715,103.44542148916962,27.737957497593598,74.29895994077646,4.6484981851345575,13,8.89314385418227
29.233296311947413,2316.0370908433247,33.06198793143395,5.5241398706012355,56.078840107872665,22.972936598471357,73.76784784327657,0.7447413470070755,8,5.020428221296504
26.871379580845755,1292.625250996441,77.9612875478125,6.537874728529514,81.22090632572159,83.00567794294155,42.69602556182491,1.6959814556784591,3,10.510663314643825
31.928544190338393,1092.6516037996003,27.838062893441585,6.711518978717944,35.28871156479982,89.82377537816052,81.77615235595691,2.8174453462752482,2,6.053851898166994
29.775933658811574,786.9389140360402,42.31020707398517,7.42574098800362,26.616872172518086,27.308582969684274,91.53196189954593,2.659665600519773,7,4.343388235494792
30.345824175503036,802.8910438707146,21.55033833320067,6.678941606186494,41.593820402013506,19.08919191587098,33.576619229247854,3.221194072493264,15,3.2134894287647064
31.97914159615894,1365.5429686836378,33.306769516012785,6.4423451187562835,32.78538179086955,39.729833035965925,68.16723115491985,2.657508029316526,1,4.21794203907601
27.959704726624548,1691.359648323059,66.82826830280929,6.646803251795408,51.24058976796318,49.624438557106146,48.331460473735895,4.704690558381894,15,8.14052946382866
33.150900684070436,661.2308103392036,32.07051393733277,7.355801259724054,71.43832465110202,30.361593530689085,99.11159014006455,1.5824698169656415,16,5.060350599019573
29.3302886724614,2379.1371780503314,24.803804151737936,7.156756291203292,78.87594635650095,37.60686838489188,55.70078934569293,1.7331111231731864,16,6.178355075462517
25.57954822835348,2010.2672348903918,48.467190790671395,6.145957466727616,98.9868107379743,30.065305176874325,34.40721477274013,4.643320710618752,6,7.146240074144312
30.958991181688024,1673.2478365673253,20.59815408407111,5.974508727314275,85.62398932483586,73.06954263243384,47.457898143855765,0.845327811853653,13,6.616458438885196
31.932613504382545,2156.877341877982,25.08596926557999,6.025267224732147,80.8758325129553,68.44334574354455,70.57626313441324,3.2430236985716445,13,7.139152496915701
27.167616770675266,660.3735136242266,68.45755217377851,6.508842079430426,61.17820274857746,62.62136368207363,21.467596564713983,3.5678117842952486,3,8.003824669412818
32.57179256998753,1453.6777554662488,66.28840069157638,6.988098902457155,67.38084349601387,44.041339280940356,66.3061632188052,2.7749377554338275,13,6.625328471898115
33.06143254765766,1760.186253723327,74.90832922429377,6.506438414365924,61.45208293901811,83.1780705985677,94.15410453020633,3.6240434547041174,3,9.26624435929945
26.76904487377809,2157.3058122365783,71.27092615464497,5.635592791656225,104.21660300613831,87.7149406151265,87.28083695091729,1.2773959070538514,15,11.407725477403288
33.83521472715222,2066.9391200985356,60.99053379438909,6.947161400879962,43.00004525483999,28.0229484469059,20.752250615928588,4.336845047471929,5,3.041519743409936
25.407115280487584,1054.1384994267992,23.13997143803977,7.1119402573419075,20.572093154196462,31.725948105890854,99.4381396928208,1.1301156026144852,14,3.9599956280930897
26.0201566840249,2381.7603391184084,66.97091707919945,6.0789957302394395,85.13198972262393,54.42232710002772,74.39178851482973,2.3036559994208736,3,9.660752122698302
25.842248392380263,748.6916828617407,70.73064865043364,6.828251478566701,40.24621836388314,21.843792696168396,28.793870066692016,0.8386592058869261,12,4.717743771299713
32.9398971000787,2250.267237242304,67.94492874631726,6.353183802108787,109.01151363098093,47.73362991173346,16.055367579400997,2.9534498546783006,4,7.880637772053778
30.542925523249618,2441.8804992092373,50.508742118481564,7.278238711454886,105.9046329706656,58.63434485832826,29.559024084832863,3.513856133415376,13,7.729518971205023
25.52104283222273,854.3070464452511,33.9741103189689,7.19045111632148,27.67273719282059,54.15551783529998,86.24495325828778,4.735497357928807,13,5.069338142771807
28.40323418368349,1944.1321284075705,70.7197985413236,6.5508639966192845,30.638840541407735,39.81814373085196,16.83934262033892,3.8270128815320037,15,5.876091608583493
30.152980250698022,580.5710375559969,63.62976858440831,6.883011091627189,69.51715922466663,55.68343545579051,34.817520807537356,2.93496312404368,3,7.38892298600675
24.834640849893834,1310.84565027831,78.84567046333109,7.266699402044208,80.92226627693546,86.91007156941359,79.37097560346442,4.696776577266502,16,9.823941712359842
32.82416368407338,1532.5665983953481,29.341555865355975,6.491434020156551,47.49083374822408,30.451305321853205,64.81939555134149,2.6529657711839443,7,4.3240118360342255
32.036035354415354,1661.2904518192681,33.539874983123305,6.126501480977644,91.67977166993707,64.11235187955027,81.53253538061631,3.0254254389449122,16,8.30195810480106
29.052067735766382,2371.8744964971193,32.70788899289016,7.007332275819163,79.49160209188716,18.25475206170389,78.42279282527697,3.182443374515431,3,7.1211722385764435
33.671266152591706,1844.5013745883894,67.5523860572802,5.940132509569383,52.48241097485547,19.981230336107622,19.3011179053534,2.3449087664895507,14,3.533708210353917
28.177609792750996,1462.555902438474,31.21443778700709,6.277062296012084,22.53714880423156,56.387116816768874,90.86347062300288,4.273172107546209,10,6.577109627378816
33.841103190364976,2119.3500725317786,23.999589789398364,7.231454474213587,95.01502812985177,22.87043852459621,34.29770591399284,1.333291724802766,4,4.054807608857617
30.67919998803627,2401.065641908818,79.91364839513773,6.94884468053863,41.47536658250827,16.6760091320143,62.038357419529916,2.996789856672236,2,6.108947106072419
30.346712732539416,544.1322973645817,21.48903268670895,6.307622010494999,103.44737434626283,27.863474823601663,69.76449330486119,3.7500496528423732,2,7.790162927130114
25.65954895295785,2465.0425445120773,70.11464360953194,5.929489004816714,62.02902600542552,57.36368782496808,29.333397925233108,4.567892773444598,9,6.682143917363108
32.81927758304644,672.2642781273607,41.92201049303917,6.211936781664473,77.70774426317655,67.75057158891994,97.97965681958283,4.4776327839542525,11,8.173378037841106
28.274896879206153,2128.7735585375226,70.49692758546891,6.068208298454866,107.29487304090019,30.1858923106035,56.493256267421266,2.7893313024356385,1,10.02377234358393
25.622334057824794,1060.669505102825,53.2772294726687,5.852178575887708,106.36230009199534,65.11945779061308,19.899629125778443,3.3942265302350374,16,7.999069579646158
24.12607519975759,764.3593155077435,74.0978737691816,6.986665827131313,57.15195752435733,28.6857248324422,94.66727380611643,2.2740698125818546,1,7.48731745260349
29.597556836383824,1379.7112794276698,75.5715791848776,6.004139773700343,40.88888927148432,61.00930699734428,64.83276667142778,2.6067999329609015,16,7.504201071855019
29.273996221226763,1787.913158895227,20.54589087684656,6.408334940335528,97.51460777285946,45.89697599218491,74.43142182841699,4.578196066578723,10,8.674532651722414
31.193536223691588,1261.90369004695,24.524730559567296,6.271718893672218,63.30802036021312,64.03496320002125,59.63994214440905,4.688167969366133,1,6.2950423899969135
32.90258053017802,609.1308165653979,35.02152377425133,7.464154757271261,39.20419935590041,89.62895643594355,85.95272615604225,4.529363261301588,14,5.668235226057119
24.794065846430296,1698.9222793174333,60.1589249818101,6.282184488296441,110.44253423171502,85.33627239244215,17.816344286422925,1.122668878161372,3,9.244206653950936
31.314964903403624,2304.806552221349,73.29633179069036,5.65996496559351,39.81041942410874,15.321131837707773,37.812161048557556,4.325378095987863,2,3.8035787396923846
25.87411944097582,1266.4307318945034,47.59651707763777,5.679651505144168,22.580716819123108,81.40790732717294,54.920110294228834,4.767636789596661,3,4.834776434193251
32.581770531571635,932.665555261654,56.41838697645593,6.681507442706129,22.027997376741997,19.986809638107488,21.511307386665354,2.125623625581221,14,2.463219596185351
32.19063513861656,1385.1546918656309,31.30999116773367,6.698727103476531,82.23153564542642,86.47849396198838,75.00206689276595,2.8339083023975116,5,8.27087631046098
29.407937549855443,596.7254220975617,68.29801003290112,6.33751798096531,86.16750607175304,36.13692593247635,48.46139019472947,4.005928651158481,9,8.701548762474498
31.102427986233117,2140.9751689605496,78.03968668120818,6.363687384624059,51.10417050569839,43.65261228084532,38.176779172792244,3.0293516190454195,2,6.6052785988624505
27.143501131837482,2152.6816219003736,36.115935974875846,5.607865165681742,52.00109892470634,21.87286538817959,15.287201978715043,4.970675847678122,16,3.5000533374890166
28.711678989328146,1676.0009268592569,49.68955709603278,6.533093020778525,53.94939150599428,23.42045687466822,76.18557649874606,2.5507101432057278,12,7.263605559719953
32.216368977104715,1206.205777876779,25.166966630382426,6.509478950760704,88.01585467588787,69.50554239219898,85.87379125419325,3.7127422004331994,11,8.414611765495943
28.59265197173214,2099.5667288915665,53.548199387778105,5.7990986371138895,25.81337910268286,85.82491768112187,48.57844553292737,4.066660130884449,15,6.343420146056115
27.577982653254416,1609.3740495767343,50.16700651080083,5.707678772221855,112.91163526913256,60.806137121573215,62.95852804783607,2.7234518709129776,14,10.10946776907561
28.942124472503,2151.8646171000323,28.666189049304656,5.747144981198981,42.25210441774465,68.68875116451082,34.353363204015864,4.356427125701191,1,4.9765358987872705
32.28249252437219,1762.9175851660411,46.5239727870845,5.702056492982517,119.96732052420923,72.14773084478651,67.88679993381132,2.957695660432384,11,9.313336352502684
27.352080473708728,2068.810946425595,40.04627912519379,6.719416391073519,37.1522693787187,34.71107059147063,16.031683956792044,2.3524285856073415,6,4.4358790972825854
25.73761593135744,1697.12598643552,51.30985251831136,5.892965304805838,97.15464573123775,18.39222231901612,56.53473125339447,0.9852065323337615,3,7.318633170311925
31.120140203307805,1328.2821364313324,55.13926012572795,6.002860304374927,42.341254492962506,15.140455793937644,69.75746595645884,2.2703610935769087,13,4.759967196795927
32.25978212708082,2415.891719852275,20.509734716432572,5.8471442883028795,28.0846801643254,41.298696221551396,93.04630072452738,3.8027140462997786,7,3.51310016233257
25.006374785235334,1582.2276497576895,65.66035897697333,7.415670608897006,107.49333243506489,33.10981711494121,47.41354445539416,4.645788852560483,6,7.767272998789328
26.398741127559447,1710.1790370810768,62.78085751170445,7.209234926303671,105.87512591908919,19.67382937868892,80.04116725338753,1.6325573173713963,11,9.201835405946339
25.419719897609937,940.9752788294985,41.977183172391335,5.9609896747030415,60.357039244960134,28.464621937025008,65.80339754519756,2.0985598279872617,16,5.736369727898003
27.479414115821665,1751.3015788545529,23.176156134129094,6.1551325878442515,90.23961425404268,24.337417370096084,93.79602959863185,1.1928244734699178,7,8.362008574631323
28.503509789054128,1643.2152989658878,65.29595238710303,5.9197856846099945,75.70659326839171,83.61587854630278,48.8621024310516,3.60825302403036,13,9.125731271102655
31.488263369633064,869.67679589405,77.31050962868795,6.483751918921648,105.29561136737487,25.52004100943767,42.123103889203975,4.820847935044664,13,9.181580253640918
30.51147584881674,619.1741947062874,34.409095761320856,5.539221064948507,51.50559693186544,55.32363479907594,90.40706988900222,3.38428498931679,5,5.813759019858502
30.20928567478431,1708.7186394295422,39.41147682422228,6.842736017793591,72.36723999989852,59.48294663341234,19.185774119704575,3.2768443850280184,1,5.992061902642013
27.523749466096543,2027.384538700641,31.028773368908897,6.546316299635283,68.53723712045505,55.76170932814753,26.592758399362527,2.9907046872519527,14,6.8127894948668315
32.4144755308476,1546.8027418440165,54.61616740069038,7.297277856602206,55.39058262568587,22.429232566199097,22.004376939643777,0.8980508330849144,3,3.698042014132973
28.712871673981645,953.5452506392915,29.290483678847295,5.8287853686568285,109.14550645563722,38.90987713129134,86.66434630899423,3.7827672189322263,3,9.04599322656317
33.79104938015155,1833.04395338607,41.37163660768277,7.108218492122264,36.587792466253546,18.845274934736494,15.901630986477148,3.2092229459720785,7,1.5
30.341421382957368,660.2114532192045,61.820780836055775,7.083922028933431,34.95086395206961,44.6752435572237,88.2408582172491,3.476645459853292,15,6.36659018560235
25.262647415645027,1383.6674096039092,53.606958980560904,5.754362378433774,77.69095353227513,29.1449198453694,53.35776260655768,4.5446499186233975,14,6.268215985787959
30.761775620754342,826.7335167968404,43.187753859676114,6.297118448288256,85.7494229984942,57.12243999632848,15.342148702587513,4.0278235417745805,13,6.6626649795396915
27.25104015431699,868.9181021197667,45.21497610845252,5.840305282289034,39.46192543245652,66.96062953868254,49.139840063023556,4.014118634695367,3,5.997065351653376
30.863271966860975,904.5878983164073,53.72665295739377,6.009441000915098,59.07174422546241,54.908989515352985,30.878071488828024,4.672326959957064,11,5.956457110552308
24.696411481624057,1273.4141140879558,20.35188367322968,6.026492349661089,114.65638429787437,47.56775224585468,68.07404143513386,4.954707281583498,5,8.031594886715624
25.748814371759593,602.3004112407953,24.71059210721659,6.612472788051545,44.6617422690674,44.05000656425193,72.74549714333996,3.1157722938247683,4,5.4895176807613115
32.55737258905786,1295.5868818581964,72.8754840657807,6.322821863520931,86.83607021173941,78.12688260727528,56.43984348442498,0.9899672721402459,4,9.153456529887398
26.27179557023515,1523.4148942294019,24.672739345477446,7.395465608012611,94.01493936975908,31.452604879895254,18.44415966237195,2.5660845849894636,13,5.067350184634967
32.3704112524294,1466.5885699326504,62.40821577263031,5.75274028389401,64.81286994651595,70.06637546466516,70.77094837121217,4.0442051590774,7,7.1009786884118045
26.792760884544105,1265.5682008060812,75.20228984654315,7.447384269700398,113.7525986759583,71.81117435550892,86.5732966064693,0.6247639614283214,1,11.74285135652038
30.428819100587077,2178.2932161415047,36.24101625810387,5.9612772804285274,93.66567352187904,46.44000054530508,76.22756357274412,0.7559934726026708,7,8.01100711096441
30.94150573509831,790.6533848410082,42.22948622357086,7.045747872763706,65.79245798608979,37.29754494192295,85.54642311120207,0.802210020722696,15,6.655674056325632
29.12654753145053,1511.3934875627479,54.13528435068298,6.177939852345643,76.9335201776094,50.29061145344814,32.04330950182543,3.7896609124773986,16,7.815042500327162
27.053106766967314,624.0828339131086,72.90253817831508,5.786162790834628,89.26134434251007,21.99104444195239,90.55547487080102,2.755249828534274,8,9.437482115430324
26.12644376371096,642.3113577558195,76.51433523562521,7.21577837049248,79.21901804292182,18.44475241718175,42.38644330507684,2.160040745842671,3,7.109482325300502
24.33189354562426,1647.7316993541926,64.37379488667608,6.117721798472926,107.86975838260759,23.370239958891887,16.13940921141924,0.9752767036778119,15,7.406789047961117
27.039464012407237,1632.036849775642,25.197185651281643,6.817710808453684,55.68886622804012,29.035877359666962,86.688289937971,3.795081125926501,3,6.476746836883881
30.53162790531283,2256.067025688914,60.149249332091046,6.632887370173253,49.98857400558049,52.81326152535323,95.05480786200177,1.9445891474790487,4,7.831479466501676
33.38304818448483,1615.7473513201464,44.618223312359724,6.443512618781749,41.38388894952643,78.68524771208416,70.72244678047466,1.6939583152910023,15,6.22310373280822
32.71204482263052,2419.5820408097006,48.242059969463696,6.491638945297078,23.778296806459515,32.67317489997652,34.672113589391095,3.4354364069909793,13,3.0027951141081655
31.660647765353026,597.3896967998595,22.94890342071062,6.964475828184575,24.301396438005533,85.13715080600835,36.39827946401508,3.015549016685788,6,3.6859168236986983
31.884473432532985,696.0153695614822,31.46372836078149,5.675545828246881,107.00551931092828,86.61809317012526,54.66039424202766,2.1308478881598574,14,7.7996475555800036
30.649849034759953,588.1317231407628,67.43081645201886,6.83636132391581,87.83931464059073,86.9178453633904,91.31564176612066,3.3866936186251464,7,10.80169309265794
26.60286857566003,870.55370066708,47.237529982871585,7.291624202797157,86.05324154364861,77.8172051007243,27.71580077254246,1.7204968417285318,1,7.5572968993220915
33.0719503070583,1582.5402218833563,38.09973449786893,5.615576394039728,81.4642818934886,42.28687805982905,85.20776191459639,4.076736177219471,15,5.95110927597346
30.70732311905834,1791.144362854856,43.041144437897486,5.781306678467334,104.92191446941048,20.45129332519673,39.76073873993778,1.5319352763844427,13,6.560805433439444
29.6044063098044,591.1703158973376,71.26397079954081,6.933263873404063,68.02669256656274,57.66140488248712,83.72982440147332,1.2147696292190704,4,9.356856262854812
25.109894692134812,2391.9417796911985,64.93994104429741,6.374563296489235,107.04108285583003,56.90110829529253,93.22305179613079,4.020977342744937,12,11.002086472069939
28.470555438064252,2184.330753300762,36.33892383086497,6.3070972416273765,55.944502618223915,78.74818253321968,51.33697911951722,3.6855141381406993,7,7.757531752869847
28.60358271201926,1093.2249643141863,27.0501104127424,5.773933269088472,112.67075043390905,89.69932882095789,46.029305598970126,1.321875390658093,16,9.3120203436869
32.6456360952267,654.3750604529359,35.1198932986443,6.513540081435576,89.86569800812401,53.11179799201107,83.18881211256065,1.023105887104721,11,8.080109438786263
29.466482201877884,839.7741464381145,75.24538706328403,5.7530906223927545,45.71771360244273,40.89030232798382,60.00604500224849,4.272795898190115,2,6.664210525347563
27.804005489704096,753.8888275099454,54.89533027098532,6.453240912621081,76.40849216886251,28.942628366720026,73.17816911937174,3.994693169885096,1,8.781846046185766
