soil_moisture,air_temp,rain_forecast,growth_phase,evapotranspiration,water_needed_liters,irrigation_urgency
68.92988274617304,33.69096481685346,11.616003008835769,Generatif,7.793666313716177,543.95,0.5
80.4088131978029,24.605088940336582,22.2010340128112,Panen,5.583159860680263,151.43,0.34
81.24332681044774,34.621558895151935,31.03261184896935,Vegetatif,6.190804198469758,337.23,0.02
46.36628593499637,31.035506642947713,45.75731286790507,Panen,7.163037552886418,217.41,0.23
78.74741434816234,34.18647865506898,0.7918005523062488,Vegetatif,7.039954668951609,592.16,0.43
18.116590440617053,24.1247124305305,10.628657908661376,Vegetatif,6.312329852157406,733.79,0.77
18.145553398942482,34.431316847539414,11.72252538806452,Vegetatif,5.00153725624385,835.93,0.86
53.8613557493984,25.4416502300792,16.33063401308971,Generatif,3.639241329384373,499.82,0.53
62.147569476501516,32.65461607670879,14.089331021033946,Panen,7.263294523612435,394.76,0.54
22.239502078272217,28.998256714654126,29.506939278111933,Panen,6.65993265342383,454.03,0.39
47.77440358447944,32.17286869317509,44.28101321273727,Generatif,7.027441711750875,381.96,0.23
17.549013425273845,31.53827685212837,31.848892053619473,Vegetatif,2.844735908883225,634.21,0.44
58.16795884426483,25.960758564806902,12.076327947717957,Semai,3.888877269135648,376.15,0.51
78.40752294022784,30.175365173370622,43.18764250350423,Semai,4.549310227397907,62.27,0.0
69.0111180815619,27.32676567833449,31.602289457375665,Generatif,7.030111833803364,323.51,0.04
40.2633241943417,30.725242114176147,10.948106249395078,Semai,7.357320036287933,522.68,0.67
89.50350373096973,32.85603939663413,18.08332685832516,Vegetatif,3.709356285531718,384.27,0.35
63.03479811729094,24.975100974982055,39.49824033698913,Vegetatif,6.1185750035945885,280.79,0.07
75.21987475539832,30.189149082372303,36.94655907435571,Panen,2.46688523691538,117.2,0.03
63.575790983338614,31.4115578491471,28.82911847528213,Vegetatif,4.457439631812567,427.75,0.12
89.15330328697013,27.544409443166565,7.2383751370280915,Vegetatif,4.92001464651131,403.04,0.31
75.70878137742183,35.436041793552086,40.16446486572521,Vegetatif,6.593796889394695,305.95,0.07
51.553857431635244,30.243633906081953,15.377126427637405,Semai,7.3518334210227225,418.34,0.59
39.350365027007186,26.190205078151195,38.57989694995812,Semai,4.023699414946737,241.35,0.24
64.5723863319074,25.29345914159141,32.378318288112936,Generatif,5.166433339651408,300.45,0.06
57.217744704560715,30.499914589984385,13.20851408217591,Generatif,5.884689334205145,552.27,0.55
60.34804728220362,28.502860573523147,10.618461406632834,Semai,3.972123373680888,398.8,0.52
37.44094130270056,26.310565173220617,6.5454961628859385,Panen,7.913229279044266,517.52,0.66
44.29827364564436,24.368381841429294,12.097311829405788,Panen,7.2546462774201474,415.0,0.59
54.64772599125198,30.79920096045456,7.891451122456999,Semai,3.7784169731996995,485.14,0.57
77.14267215374744,31.183202842003944,30.85256238938757,Generatif,5.04767738599429,316.98,0.02
71.03271342103226,25.70163121417762,29.939155948862677,Panen,3.3850436794834664,169.13,0.02
19.492469640223227,31.220856597243653,29.30860300663986,Vegetatif,5.087023513420009,621.39,0.42
29.644340001551342,35.42367305649118,32.09449046124192,Panen,6.09999406893971,438.03,0.39
12.132617994642194,35.73954731987688,40.739226698228315,Panen,2.5131265567579266,464.78,0.51
10.636845437247313,34.66191523868406,45.67763557749017,Panen,7.220703228843631,434.21,0.51
27.95003754241934,33.684942970028885,11.518776895088106,Generatif,5.5624752106795015,741.23,0.79
73.94567584074636,26.512414040559975,29.388724508446284,Generatif,7.93761739146201,313.16,0.0
82.37981265395096,25.877222189951162,3.916811062363573,Semai,2.1535490434970193,305.93,0.34
41.341469271887846,29.33937122742425,6.007121917779756,Panen,6.988990106589393,530.82,0.66
55.05588772853429,31.435581015822628,32.716965648069525,Generatif,6.7517782895272855,431.35,0.18
66.48420815643047,34.208144208100535,24.32902808452254,Generatif,2.797115072240194,486.76,0.52
86.23493594013812,26.78355649364162,37.91660434172169,Semai,4.01183381050044,24.22,0.0
83.03457898379453,29.75577480624399,21.283874049528567,Vegetatif,7.308777218265036,369.31,0.37
14.575384270510394,31.76928290348215,6.379920341646905,Vegetatif,5.110725770433525,840.65,0.86
29.853267456742465,29.34712625441303,43.602682691541276,Panen,4.407688924803434,290.64,0.34
13.931563516414167,29.45032412495141,4.144423557266114,Vegetatif,7.432978593505051,852.4,0.85
59.32339367912411,26.70140593233935,9.448232126769101,Semai,2.5600671468623686,386.38,0.51
66.83946531781112,35.83993085893291,13.84884329809255,Generatif,4.838736697413538,551.87,0.53
34.66267298852092,29.702319400889323,49.76403035327134,Vegetatif,5.914244587852114,380.2,0.3
78.30815265065716,30.392903344865903,20.842991008799196,Panen,5.651248634090075,261.59,0.41
46.225020032919815,26.622711495441948,25.085426523905745,Panen,3.5856587264533486,341.92,0.2
89.870521207761,30.169640619981823,38.48483754869342,Generatif,5.379877427206019,180.39,0.0
10.031975407145994,27.06419470241168,31.820779266940686,Panen,6.2513705857158905,459.76,0.46
18.759176673484532,26.428035016601598,42.07103459706667,Semai,5.50931244396019,343.71,0.39
34.14345943482723,27.308667011315215,24.321672929394687,Vegetatif,6.106773355863934,573.61,0.69
12.040607836297053,24.033115782063373,48.6088843746611,Panen,3.5364724363327427,293.54,0.42
72.58715661906007,30.841813344020206,39.8406180793154,Vegetatif,6.997093701630696,270.97,0.05
14.221743029702978,28.64976006627412,20.06826941566326,Generatif,4.698137221909819,721.3,0.84
69.91837066350618,34.784268230327164,19.0635911472624,Vegetatif,7.923343064627413,495.0,0.5
14.205476703163953,24.488486083350253,46.47455960221089,Semai,2.1397119240016256,296.0,0.4
30.21818117224365,24.518403610269,34.22078179073586,Generatif,4.28189222748586,462.58,0.29
77.30214525268237,34.630482207751,31.07168172628193,Panen,3.082850313830665,199.27,0.05
86.08762353901794,25.519735706452096,37.891531871690546,Generatif,5.333657161964321,199.96,0.0
43.16210741284098,24.02592124948802,28.041691405585574,Vegetatif,3.4592305662416765,464.32,0.2
87.59511714500411,26.146966364556164,7.958338654286335,Vegetatif,6.4248676794048905,403.26,0.3
60.1504739006834,33.88651410117125,15.960773103921555,Vegetatif,7.291195174025113,577.74,0.56
43.26680979463451,33.632568993121225,27.897243185448488,Vegetatif,3.2653061214926655,552.15,0.28
74.22410751743335,28.081586530121413,0.9083910463583478,Generatif,2.9640657098107903,557.17,0.41
33.62628161121609,32.016371007118224,21.867535248161392,Generatif,7.252143114370871,619.91,0.73
31.26370090881747,30.086996488029932,37.79014396379684,Vegetatif,4.167631490531034,487.09,0.33
62.52381415288595,34.85681987815087,8.211700225813617,Panen,4.607501809754179,469.83,0.55
41.238988957447596,24.67708170500907,3.2279475078452857,Generatif,3.325817014661214,645.1,0.62
20.873442155598365,33.75814954483958,41.801457036384924,Semai,4.551889208306883,393.93,0.44
15.357138823192704,26.047184033129522,30.863693423168097,Generatif,3.3878004384679814,586.82,0.41
73.02740609987819,28.699450769181112,8.828948624473199,Semai,5.995564643805086,364.32,0.43
64.07285854418757,26.30348581721719,40.31524902915968,Panen,4.993258474880523,113.98,0.07
42.94385796852826,32.43137291512967,32.90647357436062,Semai,6.728362675777453,354.46,0.27
81.69821081368453,32.139914157039094,16.70596348242191,Semai,3.876368696403767,258.66,0.4
42.86854019540797,30.57477122038832,18.80981359808696,Panen,5.033570092754227,452.6,0.65
66.82363771723068,32.37795644164386,7.794408159352417,Vegetatif,3.5571399378628064,568.3,0.5
82.72922201658344,31.674777367256084,41.762779710437016,Generatif,7.606843581479789,220.3,0.0
77.25723669667548,33.317304668211214,25.4503325821871,Panen,5.131614006746618,247.35,0.04
50.888382107166315,26.872879815486584,27.850953832183027,Semai,3.0407749779076587,293.58,0.17
64.45091139573861,29.146951379288645,44.17459575988739,Vegetatif,3.6365939552601745,264.75,0.09
43.09326213818952,25.819518352250746,0.7915308226546958,Generatif,2.4974117847443607,673.98,0.61
61.77577378352912,29.15512277064233,3.3461531261646025,Panen,2.1668959735864,447.01,0.51
30.60419506763167,32.420301017044096,8.07894909299075,Generatif,5.155530956424026,766.51,0.76
44.779369101564264,32.29669392941222,1.5018906544072785,Vegetatif,4.022737535153632,731.08,0.66
26.763659008147123,32.513122839539314,32.907807831219976,Generatif,7.782640731561838,577.02,0.38
13.054796214363842,27.70521034373228,31.69397340941604,Vegetatif,3.027988378168905,593.31,0.44
57.08318804602978,31.946567685491086,10.54009514644928,Panen,6.7634759164216725,458.31,0.57
79.15434762806382,28.409595835067257,7.470322244334737,Vegetatif,3.8958286531574164,465.37,0.38
12.04626196985532,35.333904553260595,7.284235069330336,Panen,3.341224316352231,743.99,0.91
25.682379258343673,28.120396390564064,47.66207066593211,Vegetatif,7.817820914007845,410.87,0.35
46.814804741633594,31.236218808532655,34.67522643123708,Generatif,6.815459592474594,461.03,0.23
63.27174534738027,33.00174857030611,29.271441423253965,Vegetatif,5.7837253486719895,429.59,0.13
23.698335493590914,34.876889148316096,16.124343590254714,Vegetatif,6.182726223342512,745.69,0.82
14.535586317649942,29.25514324144693,21.652159895439482,Generatif,7.948288849103539,712.66,0.84
51.52389741815114,28.325821298499214,4.470294059960383,Semai,5.55924445294932,489.19,0.58
75.4967770445847,29.16033810379907,49.90759440275007,Vegetatif,2.6114027048417605,161.24,0.01
12.818792745021703,27.884356218597368,37.75427317858174,Panen,2.3891967602082884,421.81,0.44
37.94955602872207,31.84709388080777,31.072657841411395,Vegetatif,5.99964066484324,515.34,0.3
63.08117942346682,35.19260116810301,29.388359761394113,Semai,5.945606863550889,276.14,0.15
20.459360488197362,25.512852077872402,25.215718601658626,Panen,6.489042757868532,462.69,0.37
28.875742151420543,30.731064777241883,12.871371383734791,Generatif,2.6526723813956825,701.6,0.75
52.839411502901285,34.77178470432397,11.319520172986685,Generatif,7.66941364853103,651.61,0.62
86.25853570913745,25.201374535872212,27.47662285946122,Generatif,5.3069504834638686,251.37,0.0
32.98740945950048,29.926384929195372,3.510040727897584,Panen,5.897333126127292,594.61,0.72
49.00219369765683,34.38275515032535,3.7235399434267844,Vegetatif,2.2091143002687814,725.1,0.64
41.994469045153465,34.805426540544985,28.040680158017505,Panen,7.765845287093443,409.65,0.3
81.7917337624064,30.172225933834998,45.99060241051196,Panen,5.375551092463692,14.07,0.0
15.75118912248925,24.29942261361261,45.71359255649273,Semai,5.380178677967772,288.02,0.39
55.291807307261145,25.26767014113386,0.5414150330396161,Panen,7.661331897382279,454.56,0.52
77.68957593519552,31.040600942894805,5.369710782372489,Generatif,7.5761010691020045,533.03,0.41
89.04940616500734,25.48630327759614,29.15388468793475,Panen,3.32179155090345,67.03,0.0
65.89803980174459,25.79301332293525,42.423786090308205,Semai,7.586592931435575,88.7,0.05
40.39483805332196,33.26540517338537,47.72245433284144,Panen,6.419727736280368,247.08,0.29
42.94594820271551,33.008304702906,43.02911130228896,Panen,2.1134043639885047,261.7,0.27
38.13457757942111,34.11327311310566,33.88065676482279,Generatif,3.43905889243003,514.19,0.32
58.28904798455628,25.26882163807327,10.026253879461787,Panen,4.477880872828678,406.37,0.5
69.15246165746008,26.377738573161814,3.6310736989481174,Vegetatif,5.496934733034529,538.48,0.44
75.55740508711447,33.995537158303804,2.3757891342822357,Generatif,6.207978382932134,611.4,0.45
43.327448774653746,32.653051304373506,30.60383923127057,Semai,3.261262363741396,376.71,0.27
67.33668018072314,33.67147353393648,1.8094302007678864,Semai,7.020203085642134,482.34,0.51
83.29780736238212,35.87694809889506,36.96199782327753,Semai,7.074291943334928,148.39,0.02
83.66598355605643,34.37317927386842,35.62353686754845,Panen,5.809992915563464,141.93,0.0
66.32232021717141,30.245559010197123,3.9805412388339456,Vegetatif,7.52656346309419,607.44,0.49
60.95217542500289,27.729218217567087,45.33111825183973,Generatif,6.877894561383128,268.18,0.1
52.52208604200054,30.836119038896413,26.096464431265115,Vegetatif,3.3297419557612455,478.91,0.19
24.655813454570286,31.66303860281343,45.22192836688658,Vegetatif,6.792061197862163,485.09,0.39
19.890372208433476,28.02374569511545,45.0805028094161,Semai,7.71921247251863,328.18,0.39
48.856880543150425,33.25124444981614,9.851703194355915,Semai,2.8256386821105854,497.66,0.64
22.755532496596746,25.11304551189464,19.02888139681424,Vegetatif,7.872187308746174,640.06,0.75
56.15999405354688,33.352714208180515,6.731316675190813,Vegetatif,2.1499567806205415,662.33,0.58
61.65621842409745,24.38398222418338,38.748900506816035,Generatif,5.133003468642634,266.99,0.07
52.04924780160326,29.975592728657883,25.206245776893127,Semai,6.643358833870906,330.67,0.19
12.914137001009092,34.3372375617992,46.440378769749096,Semai,6.7426286152775265,418.88,0.5
14.618236704186574,25.03794328825677,10.410760743813869,Panen,6.408035414877608,590.46,0.81
19.067294774518835,30.212867237930034,34.4183830759613,Semai,5.176108236518972,421.63,0.42
22.291664399067123,25.912697267535798,49.46184138863544,Generatif,5.905785932422373,410.8,0.36
89.19060910154666,34.737789000731226,33.26906309104957,Panen,6.199593113918683,141.04,0.0
37.5596013490498,33.98814632440356,3.4386966415356324,Generatif,4.967235345283374,775.52,0.72
33.3578698913029,35.20700691952185,29.421217484759527,Semai,5.574109850807826,461.16,0.36
14.181330853138325,34.49978809836112,8.992137484061836,Semai,7.078208320745439,714.11,0.89
60.82563125484772,32.83863971839189,1.5251388709657698,Vegetatif,3.8772741268749633,661.23,0.55
62.17526281050246,26.218670347062034,16.748034865260706,Vegetatif,5.139237961811794,487.07,0.48
24.035895166293173,27.630031388026808,13.305204152703286,Generatif,2.050878326153047,715.51,0.76
83.53932327396905,29.962261899696088,39.43854494078771,Panen,6.124618398660759,46.57,0.0
74.03948372761019,31.066761378176686,18.684027053905023,Semai,3.1723127876890507,280.7,0.44
28.425545344600643,33.38620074375852,36.64793901925982,Vegetatif,4.886007522282613,526.0,0.38
48.86797847332299,26.723515538244733,0.8119495974665714,Vegetatif,3.2612312976827558,663.15,0.58
46.671268495907995,25.53932872976356,0.7406066716695525,Semai,2.1412022874709535,504.0,0.59
37.88163554738566,29.791322047123632,1.465672877377855,Semai,4.8993233101881,588.64,0.68
75.41077702604906,25.894096930475047,10.967922089129022,Panen,4.549001639664242,305.05,0.39
18.741158849692077,32.32484162795487,18.699389251428084,Vegetatif,4.550897081146284,712.4,0.84
43.225139186223416,30.90757068110061,30.392290155842726,Panen,3.252836959573222,351.11,0.25
44.24249044393736,32.89329356422662,49.29569429134864,Panen,7.683227538489075,214.59,0.26
47.498048369134374,24.7612387158613,17.72047835071663,Semai,2.0210429108641668,367.53,0.57
78.90799928789029,35.57637072533045,2.7829453378583113,Panen,7.349272699984032,440.27,0.44
27.4533496161201,24.000066440108856,9.745008083292433,Semai,6.421411538836892,502.45,0.71
18.23385388098182,27.905308980162417,44.8925916907431,Generatif,3.032432201199629,470.65,0.4
59.42467702568864,32.15561752039488,34.96895950738544,Panen,4.833151917821327,260.11,0.15
23.906757998243773,24.54170488634543,39.51004120192799,Vegetatif,7.933100489049636,447.83,0.34
15.99456686836958,25.000194976291283,6.2084102836396315,Vegetatif,5.8621894219058435,787.03,0.8
44.131937645684275,24.920177246738643,6.749349435375396,Generatif,2.7642603429120047,610.48,0.6
27.571714468651276,30.97811672065175,5.6123003772448,Generatif,4.745853433138591,761.75,0.77
38.89732950943869,34.75110378046246,42.85845821547625,Panen,4.809218579436874,300.64,0.32
30.776886408196596,30.665243732547143,10.498380434680222,Vegetatif,6.81357999729865,730.07,0.74
17.41091701787326,31.242856227356057,32.157587268986084,Vegetatif,7.496977596956932,612.65,0.44
54.82777623393613,28.152019814495873,25.808318309162953,Semai,2.493449259732407,304.37,0.15
12.161473443158854,24.224893903866388,27.219495593692685,Semai,3.8842237217169937,464.42,0.42
87.31002783955196,24.259376613014595,9.771767919563413,Vegetatif,3.79062876131069,377.32,0.29
37.306441738797304,34.65971959777094,31.762304672699475,Semai,7.97628874951411,418.71,0.33
65.6126008391843,25.23086926463576,2.155026722916559,Semai,5.355362700148398,414.72,0.45
74.82902980379599,35.997472461751144,49.673613812881435,Semai,7.278988976719907,77.01,0.08
32.328383643164415,25.973071338135338,1.3379453246364525,Generatif,4.556197096668943,734.63,0.69
69.89909672880546,32.095613327462274,2.5078270357931087,Vegetatif,6.336338902453619,618.83,0.48
76.59366843397676,35.38746566617087,16.232370994584066,Vegetatif,3.7195138538248766,494.24,0.46
29.305378704929083,28.347471331704313,41.581267788476914,Vegetatif,7.470716140935401,439.22,0.33
89.39957415168581,32.813198264975874,12.859460588837146,Semai,4.7308774459192025,263.89,0.35
11.655094627367149,28.21027972130802,23.59675068956641,Panen,6.822352983896524,543.95,0.85
27.36003841884329,27.659292681137345,0.8988665588096467,Panen,3.534901300055389,639.63,0.74
72.40166050215943,26.42164899090527,3.943965824182211,Semai,6.161626051531275,361.44,0.41
25.53048200446023,33.85121888278637,30.398302427035357,Generatif,4.430950426400215,625.15,0.4
65.86078906449652,27.088644763309773,9.71792347247143,Generatif,2.188636537847282,529.83,0.46
78.44243239863229,27.39789795487029,34.71272815097627,Vegetatif,4.478049522554381,268.64,0.0
86.73714181074081,35.98763690638533,39.269558750858856,Panen,5.300129850532523,128.08,0.0
47.939801232021566,27.92772522534384,42.51670997361416,Generatif,2.9105696834790513,355.0,0.2
87.68872983856939,29.07329386598459,6.689966899966132,Panen,3.1034786311556903,296.99,0.33
42.92978373453429,35.88066549329802,22.775427451596247,Panen,4.789176789938941,457.93,0.7
27.45024317395086,28.431604145009118,47.354072495192284,Generatif,4.05637827460044,418.06,0.34
51.11374824677802,28.393824086830403,38.60417712221539,Semai,4.644443228020176,210.78,0.18
61.98585954491941,33.93257359456632,5.848019092307416,Vegetatif,4.764961935936337,629.02,0.55
46.637065283995504,27.743164421852306,25.125012250919713,Vegetatif,2.8404562622165335,506.0,0.2
55.35779551734333,26.805433243708887,46.11902909194194,Generatif,3.0871674516206884,256.22,0.14
43.31273501817509,29.07852306210387,22.001940276159292,Semai,7.088992360876966,382.8,0.64
51.980956321699985,32.40768960691431,41.87088044204844,Generatif,2.976312135862904,387.51,0.21
86.20765375572492,24.518916299751183,24.792186059427863,Generatif,5.995485998049565,262.31,0.3
49.98649220290656,28.4869923266228,5.3405838622876844,Panen,4.511168280606753,472.96,0.59
30.254370624740822,28.154938823350086,7.392746302975367,Panen,7.809420115817845,570.52,0.72
70.69972972100565,26.93782016714439,2.3337876404089855,Vegetatif,2.3966261713294252,545.17,0.43
37.006756622523945,31.85144803085214,9.765737028778226,Panen,6.982333196184571,551.04,0.71
75.29657366571126,27.479880964964128,44.68070499352171,Panen,4.948695386615729,47.73,0.0
14.547359118710812,31.280778708096037,32.50990229716283,Semai,2.032114225185132,466.66,0.46
36.57423816869531,30.052042097455523,36.942846744145555,Generatif,3.581961313637322,472.24,0.29
17.548792660851156,26.606278449910782,31.08307291966639,Generatif,4.446181115295617,577.54,0.4
16.825425939666516,27.19879268450618,19.326964606917386,Semai,3.8851685206935507,533.62,0.81
62.67116473379498,26.047200639678767,10.84305663980008,Panen,4.1746967840836,343.05,0.48
40.82678410828859,24.679550578211494,46.280729200491535,Panen,7.5000314548230795,167.19,0.22
79.71831535880901,31.430261557258937,25.741489077901075,Generatif,4.165604194353966,359.98,0.0
51.312411029882334,32.073464326972015,24.054994060396968,Vegetatif,4.5129762764163965,527.14,0.61
33.62745769378262,25.99199992330404,49.80520442967729,Generatif,6.5667893214686766,361.81,0.28
67.67111103697559,31.384708616232878,19.19649941942383,Vegetatif,6.763001394490251,479.98,0.49
59.921343326855975,35.78501688069093,42.706265744611954,Panen,2.5045379107201677,221.2,0.18
73.96756966633627,24.892825139253866,43.11720301584281,Vegetatif,6.224420207402026,196.87,0.0
61.487062107350795,29.884450469986362,11.633510517889778,Vegetatif,4.895431722060654,545.3,0.52
23.36107336791362,32.79645856372625,4.741984617508105,Vegetatif,2.8031233594259324,838.76,0.81
63.62480301336528,24.552110373956722,48.78100578579321,Vegetatif,3.588263383681306,198.34,0.06
41.323935809264825,33.339281927971385,21.294843206778346,Vegetatif,2.2702129838391123,601.96,0.69
47.05144242060545,35.754134845114635,0.1110161005097754,Generatif,4.161423132871011,790.64,0.67
83.72516605898758,25.06185436239304,24.95089169144793,Semai,3.532438642004145,136.85,0.32
38.797123703819764,33.8667588655911,30.965018187372518,Panen,4.292620384280106,418.89,0.31
58.9567314392671,28.54297853414513,38.80441237240171,Generatif,5.482043285184541,333.24,0.13
39.078538672979164,25.729394429208142,47.14710591118193,Semai,6.394037312219719,179.11,0.24
17.57819882862334,29.918318510356173,45.75853144727315,Generatif,5.632111919357178,487.55,0.43
46.282027363864046,24.85822482937459,47.00679100274343,Semai,6.0702638135596745,137.56,0.18
57.76492035677215,30.26521689800621,1.6062574129736384,Generatif,7.19383472371276,645.26,0.55
42.6002633630079,24.232281456048597,35.588706691523385,Panen,7.242946660769065,257.33,0.2
41.25329477425475,32.74333730007276,11.29289814028433,Panen,7.164316090155044,530.53,0.68
75.63028111155175,29.855636229739062,9.3776343602827,Vegetatif,2.9190134928771596,479.24,0.42
12.374813783157617,29.507275931222168,40.015928429962514,Semai,3.5064148015618724,415.2,0.46
33.646831739209595,26.354297924905005,20.856484458643994,Generatif,5.013951829565433,579.71,0.68
74.94058123017693,28.33515786953719,45.83000378911679,Vegetatif,4.152435764096162,187.32,0.01
83.64241188889311,26.182433189059996,2.1217545397853312,Generatif,2.7900138096797793,479.31,0.33
42.98396686726626,32.82468120642887,40.10904147435816,Panen,3.7265014076339087,292.01,0.27
81.1035394556861,26.388303593196326,6.841720564129783,Panen,7.852572569993835,309.97,0.35
25.914409770002614,31.40103992462058,8.828860078249223,Semai,4.081560532979217,619.56,0.78
27.71416542881381,27.355290012813025,23.86758577622495,Generatif,4.513484409775769,597.69,0.73
77.69531012678428,31.883786351079927,19.779497043639978,Generatif,2.038408531143782,409.14,0.42
82.26061930724946,30.485459507056106,24.308615306433552,Vegetatif,6.316489278741193,370.27,0.38
27.824461437013397,29.08126357983264,47.001326101552756,Panen,4.481300393272279,260.12,0.35
14.745935197488889,32.076010000925656,32.869446778178656,Vegetatif,2.6188403773709665,632.79,0.46
17.22593096442302,28.98866485929875,14.51546909210003,Vegetatif,7.811340429828031,726.69,0.82
30.91046683010906,33.85644723090039,8.64543561589225,Semai,6.664599275510521,618.81,0.77
70.91592617174359,32.75518149882319,21.00231375654668,Vegetatif,6.356900536596362,456.34,0.48
50.79934622370263,30.487667934156974,22.582051363386878,Semai,7.7472340090500165,368.54,0.6
46.44710737942157,34.52472819103197,30.06472049497581,Panen,4.444880507102827,387.67,0.26
56.73119449328007,33.946341857616666,13.300135176988398,Vegetatif,6.3112012417546905,610.49,0.59
81.2178490769749,30.38207273544599,38.37546235484084,Vegetatif,3.2372473843127065,237.46,0.0
17.234430365252607,24.82137232440957,4.923012273969079,Vegetatif,6.18272328471272,780.7,0.79
65.5779302109265,30.79195622639093,28.022668180032724,Vegetatif,2.084474553125617,421.5,0.1
84.14326765243241,28.263083874723428,31.176582662205565,Panen,2.757832282643685,123.52,0.0
27.068003340672,30.48135531364481,10.341579053257266,Semai,4.551553511617091,585.38,0.76
77.02178527694676,31.76556552597112,41.300567524981055,Panen,2.0725561688360488,86.24,0.03
65.84197686076018,31.738062898207676,30.771606260383876,Semai,4.771795132702516,245.24,0.1
11.157482885851575,32.08228852221602,32.28611073239864,Semai,5.136750494390023,513.43,0.49
28.528934428970256,32.151223500540176,24.887175288171925,Vegetatif,5.729639585522492,622.07,0.77
58.467580871670464,25.31137702456205,45.47971085881692,Vegetatif,2.602320061961698,247.16,0.1
50.192027159296934,26.300547965487524,34.69637907438122,Vegetatif,3.086071478763274,383.65,0.17
52.23490020214928,31.56649205450821,19.091778244788127,Semai,5.67970022430317,415.63,0.6
28.554433968545816,28.89806866477244,11.93029438920431,Generatif,5.9491262747758356,719.3,0.74
64.00027765669013,33.15421974366916,3.553083741174362,Generatif,2.1554013692616576,644.87,0.53
31.31346967494215,25.498911387153985,8.268041859017977,Generatif,5.242204172690229,681.42,0.69
41.15479731827631,26.298275933046472,49.634147604182985,Panen,6.709890391992996,171.61,0.23
39.513273270406096,30.701575709237677,20.33834479958201,Semai,2.4146052667123645,453.23,0.68
63.76200176959188,30.008976231214785,44.93436136387034,Generatif,4.479037191479119,271.06,0.1
17.22022093465739,27.19676584772028,8.528467844263222,Semai,3.959067638180611,638.56,0.81
26.44335208321482,28.9001189220619,21.268043567042483,Semai,7.4819937521121,479.26,0.76
26.03976565480543,24.419775336679837,48.02592335167243,Panen,3.114814359238732,235.83,0.32
18.67397392925681,24.44445729593249,4.5566125709649965,Vegetatif,3.910162478866881,773.02,0.77
26.607598306916724,25.13912403389846,29.69921419062514,Vegetatif,7.390668469947818,527.88,0.32
58.564821433868346,30.921509438406726,45.958595034815104,Panen,3.9839198363598367,154.31,0.15
68.57345366993505,34.36459697535784,47.48416864771253,Panen,5.188084643513566,130.36,0.11
62.82427575752982,27.1226794711149,42.30037385558879,Semai,2.198212023385276,121.15,0.09
48.01505103847059,24.407277956681042,42.796721618007474,Generatif,7.909414617050217,316.35,0.17
14.194765687685091,32.50352522462775,32.609147705873276,Semai,6.949680247227137,494.24,0.47
86.72056085494201,34.2642268680608,11.021155404749628,Semai,5.806405668480058,328.85,0.38
23.446116866999354,25.65807342315722,36.533927224245986,Generatif,2.364531638539882,494.79,0.35
63.47370963245367,28.6289723512848,48.91922322293616,Vegetatif,2.4492197682366843,224.45,0.09
83.03124923856888,25.904842087082457,26.29667573364054,Semai,5.269841784744139,133.72,0.0
65.82216767847909,25.27628916731238,13.034867953845058,Vegetatif,3.7103866172206055,481.21,0.45
27.44397121511602,31.778022461692494,28.67355338824989,Vegetatif,5.73673668501904,583.7,0.37
35.26370390112184,35.610437714137575,34.53051781203082,Vegetatif,5.589154891086634,544.45,0.35
12.416469360887614,32.13798750744915,10.414015471220656,Semai,7.031908389675786,698.74,0.88
59.02065926736908,35.81777595369142,35.959467380471125,Generatif,3.688262364275854,428.15,0.19
59.039438470525326,29.212743312843497,29.371642944219595,Generatif,5.467181146945955,407.89,0.13
68.04004651011034,34.77443746592832,30.61749545740261,Vegetatif,6.664179913032566,420.55,0.11
10.879703142049708,26.461010695995654,15.299396486991707,Vegetatif,4.9446379179339575,729.97,0.84
75.42730310595732,25.41485240412952,7.763340505560057,Generatif,6.983861989633667,443.88,0.38
69.09687659202464,32.430240610949234,31.17249476528285,Panen,2.7876572094426377,232.99,0.09
21.270928761927106,28.45689997035163,29.31164945762859,Panen,6.40338659088286,436.41,0.39
37.810128741518284,27.81225123296522,16.900609385690245,Vegetatif,7.6578925491258705,604.88,0.67
61.08199143233734,32.0553669359719,14.79468337729436,Generatif,3.9912999259613966,550.08,0.54
49.663749995226226,28.001808501233857,17.362223083114202,Panen,4.19801865447179,394.22,0.59
19.207541112100994,30.870698066982257,24.49416692494101,Generatif,2.5012980631451285,649.63,0.82
16.98763001092719,27.593461275135652,48.74098675555806,Semai,5.84895667744827,301.33,0.41
72.51650392864732,33.40509105853502,38.17823110131032,Vegetatif,5.314704353809221,320.49,0.07
22.477369441424784,27.748660085943783,42.58698695827442,Panen,2.2420745523942065,310.4,0.37
23.767413914435487,30.419929733954643,25.282478445176555,Vegetatif,6.513272161827871,617.91,0.39
76.47385002854061,24.27811300436414,26.306180588938847,Semai,6.97570697447015,139.27,0.0
58.971170765057366,33.50076940030071,10.216233071851383,Generatif,7.442717624844525,615.89,0.57
58.37724865231779,31.44405329786371,36.05229181505392,Vegetatif,5.274404517023853,364.15,0.15
48.3476617090672,26.30684480391475,21.07920028953181,Panen,4.715480209410544,360.99,0.58
55.51960115218328,26.584480513092302,37.12234294088556,Semai,7.256822927192465,195.19,0.13
58.14157522974489,27.149915022057865,20.452769065631273,Panen,4.392180914408835,314.59,0.52
87.42609878748642,30.918361255146742,5.425859360695407,Generatif,5.93265875140737,463.84,0.35
27.83786459740634,30.579795997116275,8.652684389294174,Panen,5.692173538405558,589.42,0.76
27.16499357603673,27.28636463570267,40.578503903734166,Panen,4.232966598911071,320.23,0.34
14.577479016425254,32.328747503724045,12.93082447794663,Panen,2.5213396253962888,659.52,0.87
62.655903904745784,34.66849399120477,13.217721128353466,Semai,2.1284932320241143,417.35,0.55
53.92337446578095,24.522185731842463,46.46840450011657,Panen,4.569426443212324,115.28,0.13
18.899136307731183,29.006359653872178,32.88178114334247,Panen,4.8872094489401405,439.37,0.41
39.16311480945498,31.12224142253772,5.715377694217816,Semai,6.936069609139352,569.62,0.69
24.293056426496307,31.03722244244399,7.179263506596712,Semai,4.486469899468827,624.09,0.79
36.518539232068925,24.23442416387413,13.61837163601397,Semai,3.6869592484008153,444.99,0.65
86.10113355156881,26.52679279018326,29.69978439133164,Generatif,4.77257880845092,265.39,0.0
64.66550711044232,24.74196865574546,37.64127349528364,Semai,3.427942882544127,124.75,0.05
10.605528063611356,30.82758087059921,13.72482217265985,Generatif,2.548163666689739,808.75,0.88
30.200645902729892,31.744678652033606,43.53210187074822,Semai,2.6782582021166434,320.6,0.35
10.828923766222323,25.91690596108173,5.459008944207428,Semai,3.9149267593815655,656.83,0.84
67.18947990149445,27.99613343210487,10.379958402158978,Vegetatif,2.076058505350944,516.82,0.46
47.55374416443827,27.95764492051225,48.52324605714388,Vegetatif,3.321219720087429,325.2,0.2
89.52149534515114,33.8376279790774,6.737243182682883,Vegetatif,6.725138845594123,480.43,0.36
68.68666088181266,26.3359128543496,44.405565386190545,Vegetatif,3.4077031545818652,223.82,0.04
51.43303541663055,30.5797694559079,35.19675377020477,Semai,2.6643770662370954,268.96,0.19
74.37643425665081,33.395226150010615,3.6543545320853354,Semai,7.694483359967235,418.34,0.46
66.38429209872609,33.954938314764576,24.185341444997192,Generatif,5.734820698109717,449.43,0.52
29.502094210878973,31.998793131416797,25.948967657240317,Semai,2.360155696613995,460.37,0.36
52.420661986201324,27.594333027142596,46.60698157079188,Generatif,2.373463798969417,294.46,0.16
54.47989798672567,33.876558897946275,21.055229653858436,Panen,5.672732754195018,406.71,0.6
46.098535888624276,32.90599232520152,22.338180773213796,Panen,5.24077281238947,404.15,0.65
24.335409828428958,32.453629605951235,5.624187739318915,Semai,2.410248634357909,664.39,0.8
27.86952413263096,24.808024786620088,31.958628171883124,Panen,3.3458928498400122,351.88,0.31
32.48379207647693,24.519178567818596,10.54484879445483,Semai,7.574257486913529,498.45,0.68
10.8204119502531,32.344383572418955,3.876662911185341,Generatif,5.432064862886104,894.21,0.89
83.35551137356074,35.33753761480717,49.8459500035397,Vegetatif,4.641952388886981,205.29,0.01
64.88767932667831,33.28468713675623,13.48148139814026,Panen,3.500932471522196,403.59,0.52
65.16938526275766,33.97770679792426,7.052658256440197,Semai,2.802188253811226,443.94,0.53
55.786449104729705,30.539787370197484,34.974518729858815,Vegetatif,4.415790104664087,394.8,0.16
65.14486465288473,27.65503372905689,41.08410779609509,Generatif,7.534199355987803,280.67,0.07
88.5490039898909,32.13284276120261,3.2038746563173346,Semai,2.29226837406525,361.8,0.35
40.81282701075946,32.54365050591231,5.269665373489351,Panen,7.9458728956572,585.87,0.69
67.0020469501251,32.104295660328084,4.508691179102292,Generatif,3.2468763212120466,594.86,0.5
38.76232035020226,35.360508680631845,2.34796516612556,Semai,4.4526041623940555,627.33,0.72
78.34310389974607,28.406148399174675,32.97282393171419,Panen,2.2703078489943054,134.46,0.0
78.6422885512028,24.4758904674694,29.415659486968202,Generatif,5.508693218648188,254.08,0.0
82.1813140338788,34.901332233088915,33.14033282799665,Generatif,4.901331592405949,329.91,0.02
10.437065939350267,25.925989426248975,25.283358163709053,Vegetatif,6.000242208408679,661.74,0.44
33.855315599687586,32.36782007264919,40.87538427027908,Vegetatif,5.256068763748836,472.72,0.33
20.713948096127687,34.47845327727221,27.333415124928774,Vegetatif,4.389066707882414,671.42,0.44
46.318895831212544,27.721696776175623,45.937346739981244,Semai,6.4265401868700245,180.11,0.21
49.63597141434383,33.964982890259115,24.282426625199665,Generatif,2.1501267667217467,541.06,0.64
30.47232342637244,27.98469751525733,39.532933060579936,Vegetatif,5.24617412524757,447.41,0.32
67.87571936360564,33.531095138835,20.368017684181705,Panen,2.683257222974056,332.6,0.5
31.581577375117547,24.83795835568471,21.76119473882214,Semai,4.616049998515,417.03,0.69
78.31131002266869,31.862915984051135,42.44960226189584,Vegetatif,6.746751901148099,251.09,0.02
24.212749451342948,32.125656966945556,5.3829917678831665,Semai,2.854764477562401,649.31,0.8
39.37882358122269,29.897109960971477,28.245887749160403,Generatif,7.614862092634912,536.79,0.27
59.7790206739444,32.24509036635253,36.31682338893928,Panen,7.331028154348427,221.55,0.15
58.42680563706026,35.07820404664609,37.52103077085268,Generatif,4.489430425200191,395.03,0.18
16.24232896041148,32.806257899618736,29.57467635849877,Panen,2.0358490443556194,507.24,0.46
77.70068897527585,35.535552347815916,22.40322420797569,Generatif,6.738468960046916,428.22,0.45
57.845194674382014,29.383347766224862,13.039122193337887,Semai,7.285374820473697,386.71,0.54
79.58876389657347,30.339488780447486,45.47131176770611,Generatif,3.0484285541325953,211.12,0.0
79.41084625822948,27.16486436685248,18.489397376066268,Panen,7.497153252899342,222.16,0.37
53.67349523000249,35.82722001361042,39.94960442666729,Semai,7.484583663768176,293.42,0.22
82.86251658491503,24.66164082193527,1.583280648131813,Semai,4.827745106205143,309.69,0.33
77.87262390507648,28.303445011401724,11.608460734330455,Panen,6.788208864787052,283.72,0.39
86.64983556494168,27.572365977223356,17.27923964420613,Panen,4.669687869631931,217.15,0.32
78.0398718847525,28.638140557536666,33.57870316551021,Semai,5.384277595511707,120.29,0.0
75.69630808009195,35.012614326238385,15.96654035809455,Panen,3.91903405885858,345.3,0.46
47.54883845415292,28.41645448882218,2.0681900409653564,Generatif,2.9568160719249468,666.32,0.6
26.962484830234217,35.00371983240001,8.693375802700803,Generatif,6.479219502884192,795.3,0.8
82.85669864603888,29.08006633995843,12.958267618466301,Generatif,2.0083570671148143,409.13,0.36
67.80393491568606,34.2572252306425,8.802373996790951,Semai,5.477316137892689,432.39,0.51
32.53982913588162,30.261001182008023,10.18622800705667,Generatif,7.188116158270782,703.68,0.72
37.2796578204514,27.73623412113978,38.44784703366772,Semai,3.327663720658703,285.68,0.27
64.88628094857765,29.392197587614646,20.601682197523008,Panen,3.997396740788014,310.93,0.49
48.22538466829367,29.09257294773844,20.25896223339626,Generatif,5.524915117186777,540.14,0.6
16.518604947709463,27.11896874502661,48.330316832974304,Semai,3.4812214791868406,306.46,0.41
21.31583565965256,27.47566475990288,22.335091897210013,Vegetatif,7.0849211439846975,638.41,0.78
69.6518946809849,26.237447055732652,46.38290662661974,Generatif,4.19961900267533,188.7,0.03
36.285562278546465,28.0320066864913,14.953154910834016,Generatif,5.489682318919317,633.97,0.68
50.61195427216313,31.49286963899005,20.031312995208655,Semai,3.3567268855952523,400.5,0.61
71.32971826028206,28.638698024515577,19.814167803373106,Semai,2.2483180219459142,270.49,0.44
70.0940474964842,32.54787853111551,27.30394161573222,Panen,3.0422015960819637,260.55,0.08
23.36120215098191,35.84373803625544,29.21236454269761,Semai,2.2771936256528194,497.6,0.44
17.871509151922822,28.52521295381382,12.406251452113443,Panen,4.811623397679315,610.94,0.81
57.2921834372072,29.551670569075405,39.679212520855934,Vegetatif,5.5198243455082965,339.13,0.15
69.33062991449916,25.96932188337717,24.826297733839624,Panen,2.2680512461127167,215.67,0.43
21.92319375963283,28.706583429351795,0.35217767594037386,Generatif,2.542893329227597,824.19,0.79
39.75642298618198,32.72198940948815,29.56703166583401,Semai,4.913150160862106,398.43,0.29
79.62223967741126,26.608857596909555,39.90297207645682,Vegetatif,6.795079593205857,202.15,0.0
85.53785132482568,26.18464858386275,12.52333689077289,Vegetatif,5.768055073494316,383.47,0.32
46.325580875974744,28.5164984837903,1.8935504680963,Semai,2.6282613206232166,552.88,0.61
16.36127472246664,33.82379382861278,40.35893278253614,Generatif,7.325253643048969,551.53,0.47
30.61571649619019,31.483886276537802,48.81383579858136,Semai,7.50470140873848,283.68,0.35
28.637593625242637,35.49095253103928,3.8281807332451177,Semai,3.9497409670967656,690.3,0.8
29.11709764328456,34.854485219131504,46.90184036628606,Semai,5.696106751288173,309.39,0.39
49.510536430340004,25.81364636187891,17.9637205988031,Panen,4.953962901108271,376.17,0.57
56.65805213532569,24.510633295286574,47.07198042940438,Vegetatif,7.652142611778933,245.82,0.11
19.80076709439483,28.789136810337048,32.44196620012234,Vegetatif,5.052491197692415,584.97,0.4
81.14848052226675,30.264953745823675,44.51221562242066,Generatif,7.759794882272385,175.22,0.0
59.597905862489185,30.186847382624574,39.29165125257067,Vegetatif,3.196055303181237,346.37,0.13
57.78013842144043,25.609287213252664,1.3998871410313418,Semai,4.073220546174079,466.07,0.51
88.98231987074273,25.497809185855324,3.2721251162526945,Vegetatif,6.688071440576824,428.17,0.29
60.251518199450025,24.562329069350444,26.287230255927202,Generatif,6.701664413560207,388.48,0.08
84.3167319440948,34.210319112664806,6.480950992245632,Panen,6.39309964374023,365.14,0.39
32.90055778878334,35.372929656818144,23.051711957857574,Panen,7.157668787991825,513.67,0.76
29.210359227719806,25.38822024261566,47.731514928223376,Semai,6.215277037662873,222.84,0.31
51.321494945956246,26.557468422589338,14.737864377724213,Semai,5.816510866833403,385.26,0.56
50.68871581093329,25.078354616818924,24.445635690787043,Vegetatif,4.753550078465072,451.38,0.55
28.11869195871175,34.53002605369002,19.21298150340347,Vegetatif,4.802526459975962,687.59,0.79
65.97245255199581,35.504504802434894,31.491348212412422,Generatif,4.4369689592254495,421.87,0.13
12.370705538935463,27.14155892065068,9.692246532577942,Semai,5.721270798222922,635.65,0.84
65.2504378039562,27.6430059592245,12.996964506714164,Generatif,4.439983575397961,504.9,0.47
46.57423088986401,28.352036212955277,42.938392568200506,Panen,2.884965884519582,209.63,0.21
65.12060086760633,30.029565112568775,40.56681119301692,Vegetatif,2.6391776972518803,285.83,0.09
48.166450451321516,32.189531743739124,39.45948444353202,Semai,7.546833651462667,278.91,0.23
88.1867026307756,30.05268699905549,38.5459804658948,Vegetatif,2.1484334452272984,215.59,0.0
36.774796088249424,35.412018980114894,22.97187467307895,Semai,2.632803570833915,487.6,0.74
88.60583496019106,25.198721502257985,36.44453862661041,Panen,4.67182924787352,9.88,0.0
15.19791539831803,33.583266147300755,19.36024089360589,Generatif,3.577557601426279,749.64,0.87
64.70086198060453,28.013797089761653,5.035479009474009,Semai,4.435093402412876,414.31,0.48
46.33753654279297,28.53057225703857,19.668732082444617,Vegetatif,2.7046842895633,549.05,0.61
75.77101004237602,32.50595332452271,7.933152211396544,Semai,2.785441621084244,379.69,0.44
73.16928557735984,35.15252531849255,19.54258403162548,Generatif,6.803947452350692,470.75,0.48
74.01681463007499,32.59440934264292,14.871260768144328,Panen,6.554652464601823,347.12,0.45
17.579087944201575,33.31032690455276,29.958033353396246,Vegetatif,2.625517194347686,658.12,0.45
75.78925598890358,33.009350905905585,18.07702077492117,Panen,6.00674248939412,296.01,0.44
27.123212595500874,27.851743271804697,35.27948316895892,Panen,5.6558679401329,363.58,0.34
12.054421108722781,33.083165198186975,25.60733405238247,Generatif,6.280176336081379,717.32,0.49
27.41909757475291,33.41424912263762,45.974613925769994,Semai,4.846693427374845,322.07,0.39
48.34280837598662,30.400803847806152,4.551271767519349,Semai,3.619920965200645,537.83,0.61
69.36890879291457,30.441074864001795,34.38545943206661,Semai,5.982075016139167,183.83,0.07
27.490598466628295,33.116649636749806,33.61984387850198,Semai,4.228144559136932,422.59,0.38
19.04060384722171,33.80437034669289,47.53132737063503,Vegetatif,3.313717406072963,511.76,0.45
61.67738040191538,28.046345304368046,18.577593352182625,Panen,4.4517740823156995,327.89,0.5
88.7118429088014,33.618746610903486,15.271898485608116,Semai,6.579619013605724,269.73,0.36
58.06962416684945,33.77050808010493,8.619672210682827,Panen,4.854759179217211,477.59,0.57
65.28458912987375,26.80950769102295,13.264425767764681,Vegetatif,3.7991855806005326,496.22,0.47
54.893395499713606,32.60340894380059,25.09453863775693,Vegetatif,6.991211688942969,486.63,0.19
72.58787553828031,26.2384070620339,41.88564809799885,Vegetatif,7.289862531085609,201.84,0.01
88.06435361675558,25.11658935585755,14.214330174032064,Panen,4.599502542636048,204.9,0.29
53.53033835233479,30.894516144602733,7.887105832869529,Semai,4.248128124361368,502.36,0.58
43.34324093941807,34.90382638540079,13.606423553708435,Panen,5.67619368211379,532.24,0.69
78.82744489281012,24.42550828230916,5.046348751424229,Semai,2.347846676347478,328.39,0.35
87.5782675007992,33.91801965113906,46.33477081539981,Generatif,6.147938963405583,176.27,0.0
20.33453126956544,30.077654528442082,43.63120760111236,Semai,6.693725632263481,343.68,0.41
56.25367723791023,34.33074538465476,15.424585849257616,Semai,4.38465156354303,443.21,0.59
73.3967994036798,34.121723222052566,12.349390796593351,Semai,3.0476951000443786,384.97,0.47
52.667152412511264,34.50344165779546,45.269865703245785,Vegetatif,2.172910250845181,356.42,0.22
42.735757455435895,33.22648745768008,0.08859756604779889,Generatif,5.823473596922599,765.75,0.68
62.418385690833645,34.11590825456394,30.028876399567334,Semai,3.6139604398094587,288.57,0.15
31.610247561067865,26.112302486414443,45.80018804728353,Generatif,4.783337522727706,379.88,0.3
37.930699435069556,27.6462377864993,25.427874445317638,Panen,4.318133129945185,377.76,0.26
89.38213271050758,26.909834049687557,0.14834797998169447,Panen,3.049308775684776,329.43,0.3
60.91722674995963,32.909139644736726,10.943571469257785,Vegetatif,5.050212010764224,591.65,0.55
79.83418386488597,25.843717432405633,46.1220796945967,Panen,4.757561136444428,0.0,0.0
74.62148104297148,26.186733484533463,0.8511212089914622,Generatif,5.744885737218993,535.32,0.4
62.181804351521926,34.54757664866331,19.73898830316007,Generatif,3.5113099671787205,517.92,0.55
77.25832659670186,32.47058631495406,39.48723631664891,Generatif,3.287834479120435,276.75,0.03
32.972679634685676,34.50455973502904,41.90454968425017,Generatif,6.8860703585388325,485.42,0.36
60.969315904983866,25.672263099128287,23.880396631433502,Generatif,6.213153469784249,407.72,0.49
57.248279161918475,28.787764854735627,11.624187586642625,Vegetatif,6.63323871014938,548.28,0.54
59.79356806346758,27.39781404091581,29.985235884307947,Semai,2.7397388705301684,229.02,0.11
23.49055417174202,24.116173023355795,13.188901577865074,Panen,3.3442378599621057,519.1,0.74
32.17944319984547,27.414275525264483,12.763212899795818,Generatif,5.4531890972218395,656.56,0.7
32.93266550340313,28.554999023734553,40.379988169850655,Panen,7.143208081237448,289.02,0.31
58.15569300582106,25.106635646912544,7.713291764830654,Vegetatif,7.352687859010821,559.96,0.5
87.80375043518289,30.797850693921838,0.2760739200995399,Vegetatif,6.991459773529564,515.56,0.34
86.32540409457185,28.5980719496716,16.838760850292456,Semai,2.2603876765065642,214.36,0.33
28.175164239175725,24.557539947330547,24.548697749751497,Vegetatif,6.9252751079343575,547.49,0.71
34.3876194453418,32.44774637841572,35.254019594766184,Semai,7.39454706512649,351.79,0.33
12.88495138233337,32.75135800609324,39.05576288021443,Generatif,2.3404945409159126,598.42,0.48
41.90524718875153,34.01365731563322,33.1759605566815,Vegetatif,4.497685362661929,501.42,0.29
76.77392973442909,29.82648719840379,31.325444015846333,Panen,5.2196619397802095,170.91,0.01
83.2601391188912,35.623905568014116,33.28743611597175,Vegetatif,3.396502237300998,323.93,0.01
28.91971836543549,34.968769734389475,13.576325879054952,Vegetatif,5.100113936222663,762.06,0.79
31.26355787910714,30.616219501201577,19.11806614822839,Generatif,7.315734727766388,649.13,0.74
27.667985320700296,29.33942317283301,30.821825049978223,Semai,7.201655038074588,401.21,0.35
38.0082854059663,24.036413134835072,3.278533017698643,Semai,7.639023687544885,505.29,0.63
74.38075188724358,32.53193438087081,14.766267503392783,Vegetatif,4.904658790367252,493.35,0.45
61.74859759075681,30.779454048596293,20.320947237882653,Panen,4.4634016717635205,323.49,0.52
72.875273429096,35.250529745832964,26.6720341426968,Vegetatif,5.99472691419412,420.67,0.08
56.64248850682449,31.13078550289493,24.324105368048055,Panen,4.500563465606205,350.24,0.56
30.618646244731742,35.91427312671276,35.90659390769969,Generatif,2.2516675760051466,574.91,0.38
28.239534417003533,34.24583126235949,23.671333770823054,Generatif,6.31952871302273,665.79,0.79
10.720056469099983,35.44317522977944,45.20649919124944,Semai,3.685903647696943,448.62,0.52
72.4785709499258,27.931953255420467,19.015917107620865,Panen,2.2945118736031427,273.87,0.43
77.76969809317742,25.7920319372072,26.26858530880782,Vegetatif,2.123726459161425,324.73,0.0
71.4626079702733,33.562465365541506,0.16051948010133987,Vegetatif,7.588167611463909,621.01,0.48
15.952164618279259,33.43436523562959,15.523897822309468,Vegetatif,3.5124560518650134,776.62,0.87
70.97773017358928,26.53738727286676,43.32864886569961,Vegetatif,4.687395155138381,204.63,0.02
13.661396252021545,33.17693584961896,16.67881972981458,Generatif,7.703458717393133,779.7,0.88
18.447445256511294,30.983680296496875,12.659316666623099,Panen,4.805101872684351,615.0,0.83
45.23802983461338,25.314301738820078,27.176848122111082,Generatif,2.4716559411578682,441.99,0.19
48.091760713987206,30.021403170842504,3.936504922103623,Panen,5.311616283479955,521.72,0.61
75.28949092949571,35.17365601006414,26.58025658251996,Semai,2.529191920724391,277.04,0.07
64.36215136327284,30.077490545342748,15.183289912109416,Panen,2.570527270241218,359.94,0.5
22.265614290497304,33.464387874641666,19.155144493719376,Vegetatif,7.108862442814758,727.23,0.82
28.091742658304106,24.346919839703478,39.568250216857244,Generatif,3.736529260187537,435.26,0.31
32.85401506069494,32.73697695435112,33.098200930705914,Vegetatif,6.072021200674618,529.44,0.34
19.893810996388666,35.36204863364973,22.305304656192142,Panen,5.053546011971971,574.42,0.86
33.011590908738455,29.99433341871523,28.87581565424697,Panen,3.333960147226485,414.3,0.32
68.28785244317865,28.052518956307036,38.34293776601146,Semai,5.1069217919192464,120.49,0.06
29.31211760858264,31.759806058642766,37.28918725980942,Panen,2.4139612153985164,380.19,0.36
76.82877176483092,34.995134581118634,9.266085527558921,Panen,4.083274097538256,374.66,0.45
47.56135961001662,26.121235806400115,15.045961099960238,Vegetatif,5.1370173501229495,553.24,0.58
35.8348608995511,28.844330520272518,17.411846548301263,Panen,3.370366028513912,475.42,0.69
42.99344836390985,25.875483371782096,9.377114500250222,Panen,5.961128781088163,465.65,0.61
66.75973924747932,29.959850786638714,0.6080727003152098,Generatif,2.310871530177841,635.66,0.48
51.343416259679216,30.485064156366708,8.698363439440609,Generatif,4.908859387223761,623.61,0.59
10.582293118004644,35.33044337665992,40.41221635407436,Semai,6.2899746877363,471.31,0.52
83.785907726806,28.950181845211528,27.296022569623556,Semai,4.579676353740637,154.25,0.0
15.279680240148137,30.80347936247638,17.08290134935904,Vegetatif,7.2475184919136275,737.42,0.85
85.08970790515086,34.62315088864983,30.41722228147324,Vegetatif,5.793156687443993,313.03,0.0
12.252225889604373,27.856860002113905,36.99170626733959,Generatif,7.750957496352426,560.4,0.45
71.67834679659587,32.08996642761108,17.721389151043134,Generatif,3.7047308766498723,478.32,0.47
52.77397665466306,33.08594218586516,23.303742076748723,Generatif,7.632735985128483,527.51,0.61
50.45809444832848,27.966338816244114,3.21066083350578,Semai,5.64093553931418,518.71,0.58
15.822280203520362,25.972094226367734,29.85452681062396,Semai,6.471073395280392,437.36,0.41
29.099600827033303,30.03491450282728,17.820354777609232,Panen,7.4129667022606816,519.39,0.75
72.20378536521537,28.28162076159962,21.676182380039382,Semai,5.307183127950926,253.5,0.43
81.30078639379953,27.197549181506567,21.130030897346234,Panen,7.173084751697992,191.87,0.36
52.32949448423837,35.681055728329255,31.62046443712714,Vegetatif,5.250181637528332,483.41,0.23
38.26747170900763,30.0258362244184,28.623267447724043,Semai,5.595193565703426,362.62,0.28
14.795456645136866,34.27773232612108,21.105302388828402,Vegetatif,4.670591437384314,755.49,0.88
64.57428208530723,26.34380892652031,0.8477510745364347,Panen,2.8738313110406173,445.77,0.47
32.27572885490261,35.273313178789564,31.048130731568964,Vegetatif,5.3210194000932,577.07,0.37
14.401097199371744,33.53317721482826,43.97887370171635,Vegetatif,7.864689381597087,557.79,0.48
63.26813832788977,33.70430587426971,38.477578579694885,Semai,6.723115974393706,206.21,0.14
48.85758348270067,28.677178502351143,49.08078161250411,Panen,6.4849909085206185,155.35,0.2
10.956971976137915,29.827643916932235,6.953766901035668,Panen,5.859852816377777,684.57,0.87
18.873923128507766,31.120251910784162,11.126002639392684,Generatif,4.087452040923467,791.05,0.83
65.93615433967554,33.477186434460776,26.963373261098955,Semai,3.0176911668702706,285.54,0.12
15.093706645263083,34.188681024725255,11.794085117190322,Semai,3.347309609856139,659.7,0.88
79.27704518743921,24.936543712223212,1.727489064084492,Panen,2.0379325372559007,334.47,0.35
34.90610219359461,34.84874865039809,20.114413808197305,Semai,6.040882525390128,509.46,0.75
17.09331763491397,35.24995983005113,14.382236707699125,Vegetatif,6.871265351338602,807.24,0.87
70.78059025344524,31.114648852281427,13.18804228294414,Generatif,3.6134681071883588,498.0,0.46
51.9541787562419,26.24100735905887,47.65864085121243,Panen,2.5511023978656313,125.77,0.15
34.53120259034381,33.820977992441875,11.922705813272477,Semai,4.014362406931507,562.27,0.74
42.48786733354144,30.583051374595186,6.471628559369891,Semai,3.7523073765018675,538.67,0.66
11.71299164838607,33.80635744459656,6.2659628953925575,Vegetatif,4.705258164666391,871.52,0.9
63.015883003154315,33.7776975190718,40.31620367442646,Semai,3.5846123259260656,191.7,0.14
39.26189511707556,25.04075178822951,35.74240372633702,Semai,4.038396232070174,280.91,0.23
67.12300557825037,31.28425714044797,6.47430977835311,Vegetatif,7.445328676095456,568.28,0.49
60.25369167620377,29.797731591224654,10.987655943039314,Semai,4.009012117337637,405.33,0.53
62.10033487277904,35.35343363999421,37.367150422176515,Generatif,6.713108280379382,404.54,0.16
73.43141688035459,27.559695503104756,13.730819891730706,Vegetatif,5.755002201346756,456.09,0.42
60.49264627010008,26.4720012742911,49.077103757867604,Panen,4.025227673788243,86.05,0.1
43.4980743393514,34.765042272229856,27.02850333104544,Generatif,6.906729618682103,568.76,0.29
41.19420493877085,25.784586826801256,9.600398520504411,Semai,5.5704564175775895,469.07,0.63
19.566568541188467,32.23823350469354,42.94042272563666,Vegetatif,2.051712365593402,551.6,0.43
72.35547305249935,27.60023776610173,15.973777294861758,Vegetatif,2.4123692094343987,442.26,0.42
70.88867534036974,30.81414906596973,14.440367753218892,Semai,6.515837356713913,336.63,0.46
29.703869366841875,31.394633194095135,16.372061672574922,Panen,4.679166737511166,535.03,0.75
79.01455301585158,29.0084313834956,38.409862411151884,Generatif,4.433046750461243,239.53,0.0
57.12026062325026,35.69957976284515,8.660647485797407,Semai,2.8749631051748477,499.74,0.6
48.29494739156538,25.58199801701975,19.0892890130469,Panen,2.9439115637676214,347.87,0.58
11.39970413003967,28.696789068441085,1.5416386392205217,Vegetatif,6.786514700575403,883.9,0.86
40.6192948691453,29.164743922491787,41.33133086748039,Vegetatif,6.974102803768732,407.68,0.26
61.253661458853045,31.572563387954176,17.035938315350265,Vegetatif,5.360015243832375,525.0,0.53
17.17982701507068,28.88711709833423,12.408645990418721,Semai,3.7707668588341248,624.48,0.82
46.76538471100386,25.164432136465958,28.99466211877496,Panen,7.596204900006981,279.03,0.18
89.47487610892769,35.36915997816992,35.24959418756877,Semai,5.74377434597136,130.88,0.0
67.32309097672541,28.992948979664227,40.64480185914716,Semai,6.779852716710729,120.23,0.07
53.74967100012835,28.11208472660487,17.389247274953394,Generatif,2.0196975217292925,526.47,0.56
52.64263079512613,29.360665490088056,40.61504250745348,Generatif,4.701917605252163,357.49,0.18
13.501206580655554,26.59914818554707,23.24405001857291,Generatif,7.2256945179197345,670.44,0.83
86.58515499263488,25.202660216023812,5.057113377261246,Panen,4.029399699396327,290.73,0.3
84.25421282280344,25.78294174930635,42.315374135788964,Vegetatif,6.359307061233686,142.24,0.0
64.59237685403572,25.999857924042715,27.381739105230718,Generatif,5.946048950771873,382.15,0.06
17.920931974523995,26.37208125859074,30.123478597369274,Vegetatif,2.9133101981257967,598.0,0.39
26.626711739955056,29.03952254671431,46.87456348473677,Panen,6.649422963526431,279.77,0.36
24.712762870046816,31.486791228529842,27.957574246962764,Generatif,2.6751607418767933,617.58,0.39
51.56627880809751,31.54665405632079,0.2791765338994501,Generatif,6.367484579431644,700.46,0.6
26.624309960158847,24.00117083474312,43.53079205015513,Vegetatif,7.945810020674566,405.59,0.31
65.66404492353585,35.0514920027808,14.237554016172998,Semai,7.747888590870577,396.26,0.53
53.61839087755112,33.87416616638786,25.08834603920019,Panen,6.801450458342028,377.72,0.21
11.412654163412439,35.567256473232476,10.244330128071011,Panen,5.207104545378213,696.15,0.92
69.52457896285212,28.319836136762312,14.849178422748672,Generatif,6.0489474549244395,459.81,0.45
25.10629893231588,31.977591320272765,34.33244240335169,Panen,6.368650342064556,419.12,0.39
75.99080957445415,26.016248991073166,21.478667551895697,Vegetatif,2.050409145669432,371.38,0.38
38.40363496983832,33.80439632664403,31.356531529069354,Semai,2.614197325717739,389.72,0.31
37.089574398530914,25.936412675452427,41.17878456564755,Semai,5.582354792473175,248.76,0.26
10.945386862256843,27.911828409692994,17.041101109317257,Panen,2.0392072408574546,587.25,0.86
89.01831863384137,29.8900182713638,28.41700191630205,Semai,7.453433904640984,135.92,0.0
58.9603471337491,31.134380026233003,38.879394668656815,Vegetatif,4.937976279350467,359.26,0.15
43.81841329487926,30.71559629144078,35.75615963846873,Generatif,3.5466024536307303,460.32,0.25
17.72971235690712,25.225152140519967,26.992171799092546,Generatif,4.362927017585596,592.16,0.39
65.93184513208135,29.060112034366213,19.169175536367757,Panen,7.104658463840018,297.45,0.48
32.618437599355104,35.074911170469875,20.375099061650875,Panen,7.563157242584694,528.33,0.76
89.06246547004231,34.46842233302222,21.65676059981328,Panen,2.69740988286392,221.24,0.36
86.04378873194585,31.089402279055676,17.44227644730759,Generatif,6.66776380373346,391.44,0.36
68.82373430422308,30.867894905443215,34.9537817444849,Panen,5.4693627092991814,188.1,0.08
87.68575442263752,25.340102191791964,6.270762613591485,Semai,5.51301654598692,277.23,0.3
18.450708996301024,26.40311342772364,48.372706035863835,Generatif,6.676712731374958,442.66,0.39
32.39322884292362,27.031676911249154,38.949275098577004,Vegetatif,3.337068120715745,439.95,0.3
30.259463103294326,29.858348742285667,14.908152608338693,Panen,5.186269807849749,516.57,0.74
15.7610126767442,32.776272577148625,2.1273784635317816,Generatif,3.916115692704855,899.01,0.86
87.77812783771647,29.5287042672511,35.565158618946306,Panen,2.567074069859089,56.05,0.0
14.797926931751508,25.512732502048774,36.717952248491656,Generatif,2.630476673339623,532.87,0.41
78.53511231954637,29.272186524136565,48.18113052637883,Generatif,2.8188288237509047,171.05,0.0
71.45291396614714,25.95159904498666,12.68527787875825,Generatif,5.689399093429028,467.16,0.42
40.069366997716756,33.01376822031462,4.13625451021119,Vegetatif,2.63498119026386,744.8,0.69
11.504589010383919,25.99801032485495,45.75673788592163,Generatif,5.420623055541041,486.68,0.44
10.487672398549561,29.79040787453348,12.93245173063876,Semai,5.529782347863558,633.26,0.87
26.31950725551386,32.32096323193311,36.07657236619409,Panen,7.423379060731347,404.27,0.39
49.51012640270345,26.7383767673425,3.032981891383896,Panen,5.758259577953085,484.07,0.58
46.63279825481211,24.91236129164792,38.02924024880835,Panen,7.913527045289008,204.22,0.18
56.8234061251942,30.759593712896987,6.35129485685702,Generatif,2.185955479645009,630.31,0.56
71.75674477286097,24.65043196205271,34.779317402080174,Panen,6.224876819870714,105.15,0.0
40.18836918881646,31.053223715618017,26.617152392670242,Semai,2.1588804683182596,405.83,0.28
22.829095640745393,33.041982451034414,47.77440652336302,Semai,6.3762654672482215,332.54,0.42
74.00391334627392,27.95179190006768,1.845882153867151,Semai,4.315101255224213,381.04,0.41
36.61525450649687,29.860192908968305,14.602437290002907,Vegetatif,5.667846592355538,660.39,0.69
32.95055182346806,35.145142058699356,3.47544586671219,Semai,3.857228432530026,645.74,0.76
71.14496307433882,29.653306370106627,43.95988176198595,Semai,2.9546302349158946,83.11,0.05
84.73115504665157,35.95864873672067,29.69505768305539,Panen,6.341075108535694,196.37,0.01
83.19690256086055,25.884028936292076,26.74848061789495,Generatif,7.42772228162052,288.93,0.0
20.995394068574285,32.50720682979947,6.572894605815488,Panen,3.10149466220021,662.25,0.82
50.252652277543966,31.831423178367046,24.451612865652546,Vegetatif,7.524218007221604,512.17,0.61
17.429622698253873,34.46765776231592,19.93518275879077,Vegetatif,2.8410926552272624,749.67,0.87
86.87807671251198,25.109318543886488,15.787593406951162,Vegetatif,6.413971295297188,338.26,0.3
27.218230870147153,27.3624790980218,38.60944777492972,Semai,7.756670949074036,323.98,0.34
25.794365981261976,25.586150709124023,3.0638019916722383,Semai,2.884225290537426,604.54,0.73
81.11085384051836,35.19714146726306,32.334286368110085,Semai,4.6105402805321205,175.71,0.03
87.42804440975719,29.119623895743086,41.14965156011059,Generatif,4.0247448941503965,157.64,0.0
65.81058074362053,34.92079014642083,45.365364143016215,Panen,4.330866501104589,178.62,0.13
19.680402695937993,27.53288393230587,37.29582973777051,Semai,6.518838434790659,379.6,0.39
48.86844884325391,25.51641721633982,14.122783942910777,Vegetatif,5.967133595333356,549.58,0.57
75.3284075249283,27.558447275832197,30.02537302618517,Generatif,7.812121786776915,300.92,0.0
55.798174696659615,31.166092311936588,7.070180545717763,Generatif,3.1128770201385336,635.09,0.57
20.607588378266772,34.14279110141509,5.8530311872388,Vegetatif,5.259565215955281,836.23,0.84
23.751019960258226,28.624688318699963,31.93120710692573,Semai,4.69475687251416,384.18,0.37
79.1313340667844,34.977703911041814,42.55538272921014,Generatif,7.513136653554498,258.01,0.04
52.16233309499867,26.930784716135143,3.3624062849809455,Vegetatif,2.0637153948617595,628.78,0.56
66.466941901337,32.322488247645204,5.300186606664936,Semai,7.935022404602565,446.79,0.5
39.84500209864518,32.82856020578727,28.28036537146785,Generatif,4.878405886235173,550.83,0.29
52.59884663350732,27.287555031967393,10.91059305096701,Generatif,5.753237883401585,566.15,0.56
88.16825123101535,24.32363853960633,30.59090613888239,Panen,4.1603153348342925,50.25,0.0
36.37624295745105,28.382848104609067,10.727191262766993,Panen,7.115160018172993,513.15,0.68
63.983082200661954,24.54235376767363,5.824098715302972,Generatif,5.371927670710296,512.46,0.46
23.80044457561838,34.80904530482613,27.278749108241367,Generatif,5.976865617498589,641.28,0.42
19.739190820826664,35.44230315520869,43.10975690163094,Generatif,5.893428248364058,561.83,0.46
72.69120890072239,32.824558991352006,34.256098607526496,Panen,4.183892839386395,191.89,0.06
77.52865679897324,32.720215023766,40.93625687679823,Semai,2.455945974839695,120.86,0.03
63.46493562795324,26.89071203294077,13.316758719502413,Panen,6.8462373565643,342.49,0.48
22.65566700355801,24.887106918697015,44.298932564851285,Vegetatif,3.738295515105905,419.27,0.35
29.247037251403086,33.625255630331,18.851958728813536,Generatif,7.093581370866227,669.81,0.78
82.89405664760893,30.709943178640412,42.62238339284968,Vegetatif,5.651858052744958,192.75,0.0
33.096323903980505,32.1795303694461,23.558779507436306,Vegetatif,4.122223748584868,622.07,0.74
75.5088412957694,33.355692817034765,13.39288236802481,Vegetatif,5.565482893841736,513.28,0.45
32.874983112832126,28.913211227427226,13.012941551339646,Panen,5.872956154168626,521.19,0.71
85.15700554587477,25.734559079739814,28.383394218232645,Panen,6.240100446552034,92.36,0.0
83.15623302696024,33.540441592354746,3.9505135103422906,Semai,6.934028807042427,379.22,0.4
13.461053890303036,29.44518767074089,46.50280972942543,Vegetatif,2.958529653307908,496.64,0.45
71.6331189493927,33.92309077027119,13.573174784926783,Vegetatif,7.6648663086117,518.42,0.48
23.556940818752565,29.252389761120153,16.781240892292764,Panen,4.465043686565065,551.7,0.78
27.221730072510518,26.604196901487672,11.665077687061636,Vegetatif,7.162701790258264,698.6,0.73
46.78761698651806,26.05206019984539,0.1503980280360695,Panen,3.322877572206711,523.66,0.59
56.105451979956,32.92706107871001,34.62751184043989,Generatif,2.1741738332282887,423.55,0.18
36.06397751763936,30.89866947352796,29.527645051711175,Generatif,5.4400642617371044,534.47,0.31
56.030669244336735,28.855234805576238,40.482227009855784,Vegetatif,3.9479976744346335,317.44,0.15
23.652669707290926,29.905401074295984,2.050538672549024,Semai,7.906772029687696,682.27,0.78
11.787012350482966,30.595663263438478,46.432782236666014,Panen,2.6267207282922973,352.33,0.47
55.69795106894105,26.872997301909553,16.544347003018277,Generatif,2.2838171960211304,489.53,0.53
51.39322079698551,28.537986956372272,45.65349312528969,Generatif,2.2701069113187993,331.15,0.18
65.17231712607399,27.50893758131682,5.3565741033769765,Vegetatif,3.301242171342767,556.54,0.47
61.985764957425964,28.661086160947526,37.19602907348206,Panen,5.47514669819203,167.85,0.1
81.79891041871643,30.006746562214857,28.967911571616327,Vegetatif,5.033380241868151,316.16,0.0
46.75748961292367,26.08029046865239,17.9095607626292,Panen,4.100454829001369,391.47,0.59
10.669557975435362,28.722180751786656,3.9571197966509652,Semai,2.5327586445014556,688.89,0.86
60.452214527748325,28.62593331968308,30.236825492337026,Panen,3.402422568765913,236.78,0.12
64.01059436825747,27.432045802107154,1.3219941536956548,Generatif,3.104882388708301,602.45,0.48
51.71959915167758,35.981955897629426,25.064104957300376,Vegetatif,6.4740010229362905,542.54,0.24
65.14438961929726,24.883530107931495,30.210428789682748,Panen,6.679678298007885,184.25,0.05
35.88670505889222,31.715413671428827,36.6261873643761,Generatif,6.662084078370919,508.96,0.31
21.904664255286335,26.093263278437227,49.5667317112423,Vegetatif,7.814243266484892,380.95,0.36
63.164293116512525,34.074287871422186,13.004685675388245,Vegetatif,7.305427678004191,567.47,0.54
29.614914337242297,34.97035843211161,16.119491068673753,Semai,4.986828483071029,575.29,0.78
46.50527274273639,28.817735791307506,17.0572673404496,Generatif,4.489616125454991,551.27,0.61
49.32981844893189,33.881741393048515,36.57913559294175,Panen,7.49461110625677,294.24,0.24
48.175964037471076,26.998913392200727,46.59096341280569,Generatif,5.66735151228888,316.83,0.19
57.87593149439647,25.68082208795114,48.71618747907794,Vegetatif,3.7663920021535713,220.66,0.11
12.356296714068709,27.790539196831332,47.290568327906456,Semai,5.3867841662910045,322.96,0.45
89.17459959440704,28.100088166692565,43.96915038576217,Panen,7.952896536176757,0.0,0.0
67.3048379150857,28.76829053742695,49.54886869103155,Semai,7.096820360914173,59.21,0.07
44.03102254390102,28.475507303493824,18.797286341724845,Semai,3.68767829635725,413.53,0.63
25.306402423219545,28.933733434206047,47.41606599993532,Generatif,7.717726555503301,432.49,0.36
16.414185795468505,32.52040038966156,38.05099811979558,Vegetatif,7.8887726688746955,599.01,0.46
63.77523365008975,26.946961594388824,8.422992976398913,Vegetatif,3.3870017564924915,536.15,0.48
35.356449196684665,24.22290714918146,2.2732593938601164,Panen,7.373552711008047,553.72,0.65
28.358276659989443,29.87616661657526,10.724197893516113,Semai,7.299216306192992,564.25,0.75
40.396350968986674,29.379494930458367,38.93755621438131,Semai,2.2385214394042436,261.14,0.26
57.43384702461681,24.720779878121164,31.58484406129421,Semai,6.018135158370122,213.58,0.1
63.736417334720095,25.605616818016966,11.21781286733426,Generatif,3.8316842781870157,508.64,0.47
61.613605548362415,30.119050736218725,37.096072723567964,Vegetatif,6.047675758951255,344.11,0.12
79.06124667935788,26.81700912023495,7.06611197191015,Semai,7.481352165141461,325.21,0.37
27.50059448560922,34.53117952969736,41.09206969293472,Semai,4.9926754879371105,375.72,0.4
60.93969305577084,26.079509837513942,39.7080487985366,Vegetatif,4.486476984731917,287.53,0.09
18.08915009488753,24.241471582182196,48.62879853530242,Panen,7.529187627124504,280.46,0.38
53.83477519193423,29.370765232692726,7.513978231465907,Generatif,7.844689506431196,611.51,0.57
56.7166721991737,35.83395732729907,45.330649720730015,Generatif,2.3734179667628164,358.61,0.2
27.298983914733892,31.60647031567772,17.055133186091926,Generatif,7.537088414889244,674.43,0.77
41.33545039929895,28.24835665514309,20.802993239765584,Vegetatif,2.496611201131333,566.28,0.65
76.1754311667042,24.2024161376143,23.422253144338473,Generatif,4.023717280301538,316.67,0.37
21.872724300237074,29.81938127690672,31.34520266012779,Semai,6.575444734581961,439.54,0.4
44.76049580926721,26.477592025661163,49.73816850590214,Generatif,6.662221891638172,289.92,0.21
84.61864569691615,31.773049025359754,29.99794015276166,Vegetatif,6.3549313440749975,300.2,0.0
50.32871421596808,30.996101924775616,46.335793252020366,Generatif,2.2346749283664105,336.45,0.21
68.01069694666296,27.182565304646218,12.75141010423615,Panen,2.7977962881445597,329.35,0.45
76.14928316444407,24.82659281062406,19.920583090757482,Panen,7.617298989318491,219.92,0.37
26.301949987639397,33.060230376484014,25.22497647192904,Vegetatif,2.4887683303753447,662.49,0.39
27.45737884263459,31.025569135115305,16.145099489333536,Vegetatif,2.4712755018387,700.32,0.77
70.68731648787067,34.105514994103544,48.8433551482165,Panen,7.013875626547222,109.59,0.09
70.26453905411208,27.117600187640594,36.284177694861356,Generatif,5.847594519337317,288.12,0.03
14.814665651169525,31.834344777364947,23.944067609128005,Semai,4.109936335071078,557.66,0.86
35.79985925559715,25.42416600634422,37.56523506048969,Vegetatif,2.9942629224297583,439.27,0.26
41.88259935267504,27.501718895002124,23.372124954132563,Panen,7.305022519356889,365.54,0.64
76.3232322776923,31.878469342528433,0.8612663683963018,Generatif,7.931226545771073,573.43,0.43
43.74898043437899,33.90697566173752,27.159670390516805,Vegetatif,2.299830370656975,544.84,0.28
84.0743112322595,27.851106020920163,31.25926093806008,Generatif,5.324680292541211,255.05,0.0
89.7286221712512,33.58624267867802,49.060370935928084,Semai,3.56782150943489,1.6,0.0
72.45809325554796,32.13302952327939,2.0396424130308843,Vegetatif,6.994321001298225,581.57,0.46
63.3109351653806,28.1840972580912,25.604847872756693,Semai,4.0764385506488345,265.48,0.09
41.35177327896982,34.51676325293327,4.907737835418091,Semai,6.287775735118039,593.28,0.7
15.36315568416267,30.110748792425174,7.449795078548021,Semai,5.237140529157663,661.22,0.84
55.85110051169045,31.778961870552987,30.523166948423803,Panen,5.249140289569821,296.35,0.17
38.936392443519274,29.94757610284176,11.578385613324865,Semai,7.147996587082528,528.98,0.68
38.07184606658748,29.432639525889215,37.45870556475123,Semai,4.822426555547385,297.17,0.28
65.01674021675484,34.175732606866276,25.709934629763637,Generatif,7.073597204866884,460.19,0.13
47.09114868773086,27.53645298046351,10.910644258286862,Panen,4.1805609682254525,441.84,0.6
70.167507581716,24.439550668364696,24.689583880053252,Panen,3.04869765478583,188.82,0.41
41.853857814830334,34.557391722539535,0.04408634540603584,Panen,4.732864265939691,625.08,0.7
22.06907083892501,33.90028743661419,43.13700218289205,Panen,4.990134688262133,386.01,0.43
46.90780209521972,28.398725694835353,0.6339188527881401,Semai,4.870299185826749,548.63,0.61
86.08100114602907,26.225413664462536,0.3504946246091267,Generatif,6.849982471275693,485.92,0.32
74.12197032932467,32.10640371658165,30.575197158982352,Semai,5.3880736487605825,198.32,0.05
26.45994040586934,24.94513084362767,48.67604628950414,Semai,7.330664430552817,232.82,0.32
41.304040131595414,29.0850570664657,42.796674217698936,Panen,5.085112969495652,243.09,0.25
84.22336761764302,25.030347858480376,12.600945629472582,Panen,3.3482904972920258,227.8,0.32
19.89592469812532,31.174916103945154,9.833340557384284,Vegetatif,2.7769750415765158,771.19,0.82
30.316019349194878,24.32650060571556,31.30560903167277,Generatif,7.210176925667725,492.77,0.29
30.97781166975171,31.550860507611738,41.13188735110387,Panen,2.3370367934132705,333.41,0.35
55.674630052958676,32.07846687947276,18.10393354500149,Panen,2.7056576715185736,398.6,0.58
42.85866557690582,29.845733695501814,21.617729518353794,Semai,2.3819511135058464,415.22,0.65
16.38965391970399,26.100087951571343,5.774475683887559,Semai,4.542405183090922,639.8,0.8
60.33451636616685,25.216727263526487,7.641321062767958,Semai,5.195693698361561,378.38,0.49
17.926229161612017,27.75950817764404,28.41757975130104,Panen,2.119248386135604,458.46,0.41
58.51319455832625,29.582480155200148,5.132807287421848,Generatif,5.093517001349626,617.35,0.54
50.56067041808206,31.706499802138133,10.10230623979505,Panen,4.362556827743756,480.76,0.61
49.49349285802501,24.015001530221994,11.733851200594202,Panen,6.6418710947353885,408.41,0.55
15.399699623938385,32.53276703082436,22.196226660681518,Generatif,6.979739730477339,721.66,0.86
61.13763575068287,32.55254318550332,2.2805982061818106,Panen,6.1098046183172325,482.04,0.54
44.50562068714646,29.33445367791,24.98854858464693,Panen,4.840973211899744,379.3,0.63
42.888489782854926,28.12087734897542,46.43372031970407,Generatif,3.296891570251929,344.13,0.23
57.71611171348294,34.107702776044306,1.2231830559536305,Panen,7.082689203815361,525.01,0.58
58.49984479572379,33.41504978437474,31.549243260373267,Vegetatif,4.050014840266501,436.73,0.17
11.202663660959082,35.79931306221269,41.792118257577116,Vegetatif,4.137751323169695,604.96,0.52
20.01807209625653,28.463169664067426,15.623042127458858,Semai,7.496069283122269,567.09,0.8
28.92145766757765,34.88199125828518,6.575927250961245,Panen,7.853583533587478,651.25,0.79
64.23818666767832,25.048822630715428,2.1669893804631526,Generatif,7.388785738307025,552.72,0.46
56.139290162368596,28.937592795010225,32.19515297179012,Generatif,7.989408341366486,409.23,0.15
70.6103305907803,29.584489424983907,27.611719011453417,Vegetatif,7.213453063408864,376.48,0.05
69.24862444350856,29.2904917944415,11.46474941959988,Semai,6.226145105720491,352.59,0.46
78.25462953649206,31.501178261173486,41.5808653815874,Panen,3.762916397428837,78.64,0.01
40.14518890179311,26.042494066058026,36.77531760761717,Generatif,7.717742293399257,407.07,0.24
37.60510929466422,34.39742606071502,13.821439249339157,Generatif,7.259760989682522,686.8,0.72
76.48123224427705,30.62116822247567,37.66815114323169,Panen,3.4444807544939193,129.93,0.02
29.00812270937476,34.85051457615917,12.249710675038628,Semai,4.934974839450962,588.66,0.79
46.89378989388856,24.031579728257817,33.763373093318044,Vegetatif,2.4203339637533006,385.27,0.17
25.546052161779976,31.55985736311596,5.927252053693971,Panen,7.7198531796033025,637.95,0.78
83.10725937113709,28.949494162257995,34.61197316666036,Panen,5.436609966328735,107.42,0.0
42.62424104773003,30.06118874099349,11.938720949113012,Panen,3.4712032755689926,494.31,0.65
26.998951858466267,32.92565412936342,28.623467712085706,Vegetatif,3.754395881743254,620.63,0.39
65.36107124551296,26.725820980040275,8.623193342594126,Generatif,7.883938235779158,516.21,0.47
29.57157425683829,26.458793222572655,36.298347378397615,Panen,5.693685750825186,314.03,0.31
85.48028825361787,32.43609381284571,3.0439787196525847,Panen,4.524098744638422,369.35,0.37
39.40936118475292,30.25638910733016,8.27088934013594,Panen,4.999072770713228,547.12,0.68
63.17125696814696,26.803669176740286,9.206823993541825,Panen,2.59130043426406,386.27,0.48
37.61959449259307,29.808223616032983,2.0671792926999277,Semai,2.4501365604372563,589.14,0.69
74.5796466394779,29.514700869325914,37.25062580801228,Semai,5.55624645980231,115.64,0.02
81.75381928182206,32.29733312898374,49.04762523699664,Semai,5.072024218641898,11.26,0.0
73.03346875318289,24.031933243431354,38.91988942058412,Generatif,4.154919147820647,212.43,0.0
77.8799214982016,31.041123189257796,43.03159810611978,Panen,5.396683715068187,78.12,0.01
18.150466235010878,31.268137806147305,0.3003830169138577,Panen,2.4360556966230336,734.26,0.83
83.9251741626453,32.94612164625504,5.893498188729662,Panen,7.663947028589278,363.92,0.39
59.94405831002243,34.67076559242539,27.95101696474312,Panen,3.762270126705331,329.52,0.17
79.53740257329598,29.282277565340266,48.89344423970837,Vegetatif,2.4306727440319933,146.18,0.0
64.75494113483323,28.110242691706613,33.03564655241018,Vegetatif,3.0170256354446243,343.46,0.08
26.147813483496833,25.227844530135435,18.706834686903882,Vegetatif,2.572843486895101,623.29,0.73
58.76440813165412,28.042030138718797,7.30746527407296,Panen,3.0716270261580876,426.73,0.52
17.27569917785128,24.821815973332892,7.641784719132538,Vegetatif,4.5005243289596715,750.49,0.79
65.65784241745268,33.633842464097455,18.13766011583919,Vegetatif,6.428305363613125,514.21,0.52
42.72009128644582,33.684073774150036,35.69050986720036,Generatif,3.6340900847302384,492.53,0.28
22.138653848016716,29.006851887537337,1.5909645512455328,Generatif,4.6155597316498636,828.34,0.79
88.33838526947312,27.11569480651789,42.60887957308193,Vegetatif,7.572543727329418,115.94,0.0
82.08675393685449,25.416240905427262,47.07757178449029,Vegetatif,3.7749304359558526,128.25,0.0
81.4834970722603,34.214845992262156,44.44082302654156,Generatif,6.7683185195882585,212.1,0.01
73.10562450818023,34.52994334062487,45.65134546984465,Vegetatif,2.9469012348941988,267.65,0.08
65.35849001148141,27.19547537507777,0.766963970913187,Panen,3.069930477543486,462.58,0.47
62.406358423379615,31.461126581613165,48.88961579749479,Vegetatif,4.7369172408575935,261.04,0.13
18.48750701630842,27.103843977484665,18.31785574451744,Panen,3.404613502798318,533.86,0.8
82.04529882547634,26.701519525722944,43.46405591825874,Vegetatif,7.418168442765561,155.97,0.0
80.49027170436884,24.254496607576982,9.340443534980707,Semai,2.3045137467408665,272.04,0.34
69.82821012198826,30.925913011032748,22.326287133111844,Vegetatif,5.583635396863038,435.13,0.47
84.1851967260098,25.799298518226685,2.2082194311988323,Semai,5.625376376897119,312.64,0.33
54.246676111839356,24.148454194403183,2.0037998421413628,Vegetatif,2.396155565116686,603.08,0.52
45.81138677740442,25.25821397204181,47.16380503848191,Vegetatif,6.395385289225348,285.03,0.19
87.4357921733023,27.765230299053766,40.530330626451956,Panen,4.813385267073176,15.04,0.0
47.130495023812486,32.02995828134054,26.491302220689665,Generatif,6.3384402409688505,518.52,0.24
61.30595528537262,26.4314766399855,26.27290867822689,Generatif,6.961549915610419,398.97,0.09
39.84497174867512,34.65108675038006,37.43773092380931,Panen,3.937396111944163,340.69,0.31
60.90609808157823,27.4618609245954,17.083439078524503,Generatif,4.906915297612926,481.28,0.5
67.60791965005501,27.974715473083798,38.093463793097605,Semai,3.5645646786080682,137.05,0.06
59.97244202308403,26.615726159423726,24.25041899966362,Semai,3.20908078113401,273.08,0.5
51.165035297295816,27.04566404486206,31.895870145573248,Vegetatif,2.003568548255944,412.21,0.17
34.008863810018624,24.889621374637702,48.24147250515739,Semai,7.7817890724790235,191.18,0.27
61.507654090897866,27.537246944594273,23.565777876013076,Generatif,4.645570815977889,421.44,0.5
82.67431162090902,34.31540951520748,20.920232987322507,Semai,2.078418638353244,263.24,0.41
10.553007293573389,32.26109449674736,45.287458697067926,Vegetatif,2.053631465408289,555.76,0.49
20.714322194375228,34.5032184463874,45.1290247458172,Semai,3.73011541130717,390.67,0.44
19.581852679988458,25.25830817255228,49.62093509415879,Generatif,2.0836260722607105,419.21,0.37
83.85642423142832,29.46739957010591,27.54314996541546,Panen,4.24708770595129,141.33,0.0
63.01981511700917,26.75105847576138,17.21307705133014,Vegetatif,2.377631008633687,470.88,0.48
86.14304851761204,32.65458708667378,12.01950315888518,Panen,2.2355095469018584,307.85,0.37
56.625061856994265,35.64285389671069,1.70481784758309,Semai,6.0162883644473,546.21,0.6
46.938631772740294,33.78431374860345,36.336431210544276,Vegetatif,7.441047736657308,468.25,0.25
73.38743294514899,24.423338001012077,11.673808686772336,Vegetatif,4.4563194998136755,442.87,0.39
22.875381398017964,27.79991633573081,30.332044261282864,Semai,7.020622581655595,411.47,0.37
40.50704930538571,24.34295628540628,45.829618268219775,Vegetatif,2.175592766814483,321.89,0.22
47.3019392427379,24.482003603171826,47.51068036972634,Semai,6.666140335821095,130.09,0.17
33.876671560969456,24.95418364997297,0.22050669901551578,Panen,2.3767999539373452,584.1,0.67
39.70284899267828,27.315923147646743,15.85375156881782,Panen,7.03063653918411,437.93,0.65
16.24841495395346,27.650433211657575,41.868901473261346,Generatif,7.294198069232384,521.88,0.42
25.838687155964635,28.805442158818657,26.822260267576763,Generatif,6.715843054293885,573.99,0.36
36.83973762647427,28.859173133595554,40.37543667410764,Semai,6.924494146467734,294.63,0.28
73.67123465865075,33.25690814211817,42.6661641418969,Semai,5.3689073979939135,128.39,0.06
24.59978838742911,25.696838922946796,22.13131099706614,Panen,3.589309655495912,450.7,0.74
37.731229918737974,25.892887389651094,17.949146901239278,Vegetatif,5.8593860159658,585.32,0.65
15.193623055754815,31.519068620066808,22.771663302526274,Semai,4.637249894458169,546.57,0.86
54.56834758612848,30.86090582630996,32.639760131213315,Vegetatif,2.0320193655142758,425.8,0.18
58.900071051274224,25.848056465785348,18.357957644340917,Generatif,4.86095423860901,469.5,0.5
79.24131707697336,34.22717312224703,38.74941443488763,Panen,5.907127547303273,138.43,0.03
75.52927988015712,27.94871296921449,45.19963968425112,Semai,2.0833019581479246,31.85,0.0
32.83023637471044,28.403608182533834,14.115560107936325,Generatif,5.728162016648946,652.0,0.71
20.95629513518878,29.045520970015062,48.249482208711974,Semai,5.915191437301138,300.95,0.4
22.4866545768323,27.87242244886723,31.13626233626553,Generatif,2.9486454694333806,559.93,0.37
87.51711544323557,30.68946062727152,43.90843856098705,Panen,4.586445110939057,20.76,0.0
63.85806512058859,28.663772677898383,5.195821763605274,Semai,7.785995605334795,419.64,0.49
13.405663024259145,27.11321671134345,12.574956852811937,Semai,7.3051353667986945,613.5,0.83
20.942340403607567,34.85369841252929,16.05095397162961,Vegetatif,4.464928537149516,781.04,0.84
48.86400520807646,27.700208881681856,15.141107558725665,Vegetatif,4.099077608144933,558.58,0.59
26.626304343449583,32.381867105625865,8.593057829926593,Semai,2.744484085861136,631.15,0.78
74.29271880000151,28.166721244282755,43.410047376241614,Panen,2.211134507240959,60.8,0.01
55.85736940554919,29.222639842529663,20.930607064477503,Vegetatif,3.7847766646524725,486.13,0.55
59.01057662314387,26.83132228081598,48.15651062333941,Semai,7.64170008249343,83.75,0.11
47.02604384393695,33.02795543264705,29.173618339507357,Semai,7.751680708002004,362.62,0.25
30.485022034105242,32.84643901711504,6.919731782243154,Generatif,6.875116043457657,752.81,0.76
57.15228905620372,24.266879349697202,27.295235491697856,Panen,4.104948881119157,244.8,0.1
67.35760369285855,24.722328483615502,49.67725738621211,Vegetatif,2.861758597292667,163.88,0.03
39.675846210413354,35.068517456939276,28.25858435496374,Vegetatif,5.573200853634075,586.24,0.31
50.39549044942682,34.66592216685421,0.09346725647813026,Generatif,5.879030043237089,750.02,0.64
77.17471763776265,30.073046313342363,46.653995179520955,Semai,4.5474414154736245,42.82,0.01
21.894540945796823,29.920288698700038,11.744720306409468,Vegetatif,6.149880773351842,742.21,0.8
53.61795354192803,33.74909009260551,34.42645265344783,Semai,6.480091313910412,309.22,0.21
37.87301294633825,25.66140176261855,25.754007747772135,Vegetatif,6.69836998144868,532.92,0.25
66.22358065737843,31.84438945615151,16.271687842044308,Vegetatif,5.013788668145043,503.76,0.5
11.504819452991573,29.711795933847114,14.131976183819434,Semai,6.749844665358401,636.96,0.87
63.6378639842551,32.91997235178748,46.437993125355234,Semai,2.1528585576167405,132.44,0.13
18.231818721294992,24.361233495743885,45.59629479599186,Vegetatif,6.0824262004332175,431.81,0.38
15.18142023949264,31.11270659668726,25.656742002688958,Generatif,3.4138037423028793,676.1,0.45
67.96986407668903,30.68073858258669,12.92475977675696,Generatif,3.6231217501259194,520.41,0.48
61.22737223232588,34.09017995507023,5.117101608599889,Generatif,2.547810239640394,633.08,0.56
81.59487447141271,32.12203557066033,7.82881914295428,Generatif,3.154353581559076,516.12,0.4
51.57239646405161,34.56192430074765,26.112586287030226,Generatif,7.952049398012018,538.24,0.23
52.40195404217337,34.64727985971071,15.391498028950457,Semai,4.492340783380852,467.95,0.62
66.56142684612405,28.897968010796614,2.103407112997835,Vegetatif,7.5665923921321125,586.41,0.47
35.871806108260095,25.649209605021756,22.758369265555007,Generatif,2.9773971691567884,553.36,0.66
12.952996433754604,31.563403869866256,37.30946462321568,Panen,3.224353052591117,423.22,0.47
28.403666057524628,34.484953180902124,44.58475579799938,Vegetatif,5.346880122890427,500.56,0.39
29.041072951709328,24.89944013033713,29.264202284154468,Panen,4.097195245274495,371.28,0.3
36.85270802225551,30.69507927701597,36.1646061921223,Semai,5.863491251448776,314.51,0.3
85.47701864323703,25.379994319917888,18.203523543246618,Vegetatif,4.532279454322582,334.85,0.31
74.38742389305183,24.323951901062422,24.811908960846974,Semai,6.869583424792772,178.72,0.38
84.87649961641536,32.15562424729001,36.481342825501464,Panen,4.589354427026502,86.79,0.0
89.88876720904004,32.18219534246597,36.38291136861472,Vegetatif,5.434095094629583,219.45,0.0
44.70232032696356,31.207896539956344,21.226313228475206,Vegetatif,3.9264392001423722,589.4,0.65
28.165865334424367,34.31067364682157,27.183367077916138,Semai,6.224245924631925,482.95,0.39
54.80033290041993,24.97051727752174,46.19276697754847,Vegetatif,5.928405253794285,265.92,0.12
80.4907531158495,25.26312314038511,31.599880247161682,Panen,4.382006196644347,108.65,0.0
47.258548881166256,34.374425255753366,32.12873128432948,Semai,3.656192616743579,354.36,0.26
50.43194420578028,30.039320638635157,39.231014619268,Panen,5.684626248921794,244.56,0.2
20.755128474226137,27.276633706058846,5.761144815798641,Vegetatif,7.658909895266046,751.77,0.78
43.63643940542089,32.85788373582345,26.144214582436376,Panen,2.7958581441596095,398.94,0.27
40.95958478468625,34.73284467125282,47.9715868135491,Vegetatif,6.794699710073363,377.95,0.3
38.13508022923597,32.27523943443555,18.083019608804946,Panen,5.257950636848544,469.95,0.7
80.98389359393599,33.50319116014139,14.74630732110455,Panen,5.153358171043155,306.68,0.41
14.744114656986635,27.38996688234231,30.060398280237884,Generatif,7.770104885455876,603.04,0.43
87.77177463178775,27.46530431292651,11.055971228265172,Vegetatif,5.63524878541134,397.76,0.31
10.659746021850882,34.36948656425559,27.79725782618245,Generatif,6.983106966491108,717.81,0.51
85.64752111598472,31.378354183862584,7.782600542882029,Generatif,5.08686349325418,474.62,0.36
53.843800227083484,26.809953020084837,28.98967303489528,Semai,3.499120203530536,268.71,0.15
66.19561955200926,30.289941785546546,30.118959182258877,Semai,6.166941628748658,234.3,0.09
24.970627975609858,32.230325657666995,20.920023950613142,Panen,7.5390614266640235,520.5,0.79
62.33692312132856,26.622588975009457,19.137321271934425,Vegetatif,7.047380573660453,444.19,0.49
80.55661348221861,31.85887689849283,12.272913920022466,Semai,3.190181637440508,317.25,0.4
21.158411186692128,24.505738197813212,16.546115391679717,Generatif,3.9013347143729016,656.68,0.76
20.166528981863195,27.644299476049934,24.917298359568168,Vegetatif,5.101284043842066,615.45,0.79
34.31823273195782,32.08766174071338,12.382945051455053,Panen,5.429619771416391,561.04,0.73
22.938071398031852,25.792188785878817,39.14172316859313,Panen,3.1628846867511697,337.35,0.35
18.851667847467766,26.666388367709988,35.45176206628858,Semai,3.3800740400909874,380.19,0.39
64.26552287882333,34.549119484300675,13.465293357299773,Semai,6.552986414212619,414.36,0.54
27.106129112999263,32.091853193179304,4.8717581550774,Semai,6.381904500289655,666.51,0.78
63.3611919521589,29.987024523080088,0.00900194919813968,Panen,7.035252887773346,484.6,0.51
78.9543381692653,26.530720705529426,29.835942619074444,Generatif,7.5975788436813865,285.8,0.0
62.16198331304004,28.096915878987097,10.568187322682443,Semai,3.8495667134161504,379.52,0.5
19.549365593232075,30.891965979448308,0.6291235050769561,Panen,7.157569739423476,703.01,0.82
55.8862059237956,25.863751126856023,17.954263529601132,Vegetatif,5.996070747657118,500.69,0.52
41.49029473692407,29.78092895877827,48.09992311587167,Panen,7.746622543350797,206.69,0.26
37.46967493779958,28.90769272965627,34.497140381490865,Vegetatif,3.6324449361404954,475.04,0.28
35.48251749038657,29.720248097131417,42.8881851461229,Vegetatif,3.6180290098371533,426.76,0.3
84.35457790557165,25.266729855363593,7.236954913036503,Generatif,6.22576069215636,448.45,0.32
69.40059653421822,25.277965044540345,3.6644077309718193,Semai,7.5704646442296575,376.86,0.42
20.7079031664236,35.569331432955856,0.5764881754861229,Vegetatif,6.947334948718607,889.24,0.85
48.0804383785971,35.75241280469722,47.78311450097436,Semai,6.362237346760137,228.3,0.26
35.45784602031357,29.113975894941817,15.010136767677423,Panen,4.3238551883443295,501.58,0.69
88.23506500367665,33.46794544381005,22.9752471170429,Semai,6.306604008211844,195.42,0.36
88.24231783625356,31.869497123076922,19.726181180088727,Panen,6.806573458584887,224.18,0.35
35.5627579466428,25.403002255420667,36.52284676964296,Vegetatif,6.519714078743626,426.8,0.26
38.16904929163638,27.560143888016373,15.498244097637153,Generatif,6.060864789716738,592.18,0.66
57.95313657092365,27.763816903734245,26.772644130702577,Vegetatif,2.282787510144218,413.89,0.13
48.34456114620001,31.14929321831069,49.779113247773374,Panen,5.958289598688852,171.81,0.22
27.048069772675312,30.959720547773642,22.203177567211814,Vegetatif,4.869767932897462,660.68,0.77
62.83297335908891,35.08210432443307,27.56357703498778,Generatif,7.769415629298113,475.28,0.15
36.73029151001907,33.480435767715285,25.12640311554189,Semai,5.643139300262426,447.2,0.32
62.29731986657341,34.282171975235684,40.15930790680161,Panen,5.649363537411796,219.78,0.15
40.69452178622398,34.69474336333211,13.34198270167875,Semai,7.964331124218499,533.17,0.7
66.01679150850174,33.61532007065976,8.521900807139849,Generatif,2.5615267386854326,573.23,0.52
63.42395767117204,27.99457513268529,37.7046579132431,Vegetatif,3.6578977106021173,311.4,0.09
50.70502047368006,26.580155656014,20.780909318432712,Generatif,5.936476633814154,480.97,0.57
66.37919925686646,30.861208056252565,45.68630044883436,Panen,3.891417536206248,119.14,0.09
46.87725409856122,32.274819797439825,32.20796428966988,Panen,4.076900887574731,338.76,0.24
19.29106397200983,28.63881562755799,28.21715558558713,Vegetatif,7.355869638782652,605.4,0.4
24.568500266988373,34.18006379957412,3.522852741293858,Panen,5.476123430238779,692.23,0.81
29.679450733249027,35.5267991138158,36.5205952568899,Generatif,2.6171934968249273,566.07,0.39
15.058314258055727,30.832748713648222,34.30201827564791,Panen,3.865175514395731,467.34,0.45
66.9104976504536,29.47910474659462,32.003596224357736,Semai,2.4563502589965083,191.76,0.08
39.39121814652947,34.11464540331021,13.395476178534526,Generatif,5.336779600682871,693.02,0.71
17.481863706159785,24.29123456387264,47.336966083722224,Generatif,3.039609178255938,413.64,0.38
75.59664965804642,25.548151390010975,16.082756351641002,Panen,7.142690900150637,256.61,0.38
64.692342757086,34.14789190807521,7.611547837696714,Vegetatif,5.463884158738999,617.75,0.53
46.17793897021607,32.78434302777591,49.36005774675069,Vegetatif,2.356253851586568,345.38,0.25
29.79402680741874,28.99364037845191,37.312313956188405,Vegetatif,3.8052539817459134,504.66,0.33
22.139671503427742,34.66622229269286,20.739344116309066,Panen,5.698026003416761,554.31,0.83
46.66993534040496,28.217499451744644,46.79582154443534,Panen,4.01298990916297,185.45,0.21
80.81965944084499,31.60614429440301,4.555868718309863,Panen,5.079060011563734,389.9,0.4
25.071625861757596,31.61201364391099,4.383060821327889,Generatif,7.456173768096414,809.16,0.79
55.49273831931903,26.211982711370833,34.122550931429274,Generatif,4.10021582303767,359.72,0.13
86.93487961778048,27.418220833968697,8.898602418942176,Panen,4.015237174818727,271.44,0.32
60.969325981169035,34.992083072353026,45.85697575966421,Vegetatif,6.918541047876193,322.18,0.16
45.19717841246947,26.200978245521004,42.017958714943546,Semai,3.9125391375006195,226.13,0.2
67.30983783511267,26.082895462171493,15.318361205059322,Vegetatif,2.4677500648423534,445.87,0.45
75.96623352149652,29.755385684806487,44.44197911346851,Generatif,3.085669725424969,225.36,0.02
57.24130383094737,25.106368418854093,2.144384350366418,Generatif,7.692801504777806,590.29,0.51
79.74658871943942,34.735514267812476,27.431892636874693,Vegetatif,7.599756755466328,395.14,0.03
51.16734075005901,25.201789659749654,46.77813868544166,Vegetatif,3.348872544668887,292.08,0.15
76.40232017650052,31.398689722089532,42.76914894678491,Generatif,5.321011238592115,243.68,0.03
86.16153923245561,28.077382277343816,17.80366619004975,Generatif,2.8242086025380173,360.4,0.33
50.09947736188137,33.651274625652405,9.143521761731744,Panen,6.048065771069215,503.3,0.63
58.40013724682602,31.077728949210464,10.527029420187228,Semai,3.1118347760588643,423.8,0.55
58.757403435986795,28.65967369295326,25.725393903920263,Panen,2.2987425375296238,289.99,0.13
72.51478908786325,35.80647581453773,29.838647191823704,Panen,6.949380843252796,271.36,0.09
75.83726721419383,24.79477186158637,1.6407158311818215,Vegetatif,3.952402296341754,500.15,0.38
12.178345296484858,30.93343563876812,20.677577961744404,Vegetatif,2.651134421360582,755.1,0.87
68.66876512723103,35.87481973852854,41.51935578219523,Semai,7.003423705173351,177.15,0.12
72.70521957041902,32.291431718556204,22.216447511789855,Panen,6.57438486527689,283.95,0.46
66.03435515665895,32.877235579706316,8.458769547470524,Panen,6.102550702591809,433.25,0.51
67.09565274584769,24.38509373495383,47.74301465095484,Generatif,7.467492259067175,175.41,0.03
13.312228734741556,24.256357957163548,13.313776996323334,Generatif,4.935356521223811,699.05,0.81
45.363092955912485,24.433321343786314,39.921413281703025,Semai,2.7683389855207863,191.96,0.19
75.45437197773924,35.900686826114786,9.689708316946744,Vegetatif,2.368078459370717,556.21,0.47
84.7205713036083,35.75423712889022,21.158636461079496,Generatif,3.9106461077579517,413.71,0.4
28.35743364575478,28.014107109171142,24.521126988740594,Semai,2.5209849808244975,448.55,0.73
56.3355952282236,27.491781795189947,25.031764797412226,Panen,5.213056642082512,300.55,0.13
74.3464191640467,25.75150494621413,25.823693405035243,Semai,2.0869941069389473,176.79,0.0
70.19261142873486,27.949683589977102,11.247377034488071,Semai,4.662579809056256,328.93,0.44
59.51120935840633,28.441799166567243,25.795776098041763,Generatif,3.0707617391215125,445.98,0.12
11.495295060960018,32.9793938011084,24.085637693887712,Generatif,4.209608263202949,716.08,0.89
67.91086720892527,34.39552263503682,10.435974856313162,Panen,6.050204448624134,414.96,0.51
71.8594002623052,32.96082143689666,49.40957797518554,Panen,4.105782626304209,66.53,0.07
67.8279605300508,31.75770121314687,43.27816963932751,Panen,4.048039323201292,139.68,0.09
71.26473291919653,33.190800937065575,44.37881755112415,Semai,7.9445043970370115,133.72,0.08
44.47319141430882,32.86196974982167,34.278552519144746,Semai,6.312888336357718,330.29,0.26
89.50017167403128,29.708996324764737,7.994851534587827,Generatif,5.083170271100308,437.93,0.32
71.6629532698127,28.030216829536293,28.404603194987445,Panen,5.476253905985477,199.04,0.03
56.294400422398844,27.393368602531194,41.07198158136931,Generatif,5.721095789112866,331.93,0.13
84.7353015797299,32.15226551415338,1.9368244344331265,Panen,2.1474523936450516,364.62,0.37
82.65586715664146,35.5116494933427,24.792155164380986,Panen,2.4815875431514858,250.94,0.42
75.16536522674119,30.97265662722756,19.806143999745906,Generatif,5.89513610813991,429.22,0.43
55.09559351870131,34.950318029667194,10.606236482965182,Generatif,4.186813153089882,635.47,0.61
52.16808153173708,24.17075245167537,18.912500188265884,Generatif,2.3326642413915506,482.83,0.54
36.29663455796166,33.53364776083207,49.17487554347264,Panen,3.7850794763097566,267.86,0.33
30.07023832831587,34.24323189552096,36.16216631808888,Semai,2.7817005225283413,408.62,0.37
50.988761358006926,31.571926055324347,14.97685400074707,Generatif,7.497883053357928,612.55,0.61
56.222540936957905,35.20873199234076,30.267752574041477,Generatif,3.2175523553186904,480.11,0.2
29.562114516707645,31.078955914575594,12.33281201428399,Semai,2.8621471843643147,564.59,0.75
83.8080994922783,26.88644283032099,30.542195451213694,Semai,5.7570129025317,103.67,0.0
54.58191973874548,26.588606753378333,44.808334474246585,Vegetatif,5.131471581660996,290.04,0.14
52.12042603057172,30.670035200312583,27.843839997127617,Generatif,5.455594724214752,473.03,0.19
44.851071069291216,34.87780716595453,36.66699877263414,Vegetatif,4.615688888241891,481.32,0.28
14.645703657348843,24.868415349060925,22.66694993581484,Vegetatif,4.803015865592777,644.3,0.8
80.59210675678794,31.252686146530934,26.20619588319983,Semai,6.672785335082777,198.57,0.0
35.35953811544238,33.237641675784296,34.75375393774393,Panen,3.3195331089540043,371.46,0.33
61.39682675746356,25.38482483548283,40.62025025256986,Panen,4.379175816987405,126.08,0.08
58.59468471760283,25.401236288544155,32.972569326272485,Semai,7.746952309567695,194.41,0.1
56.75894603076215,28.393535960035056,48.87459969450465,Vegetatif,3.139914207116271,265.28,0.14
52.05697616092672,27.2865740825966,40.991129389914136,Vegetatif,3.762641570251202,335.76,0.16
24.515186674506246,26.379769906724277,38.85801023039376,Vegetatif,3.149401545715943,476.49,0.35
32.448459283837245,26.384330083336142,42.255078949051274,Vegetatif,2.122972978148814,429.21,0.29
51.935045701624006,25.568028389098032,14.060546771217453,Generatif,3.618979550250022,532.5,0.55
73.14739612775408,31.33024815698343,21.602357697419034,Vegetatif,2.278804675773435,430.97,0.45
44.55911765203349,32.257507243009044,28.223145919729536,Semai,2.9281107584398,366.99,0.26
26.313804243690466,32.435234722548536,23.11931592213428,Vegetatif,4.176092420405688,637.57,0.79
17.035553984434078,30.388247713663276,42.37289091120399,Vegetatif,2.1243273024137492,524.05,0.43
63.040880279521936,35.4348752359868,1.353425883961601,Semai,6.517739395584299,506.94,0.55
43.86719764969317,34.56639333108079,10.458770861641042,Vegetatif,6.773534082617281,690.29,0.68
20.02967140981135,35.49157371199536,44.085327050092744,Panen,4.468482814510177,416.77,0.46
63.957350398958695,28.665545737526138,2.95500688384836,Semai,7.907995876245616,434.18,0.49
26.606298468349856,34.5333979194603,11.349415180439903,Generatif,6.073963488846195,750.45,0.8
50.721283864294165,33.154496392882606,17.56251651882431,Generatif,6.462330487884493,602.44,0.62
34.49503800614884,28.079674836408156,37.537028040584545,Semai,3.1538025419968005,303.27,0.29
84.53520515472003,25.279119102050633,28.00903480834242,Generatif,7.024625736930281,255.89,0.0
28.263045301693246,32.19145499876169,47.73023513901655,Generatif,7.670278388129037,456.64,0.37
43.593481723362274,25.637427889462565,11.393750753648673,Generatif,3.417860999442751,602.49,0.61
86.75948774624047,27.525309684013344,43.60602024943647,Semai,6.118785766318281,0.11,0.0
35.49801439506523,30.00437491732545,14.14567448746244,Vegetatif,6.481646291979988,668.39,0.7
61.56745304088001,32.158590421781675,12.27491295632801,Generatif,3.8310150308572943,548.09,0.54
35.33816349650601,35.11473188636766,24.918759904967537,Panen,4.850054015433779,460.96,0.75
18.85399832937992,31.11888053818796,3.5602252628246847,Vegetatif,2.5852345614843446,850.15,0.83
60.20377861474343,32.05695719606514,19.21535064966416,Vegetatif,3.0385688237570476,508.01,0.55
83.28252282282723,27.720166201811736,17.783798405487182,Generatif,2.3694231418831686,361.79,0.35
46.205173378727345,32.24751139714247,8.005077785088677,Generatif,5.3609929432717625,664.78,0.65
60.09412341539737,29.253481448760894,43.03974226374553,Vegetatif,5.751577383663616,293.7,0.12
58.71187306052985,34.28317419460529,19.294482185469164,Generatif,7.496717500602398,541.42,0.57
43.207176210230074,28.709406166817693,49.09600897568412,Semai,5.253108863741609,168.92,0.24
59.19173110117845,29.619264259878683,44.985397451888716,Semai,3.5636682248485996,129.82,0.13
30.745446753517776,29.191053082923094,9.740534978496274,Generatif,2.356841279546713,713.45,0.73
40.243032368244165,33.73347401168862,25.25610861689692,Vegetatif,7.309718316505021,575.99,0.3
45.38550850899001,35.44439036414286,30.090206918327645,Generatif,4.873148471168321,530.73,0.28
79.12069468499844,27.927315611799287,40.948025147181056,Panen,6.423931936653927,34.22,0.0
37.86663158666039,29.70033480914492,44.28213748256974,Semai,2.087896091573534,272.8,0.28
60.81096384926611,32.47111520031883,31.200901057774495,Vegetatif,4.928833535986506,430.47,0.14
27.072306993511894,34.74457946441677,1.756710157110769,Panen,3.9543357389989913,693.08,0.8
30.20557832431414,29.92440836215225,24.063822475906466,Generatif,2.181987635682961,596.71,0.74
61.87431003679821,25.306722098720726,44.240176809316615,Semai,6.65403684243475,89.88,0.08
70.98479418932828,28.42405660201586,35.704480127212996,Panen,5.077409917361679,143.52,0.04
46.96937412210252,30.604342625281355,43.50709707047289,Vegetatif,3.9990814579467857,360.38,0.23
36.80797574222132,29.01029527159239,33.70398948613536,Semai,6.834790903444396,310.93,0.28
82.8217244745818,26.23866872145684,2.201750490748633,Generatif,4.681540711100999,475.4,0.34
20.864625203923417,24.44387394411861,48.40033281033053,Generatif,2.020987738209808,387.28,0.36
67.65713901194776,32.24890399295874,45.900927028483935,Semai,7.666685792229953,118.71,0.1
65.21365997976824,35.912846289325714,6.328976995631164,Panen,3.534096442774313,484.21,0.54
65.21961301822353,35.03047960675941,5.63455834218744,Semai,6.983453132380048,469.4,0.54
84.83363555388195,32.19925093032976,26.953925023851006,Semai,6.898492304487638,176.85,0.0
68.25522407846337,34.09835770219715,37.85254172784416,Semai,2.974243588164388,214.52,0.11
34.12521515276673,27.06873142160632,19.108660596912685,Panen,4.84401608728866,454.94,0.69
38.27273793858474,31.469213232941357,6.819108177162104,Semai,2.2411938709909576,564.25,0.69
41.288877855991544,24.727250584787583,25.527804939067728,Vegetatif,4.127310037330772,509.53,0.22
12.464693927848485,32.486207127749495,16.878306810948622,Generatif,6.385873060217721,765.54,0.88
83.08082523266056,35.638468068291225,17.588597777566235,Panen,3.4224168206621455,292.14,0.42
15.884208309184311,34.32956768661431,32.24927684201911,Vegetatif,2.70276758445386,654.78,0.47
65.98354256779773,30.41329049725965,44.28040496147519,Semai,5.042741305610054,104.66,0.09
68.41288038746494,33.46488263175332,27.929586542782214,Vegetatif,5.221918306241792,437.05,0.1
77.49720405044317,35.32678571937798,34.38012554148178,Panen,6.054973587926948,192.57,0.05
54.2689804476418,26.592210935270586,32.99734957606207,Generatif,6.554826480815544,372.7,0.14
68.02115390852295,33.51910215572853,27.5573096278465,Panen,6.174857187587931,279.1,0.1
34.217833957276085,27.23816349562624,15.537907279156505,Semai,7.072473249769104,478.45,0.69
69.6467208730232,34.52336906327599,18.889709245511938,Semai,3.337438785692239,342.84,0.5
37.473258980950874,25.180254068281744,15.78518992452081,Generatif,5.418600477298977,576.07,0.65
82.22707827413569,26.1386210264381,45.87490482410274,Panen,4.160572144527951,0.0,0.0
23.070544621310624,32.64739756166162,41.330933525522155,Panen,7.772674142009853,402.34,0.41
35.260584853916285,26.097330046358987,28.967368642561038,Panen,4.641677140488943,339.4,0.27
49.90155612441045,25.896651622836533,45.61217354871003,Vegetatif,7.75828359880134,311.54,0.17
72.06804457184782,30.665602528786465,44.3204346573989,Generatif,6.614393924354636,233.3,0.05
69.90392840824256,34.01984685250885,46.38471998759176,Panen,6.3107831724121946,127.5,0.09
26.85734994596028,27.22160910329555,11.088692882776646,Generatif,4.949382271530961,703.87,0.74
21.53885572894371,34.093658192465824,35.875151888194736,Vegetatif,4.660268805533613,602.9,0.43
34.31756834352786,33.6954407585517,30.46122499617509,Panen,5.159289125110441,429.0,0.34
48.7003321340722,30.949264811512027,36.69153189173036,Vegetatif,3.7617983775617194,406.34,0.22
53.12040358606005,31.758753044247243,13.16896819591436,Semai,7.427059639030801,439.87,0.59
44.33100727642233,24.4852942393429,34.740453571914884,Semai,6.765983931592198,231.59,0.19
63.04720933184056,28.405626699644557,20.491425762719352,Semai,6.808375125950263,306.78,0.5
44.20471548777901,27.160739173420232,41.70458981531501,Generatif,4.598921572696616,353.71,0.22
85.70632079510358,25.800046328729668,39.76828625808865,Panen,2.4265336894653027,0.0,0.0
30.877507838522877,28.675911949883776,10.567880542945856,Panen,6.098463907557671,545.45,0.72
60.18976965360758,28.258850356169194,9.192763820165151,Vegetatif,4.246481503828471,536.01,0.51
58.910235092810545,32.74670013755672,35.8865860642433,Vegetatif,7.222581874704952,398.41,0.16
32.525977750582726,31.177156085721037,27.523744736408023,Semai,6.682030630699181,416.38,0.33
42.935009961122184,34.957200825624234,27.86029553410245,Generatif,2.8719688519385365,553.61,0.29
39.23788955519767,25.744890996670065,37.62576617296773,Generatif,5.610294383231086,387.45,0.24
23.799924801639143,24.716983263882312,42.7485396510895,Vegetatif,6.153283555563106,452.68,0.34
48.18361701052352,30.415293449893547,11.948195030435837,Vegetatif,5.408825478946168,603.02,0.62
40.932980241747316,24.01232566332942,27.77697733952751,Panen,5.084253056931567,309.6,0.21
24.26538880537275,33.45262731761959,41.44773547460386,Panen,3.367178450035648,363.7,0.41
45.99040363342092,30.07167466422011,43.639708559750126,Vegetatif,3.415441066527106,363.29,0.23
43.74751746069913,29.856786912694723,14.370469416925829,Panen,6.608048831855328,482.38,0.64
20.50925421275678,28.34995174469009,5.207692829875627,Vegetatif,2.112138713381343,792.27,0.79
20.495003353440868,28.499686033785153,11.641162693888996,Generatif,6.673460376233457,732.16,0.79
61.80059038765579,29.17360413900787,47.274975700726365,Semai,5.160792419234834,104.19,0.11
66.52646437736831,24.192388133112363,23.123985621760713,Vegetatif,7.617335914309017,368.69,0.44
85.29443359271238,25.002549446594458,20.928689527801243,Vegetatif,7.983929286337538,305.2,0.31
16.960375236887984,30.060576240134843,0.654217436710508,Panen,5.980907390653768,718.01,0.83
19.42891939026028,25.801467182637648,2.550734146067557,Vegetatif,4.473543166520821,787.15,0.78
14.14545027743288,33.34515130016398,33.434796473736185,Generatif,4.850515451364167,647.45,0.48
52.578274460554404,27.29382208805431,29.491353436249824,Semai,3.2252925659090463,276.48,0.16
59.81972914361812,25.17479564819189,28.776414924770187,Panen,2.595405943948886,219.18,0.09
42.281876154572615,26.822519110841398,5.516143801223578,Generatif,5.47258035981281,655.33,0.63
73.83217767689061,28.285178761869457,17.603058478267673,Semai,6.832970587799604,267.61,0.42
64.93595488030401,24.423799303138605,40.6179069320074,Panen,3.5705991063752793,101.61,0.05
88.86723367574879,25.700106292635947,8.745561195831863,Generatif,4.517916861472099,400.52,0.29
21.031598663974293,27.886161053730234,44.13436254912182,Vegetatif,5.328641970661884,459.25,0.39
14.665253147400108,27.725765685717167,6.073915017445159,Panen,7.447386919820343,652.73,0.83
31.984296445551024,33.60464035871807,8.457466506199406,Vegetatif,2.8317873659723363,750.94,0.76
11.524015625347523,34.119065703751836,23.887498057686425,Panen,3.421299012377976,600.47,0.9
84.60891422932102,26.3210231897226,47.26499522242687,Semai,7.511182710714708,0.0,0.0
34.31613269505404,25.48727860695417,16.477383907271182,Panen,2.2372135589281505,473.48,0.67
54.19441335771671,31.60994981185702,32.91089967790244,Panen,5.936693804359152,284.02,0.18
35.44557063029935,33.65548266834518,29.43356279945381,Generatif,5.837155299307709,585.68,0.33
29.664689759105876,35.56467716668958,7.481131825027876,Panen,4.2995266017953835,637.33,0.79
22.1891779179904,24.08155541695817,12.408345069708165,Semai,4.808988074042709,530.72,0.75
35.62927362633084,28.964137361121654,46.5076386321911,Generatif,7.129507708883367,395.6,0.29
59.23351443263797,32.807854009132626,9.241481182654976,Vegetatif,2.9898923800806747,597.65,0.56
87.72969597500223,33.94271158649225,34.75049448775566,Panen,3.3894048696735624,122.98,0.0
54.647363229371955,24.747431384197174,48.23472413001522,Semai,5.074102468639342,98.88,0.12
52.61672528792041,32.16737423356953,5.975299610113904,Semai,4.458472538000181,507.51,0.6
12.82104144841175,27.46726460878764,19.959099509365725,Panen,5.446234985271102,542.38,0.84
77.20792125341542,24.895163511997506,11.196607222136862,Panen,7.5250351165627745,291.37,0.37
13.587309999805859,29.869230981056006,11.078075870227144,Vegetatif,7.502612106427019,780.41,0.85
82.49858192827833,25.89784011844975,5.949292199984041,Vegetatif,3.3801100382899505,450.45,0.34
53.09373802853743,32.84409021674021,32.47755919957329,Vegetatif,3.8128676770930428,446.07,0.2
23.477328418722834,32.895141596393444,37.31717549553559,Vegetatif,2.972412087782179,553.66,0.41
46.1365913605167,34.10481317985011,33.83969550115281,Vegetatif,7.566742228783559,497.06,0.26
89.59875845465587,28.530824221773027,46.23282288095764,Vegetatif,4.3871847811891715,115.4,0.0
34.406628163527444,24.159717566767725,7.283940435902708,Generatif,4.698230869302063,665.35,0.66
31.556781483886294,27.116831260493758,15.99226866925031,Generatif,6.815844684664757,612.89,0.71
19.440471603400475,29.61374039430332,17.2286404851228,Semai,5.077840836861752,566.14,0.81
57.771387903267104,32.328135352992604,11.604105192345232,Generatif,2.7185328933290727,584.39,0.57
17.138159921117033,28.584487028240897,7.11024720784833,Panen,4.62709225665618,624.48,0.82
71.28064510432617,30.432580752805656,24.335173796313185,Panen,5.783144259671791,272.09,0.45
83.53788114644465,30.2911630494686,41.72198140237142,Panen,6.315254526542218,57.46,0.0
84.54968889723995,25.9797881922998,47.7269862801659,Semai,5.872111116697364,0.0,0.0
18.633300230195022,31.47659400096015,6.4670316109248835,Generatif,2.7150843153941797,832.36,0.83
54.661007788237505,29.271020738464774,41.1578614036368,Panen,3.8260671509709097,192.62,0.16
17.768788392173327,33.69502441982992,41.229056148263744,Generatif,6.401387869779292,560.29,0.46
55.76129131874378,32.287334497546794,19.448906077628347,Panen,7.2811411660164485,386.73,0.58
75.19844681676648,25.337630234370657,5.5014812072727075,Vegetatif,2.2831184903735586,476.59,0.38
53.02321298426278,29.86510092043882,49.5004003378449,Generatif,2.2533746484198627,282.53,0.18
79.7643060885345,32.42993230193025,32.77965152644094,Generatif,5.860427176034374,300.66,0.01
74.13394838795021,25.04414070968811,49.10978475207902,Panen,5.2882769249796855,0.0,0.0
32.123867995194274,33.50996439067958,24.182775784232923,Generatif,2.932034303106284,639.96,0.75
60.408182630595334,26.664054175732794,19.759649996836437,Vegetatif,5.289749490181762,459.84,0.5
10.592970118090514,30.037017545684275,12.359273798522691,Panen,7.846924061005105,643.5,0.88
41.68335327398915,35.28673544967163,49.17860008860097,Vegetatif,5.78540132237975,390.74,0.3
29.036813422743613,30.856010817867407,12.662863473113683,Panen,4.694846936298312,558.02,0.75
84.96930767547889,29.08865342044737,1.1881378109025176,Generatif,6.965194927637452,489.7,0.35
42.431120937852796,24.08153912878971,25.62342067942389,Panen,3.2769349139129096,324.94,0.2
62.32515427379845,25.600963473288935,18.85252465254577,Semai,4.485958584961479,303.02,0.48
68.55852874188858,30.943966621175854,13.069125171463225,Panen,5.1666073508650845,385.76,0.48
71.85700309452059,29.925900487844856,31.73040582405867,Generatif,5.027239352304533,325.1,0.05
68.86201536140231,28.365950107761975,18.213430744891113,Vegetatif,7.525834815266914,452.68,0.45
33.13320487901878,35.07859062472941,20.11254441584364,Vegetatif,3.7560086434800546,667.15,0.76
64.88541573833777,27.98979044911129,1.1522801947022154,Semai,2.3390223243777175,434.97,0.48
53.920758580982664,30.44580907732928,29.453546427652878,Panen,7.498263227082452,287.94,0.18
57.789813183801506,30.824560914289563,6.103551492352138,Panen,3.302405942830056,471.88,0.55
10.06516938470039,30.32962068076707,10.69024294477109,Vegetatif,4.274167843860244,808.14,0.88
30.660608076228524,29.731024698481193,35.85589103063191,Vegetatif,5.185349747108463,501.09,0.33
84.45469573725245,28.044764832142896,15.662136309195551,Generatif,7.855282823289281,378.47,0.34
33.20608666445806,34.90516359647543,8.160509871919047,Semai,5.211610649771589,610.34,0.76
45.04124177997141,29.409639141109736,28.87120735312404,Vegetatif,4.686459839290874,479.79,0.23
24.933918575659284,30.341386408152907,10.74522474689703,Panen,5.50183087710588,568.49,0.78
21.08820415229518,31.877735805962907,13.548910697935252,Vegetatif,7.824848959502827,755.81,0.82
26.693517491096408,24.811872509178414,31.06696549889369,Generatif,6.907667592538642,516.79,0.32
54.29178630935784,33.37545769755894,36.993089068195744,Panen,3.0138088178715323,258.38,0.2
83.52229211120866,30.150087721032428,36.98298425977885,Generatif,6.819560089425254,241.63,0.0
36.095934391695224,31.886123230139603,24.11217059354152,Generatif,7.046594358823331,609.45,0.71
35.872636176637684,33.264144784964294,22.714845550471775,Generatif,6.144164623750798,621.8,0.73
55.13124695094946,34.48919268917058,39.38225921156287,Semai,5.9434007550035854,267.48,0.2
38.53941741545082,28.70664500343517,9.651736255625853,Panen,4.645262005086826,539.54,0.67
82.83328383871904,33.73715871218706,7.610122376422962,Panen,5.850172322716722,387.63,0.4
40.22784341138095,27.10604274679082,33.234753301475486,Generatif,6.4254498329135465,442.16,0.24
49.23538020155736,31.924027811488397,20.475346719462767,Semai,2.736921488445794,397.43,0.62
52.67114271763287,25.232487608155672,35.499923028509045,Vegetatif,3.543979761100614,350.53,0.14
72.5654236104377,24.240365609088904,12.830011173161799,Panen,3.164491273797764,278.22,0.39
55.112475153190694,25.149157513351675,16.243594053338345,Vegetatif,7.047271021436086,511.85,0.52
29.132408011785927,27.83258983874971,44.83388245926953,Panen,6.080015549190606,280.27,0.33
19.918976530109383,24.373135365895973,21.082826341079407,Generatif,4.704671237451059,613.44,0.76
85.02196373511711,31.56589526624715,29.54767348601922,Panen,6.956334502930809,148.05,0.0
74.1250395711286,27.798534460587177,5.334109705915474,Generatif,6.300688039955064,514.27,0.41
11.837216823113259,32.83651281257158,8.941458609637937,Panen,7.481558489271781,682.76,0.89
75.72231874588381,24.550981635235267,1.794386441132212,Generatif,2.4608419765874947,502.68,0.37
57.2478235123815,26.60041879856998,21.21854058808333,Vegetatif,5.054944289247412,448.13,0.52
51.51153880279547,28.896041103956385,49.446000224751195,Vegetatif,6.240487421457531,269.33,0.18
10.978334321884713,28.591818747528556,43.6936576325733,Vegetatif,3.2449591208290745,522.01,0.46
72.4691245107532,25.571984074036084,31.64544574702535,Panen,3.962757391828184,144.32,0.01
25.84520113930001,35.929641762979884,43.054824597873306,Semai,4.51385750791896,389.67,0.42
68.23849705552632,27.413274970006032,29.708467817621155,Vegetatif,6.765953709623535,346.24,0.05
11.269459789265381,32.65238501581756,18.438444016706885,Panen,4.961457206343171,632.59,0.89
73.70829197329489,26.640320366540617,8.677320055055764,Generatif,4.957220197086736,487.3,0.41
11.843157468403245,34.53421452871301,32.65243708801121,Semai,4.585325711312872,526.95,0.5
28.871432325801525,28.65309972179631,9.652563819537269,Semai,3.3715345357778923,565.62,0.74
31.462257001017075,34.81082986786925,20.87142086000301,Semai,7.538429213676588,525.12,0.77
22.60069104855411,28.102019035607654,41.29009210776316,Vegetatif,3.9068067239400524,486.22,0.38
48.48465569562953,24.10372585796296,6.461465128086425,Vegetatif,5.404793964619404,575.18,0.56
32.69503676933671,30.204245172941537,6.451070952839755,Vegetatif,2.892678413133839,748.31,0.72
89.46303805818053,30.297455233813157,11.220120779579867,Vegetatif,4.605460352594283,419.87,0.33
56.39750346923512,25.438010193463626,27.595865356114953,Generatif,7.422821097015307,389.46,0.12
55.31822600433924,26.81956288103151,12.586173912995651,Panen,7.972791431063553,405.19,0.54
27.669570408516417,33.401947091776194,25.159896862750035,Semai,4.170511140400802,488.49,0.38
42.69515509719291,24.44106989554391,15.099130552984358,Panen,2.9239432778860133,409.06,0.6
19.918239548800003,29.874320240240166,25.31211024542028,Semai,3.8867091603823707,506.89,0.41
71.0023401800309,30.364897480962753,13.88157245008651,Semai,3.9634506103221168,339.79,0.46
36.49273969227815,32.26454472811349,49.00061878042826,Semai,5.867052765693906,261.53,0.31
70.15726667145682,24.449475208801623,24.635895057098388,Semai,4.976940346967361,193.1,0.41
39.73567999435804,31.027755925085568,37.182171705412,Generatif,6.610758369593783,481.05,0.28
89.10057920918764,24.037176438938197,35.027327944910255,Generatif,6.207819706984887,156.87,0.0
23.689729780369746,27.18214040747029,24.52796874071806,Semai,3.5078523435514777,470.33,0.76
10.121911510666504,29.996211063797773,11.943103083396261,Semai,6.705534139314668,631.16,0.88
57.58604331027086,34.935376049107404,25.53591389564324,Vegetatif,7.084771201488896,496.13,0.19
86.23625600702705,25.519077792066426,34.04858118602173,Semai,5.5903411385240105,54.6,0.0
61.76432439247834,26.0314695480393,22.99596352816059,Panen,7.566006255491457,263.52,0.48
16.857881819854477,32.031000772605935,4.096255368137081,Generatif,6.697688736407302,852.5,0.85
53.238430597298034,28.49834032586879,0.8991614779041979,Panen,5.572375441239194,512.01,0.56
82.75895489101819,31.48105682307446,16.393840423391925,Vegetatif,7.436995983879981,407.96,0.38
10.520485430401019,35.96945000561121,7.511196304665596,Generatif,5.602150881443234,885.84,0.93
23.352977027023904,35.842459936186245,45.30951229629978,Vegetatif,5.127146764024041,531.5,0.44
75.16492448820931,28.244562953933055,8.791633504246244,Vegetatif,4.137550042466616,479.62,0.41
81.51256852619863,30.04710424589799,19.714135700578307,Panen,7.2971799835666715,248.61,0.38
66.57284966946168,34.85628190355272,35.60387560357407,Semai,2.7363630252369298,228.95,0.12
89.32481309118566,25.10601194890269,40.771083000803046,Generatif,4.841016285304738,135.45,0.0
17.217274366925544,29.427646846042165,23.885657658906545,Generatif,5.224479991250131,671.53,0.82
53.654121266924825,28.530928179797506,9.056750480419606,Semai,5.328494640618661,438.57,0.56
64.7995778118069,27.538593271931965,13.544761178792653,Panen,5.9113389829114595,323.23,0.48
66.21157762952703,35.930450543068176,20.94842238205736,Vegetatif,5.034773745522894,522.51,0.54
73.47876922753461,32.80259152766853,18.22972946627915,Panen,3.5409088858395625,305.01,0.46
83.41008360795065,28.664963908715066,17.433637858482825,Vegetatif,7.141666376836999,376.09,0.36
38.93131564936917,33.94826269998503,6.592690087833214,Generatif,5.94515196701317,740.58,0.71
13.437071424610867,29.87599320854468,45.66551260854749,Semai,7.149126882261837,365.74,0.45
38.99535315847666,34.4738929484143,1.4878303208857524,Semai,3.65626094588226,647.48,0.71
63.7291810709788,27.19655814756694,22.00010639378756,Generatif,5.822341369416931,427.38,0.48
27.07648698669148,26.683202728644787,49.01607462515433,Vegetatif,6.285042470458371,388.05,0.33
74.79783612469683,26.967440174969372,32.9861969412051,Panen,4.300430962207031,141.98,0.0
27.581156617826466,30.46176691350063,17.770533186654163,Vegetatif,6.873464709241407,680.55,0.76
10.805072190413867,27.495760693861616,7.304879222658495,Semai,2.0150526490537803,655.14,0.85
50.64646193788634,25.765436209756608,48.19363028228805,Panen,5.56951850128533,107.4,0.16
68.1169257122896,35.935535022068784,0.6993180936574861,Panen,5.681410822112783,504.94,0.52
37.97242724294672,34.80519872929692,34.069378530657175,Vegetatif,5.203058558231812,535.14,0.32
69.91166396294294,31.620149249916956,44.006873572266365,Vegetatif,5.780290921516697,252.13,0.07
45.07234672968066,34.69851448708735,1.25802449431211,Vegetatif,3.0033611421396214,762.47,0.67
23.737169384538834,35.22555285009383,36.258743204525054,Panen,6.108688890814254,442.21,0.43
17.244671503916393,32.11329950239003,49.941888062736744,Generatif,4.014733777019991,459.95,0.45
66.8469731925878,30.224157344295698,31.98212342866747,Panen,4.7123224554555065,198.09,0.08
40.85718300823022,34.58402150657613,20.733947392169938,Semai,3.9986561839776122,446.83,0.7
83.02190143390162,30.813563962954916,43.7200359678141,Generatif,4.843617220996912,189.83,0.0
53.22040468591598,25.52160651424649,27.708962321131413,Generatif,5.729415359070487,428.18,0.14
37.874593457656204,28.40227200549007,37.472042339497,Vegetatif,7.030060825373306,425.97,0.27
37.919274159177846,29.351051420824525,29.388949590925247,Panen,4.900610345841326,355.58,0.28
20.51502915621193,35.22442819362715,1.9145546243974632,Semai,3.9393429656216195,732.72,0.85
57.50313228713253,31.91022566766987,10.657249410267378,Panen,4.927651273552306,435.69,0.56
56.57337083282577,34.503330753550685,3.93817869933748,Vegetatif,6.132821984423093,669.97,0.59
73.99949535491947,33.091100410079235,5.334388119161149,Panen,4.080204300354774,423.65,0.46
26.095756997366088,27.718330638272196,0.7702746794035986,Semai,4.485692448340437,635.59,0.75
33.26317139806619,32.6245079167702,21.058248950707647,Vegetatif,5.377038902052418,626.6,0.74
17.779037527646537,26.343596831086494,8.932581587708254,Panen,3.7640555829641,582.2,0.8
33.62737618151254,28.897749740609612,42.78482602469859,Semai,3.2545079572666507,300.65,0.31
44.24816926035206,33.67310228587118,37.50187687703302,Semai,2.8423537031795716,326.76,0.27
87.1222724763187,31.34314994298274,28.6588497407748,Vegetatif,4.115659898756446,294.03,0.0
62.24528022999307,33.90495007143138,24.45106726751977,Vegetatif,2.2900574386283425,483.09,0.55
72.62991438233564,27.056442988200615,12.79343202879879,Generatif,5.500895160257009,450.18,0.42
36.04079081763921,32.99698598912754,23.747573293749273,Generatif,3.0554561959851467,614.89,0.72
21.56102502464772,26.427892337302037,32.06146379322054,Semai,4.264368753980257,391.44,0.37
30.537595353066386,30.54365006877609,39.111443009638776,Vegetatif,3.6153368923902356,484.43,0.34
30.517415279945688,29.202415133453176,4.0841033129796696,Vegetatif,5.782339798050496,761.32,0.73
56.649226263474176,30.67771029324968,35.4232344372775,Panen,7.102073968801198,254.68,0.16
37.317690596402294,25.62640108833927,37.13649383806427,Panen,5.79980625793007,280.0,0.25
78.5919091466623,28.33473450615614,27.948610046242823,Panen,5.255029572040363,179.14,0.0
89.08356153891984,32.002845970394084,10.715959785160061,Panen,6.014502435932252,285.76,0.34
37.46387242107588,30.702369528972326,26.95922937505875,Generatif,2.179943826561199,547.8,0.29
66.40482189496086,30.587637106941834,25.135244090765518,Panen,2.7370679657727184,253.39,0.09
62.598926553629504,30.129961345575055,23.78550481933981,Vegetatif,2.5695634158262655,448.74,0.51
25.556999018582516,35.326618920466544,23.031995773359203,Semai,2.5891829944927043,545.02,0.82
83.44068758565072,35.21483637527681,5.541278314575987,Semai,3.562902291179288,387.61,0.41
25.9554069750721,28.32173967357953,9.144624242868238,Semai,5.192313562299232,572.52,0.75
68.9565705335759,28.222740139010458,4.866604422567117,Generatif,2.688089471940483,560.95,0.45
37.80877138194499,30.658781478876733,12.123891383399222,Semai,7.610697447136336,526.87,0.69
39.3665253607177,25.147275409670492,13.17383913653365,Generatif,7.125540815926493,612.38,0.63
46.43592423111683,27.63608040921019,12.25379307465227,Generatif,7.829866122997892,586.62,0.61
79.16063824441116,26.770410789614072,10.54645340928017,Semai,2.2550002705309433,280.45,0.37
21.22015532089697,26.68067602003714,36.771102274239446,Generatif,7.108414682535898,528.57,0.37
14.365566226780313,31.662066310743214,40.9282699799059,Panen,6.822404452648937,416.89,0.46
42.163265513102516,28.612204012129794,16.355460828628495,Panen,7.412635187614763,438.77,0.64
14.446807931367047,26.053972497099675,15.256444584222445,Panen,5.1676650059588525,561.26,0.82
65.00807064459524,34.65086213985312,42.2016174876254,Generatif,6.727334424654041,333.74,0.13
70.82600600217705,34.48978425525353,31.196195083289552,Panen,2.3077212760559145,251.23,0.09
78.37699158026071,34.34955508238682,14.671916239452877,Semai,2.455266736903933,332.63,0.44
69.50737963868775,28.688939307093513,35.68061462932911,Semai,2.7111934456975293,161.81,0.05
83.30811149541434,24.68378944212543,17.229640511658367,Generatif,7.488733179789248,347.13,0.32
69.86408981785777,25.280904214733233,29.327780717108652,Generatif,2.367016096330693,310.08,0.02
84.88605119027213,27.31257695725559,49.631701499390076,Panen,2.6008971601946653,0.0,0.0
25.44886353674905,26.639640049303857,15.079718760801663,Vegetatif,7.582462415777162,664.01,0.74
49.989050629418415,34.487827441786024,46.526300035416654,Semai,2.644355490993669,209.35,0.24
89.5144479763927,35.83629816467111,16.03262071423491,Vegetatif,7.218537792352243,427.39,0.37
64.52625460341724,33.800083947981626,27.01433521874117,Panen,6.735624728373718,314.39,0.13
80.29128943914058,32.75818683299026,22.999189479951998,Generatif,2.2416919311929258,391.82,0.41
12.431503506628419,31.06348967912777,39.157978117196805,Panen,2.13108438133778,427.55,0.47
79.74063188547498,33.238899590158475,3.0546349740997405,Vegetatif,5.206330301081559,578.41,0.42
65.81705876576781,35.36439974630869,31.356115203433195,Panen,7.983052422600604,264.4,0.13
23.660434719016852,31.216136038884972,38.03334721744115,Generatif,7.2729809605939195,529.97,0.39
12.054476513887726,25.855358928238008,23.607242569105964,Vegetatif,3.860152600227708,671.72,0.83
30.79412625005223,25.966299807224637,5.264630326890268,Panen,4.317855404692421,570.19,0.7
83.26186871942161,31.006353637543036,12.240250674240654,Generatif,4.327435977428607,444.53,0.38
63.450635096022914,28.001622477417694,33.98361850504318,Panen,6.405072895430089,199.21,0.09
83.55752834266595,34.92296850293963,44.77186927501576,Panen,4.046796515974301,76.27,0.01
45.692062599540755,31.339708006031668,21.080430350024432,Generatif,2.8867823682515645,554.43,0.64
84.93016761881928,32.117911361080324,28.02060175391296,Generatif,6.482644451501303,298.39,0.0
47.03678523560045,24.06984852121083,11.419251836343102,Panen,4.748093709470628,408.49,0.57
26.340377953466756,29.98618262475148,20.610665701843573,Semai,2.460672342118802,514.12,0.77
22.111477134755788,29.17397665666694,16.839490388524574,Panen,6.740313610952365,542.18,0.79
89.50494504280354,32.470462281210395,32.776277398576184,Generatif,5.511867583701376,269.57,0.0
36.70901291796567,28.591663924000386,49.23494758375555,Semai,4.936215951612706,210.34,0.28
22.804242025407014,35.71890038264595,40.66517259928431,Generatif,6.0400590028836785,550.91,0.44
10.672674471260173,32.04243817867682,9.608229246309257,Panen,5.032206096922198,686.13,0.89
32.845565322369794,31.919019997711075,28.883929665338343,Vegetatif,5.890520887930995,577.48,0.34
81.12929148820312,35.03209373709579,3.3205857474200795,Generatif,7.20493127219193,560.24,0.42
52.720745654184135,35.94245800678015,12.345774342131776,Generatif,5.681086208666752,643.43,0.63
60.5948041219964,26.37384827114536,8.61088380301952,Vegetatif,5.957602987125649,545.79,0.5
83.79128831124264,33.726397718576735,16.777276881973147,Generatif,5.683136416524048,434.82,0.39
51.027193448562336,25.94783394386433,33.940698452210675,Generatif,5.187078665799779,393.29,0.16
77.06238766820917,29.484521436650518,24.969665845841337,Generatif,3.031834465852829,363.61,0.41
35.90666224610829,25.20222485198964,46.64546299146088,Vegetatif,4.014065861353193,339.77,0.26
88.16814902729759,31.48045174160598,10.637441992425433,Panen,6.1586538041487335,284.09,0.35
16.30510988099619,29.6222179608609,18.21045731269701,Generatif,4.552856640210663,719.22,0.83
67.98636204106117,31.54438737990858,16.492628839623475,Semai,4.4367740714661394,356.96,0.49
62.84530294082355,32.135529031384955,11.798181297996496,Panen,6.555615704783348,408.01,0.53
25.333720468065355,31.433187000374858,49.65853845631223,Panen,2.0334131637419675,273.07,0.38
41.107519907722875,27.52834947128848,19.361277272152723,Semai,6.073966881472031,419.26,0.64
35.026329342160516,34.04350988692403,47.02544902497992,Semai,4.935359062940092,281.54,0.34
17.55942946659963,30.620234392501487,19.523673692649474,Semai,4.260575487478112,549.36,0.83
56.7830418360673,29.878214078601637,10.204583937033046,Vegetatif,4.043219669441537,583.42,0.55
89.49358764521324,35.844765650818495,5.960316534135557,Generatif,3.037252971891017,523.03,0.37
54.76705128427114,27.402094880477723,42.77815965877526,Panen,4.005512496491619,152.22,0.14
53.62079255034896,30.336363658742076,1.604882024253912,Semai,4.348510832662237,527.39,0.58
13.225096588363865,32.1878949432959,48.21972941696407,Generatif,4.6246935165490095,526.81,0.48
21.137617869095237,25.502711195198803,20.90956058927742,Generatif,6.033803832065165,639.98,0.76
51.05752712818088,28.250876689758424,12.368717554217856,Vegetatif,4.72142611653803,570.95,0.58
88.81428513472571,33.62026459196791,30.872306610768124,Panen,6.777705825340104,133.94,0.0
80.1286188369487,26.84109881519796,6.645649591809316,Generatif,5.838427984270247,454.76,0.36
37.2167297098534,29.91948437884328,3.6072786783177877,Semai,3.137582476964536,592.16,0.69
53.440340338250195,31.567567271795653,41.38916759547835,Semai,3.663039036623081,224.03,0.19
54.21617778033094,32.0539482396912,21.23353873126634,Vegetatif,2.475495118648313,520.02,0.59
64.82884902097466,32.73972530457391,25.9127456052266,Semai,7.674330529539933,317.28,0.12
65.0225632991311,34.391727804515334,8.834800443753243,Semai,7.319302887375599,437.36,0.53
73.1833990708779,28.71431331640365,3.0712122263471144,Vegetatif,2.5087773527056227,556.65,0.43
11.997681987174591,32.47958311156627,18.388806632592335,Vegetatif,5.44445609508476,782.89,0.89
85.49441525099566,32.78609577324302,25.307312619004467,Semai,7.762410913164912,199.03,0.0
15.604963679139727,27.603289561523884,38.271531093901395,Panen,6.482856739676934,384.14,0.42
48.09280891815519,35.617895402539695,25.05260001177317,Panen,4.950873163824036,407.82,0.26
83.56634210872342,34.38263008226474,39.125350884295145,Vegetatif,3.446617933439809,260.37,0.0
49.01350633848638,27.478335944394768,5.771638983715693,Panen,3.6742224504877736,494.35,0.59
15.090946738649347,32.10082412024385,3.198138602197581,Panen,6.417427728028164,707.97,0.86
28.339201584955134,32.613607613511526,7.943048207172581,Panen,6.68345163946308,602.51,0.77
56.293340429473815,29.177803635304553,38.60060634443643,Vegetatif,5.172159946108596,355.13,0.15
17.028929431917526,34.3649194312916,37.96651154193507,Panen,2.7256922091002287,460.59,0.47
43.89423448138372,32.28275224210847,7.068390225532073,Semai,7.603210241759568,566.49,0.66
36.32746129531239,31.89785622183262,1.5494329125339878,Semai,7.06857640740041,611.12,0.71
75.21661022593916,26.65008446741662,34.26409681060826,Vegetatif,2.843232674164537,264.96,0.0
18.81055506683594,28.89410773619499,42.76408916214887,Panen,2.340365501773113,364.39,0.41
64.62387601270291,29.2070698695882,37.70538477550911,Generatif,5.2152060964984015,318.52,0.09
42.52712567007273,32.80393315894825,10.13994903075391,Generatif,3.704855706377156,682.33,0.68
57.020054437786285,31.42073454309063,29.18839486126678,Semai,3.6994982564874075,303.5,0.16
26.442541753643578,25.030327087515204,37.86828603127706,Semai,2.5233295565024703,309.15,0.32
58.776294780930044,27.69237542264688,12.791435227351977,Generatif,7.720315011628324,539.22,0.52
63.91821819328902,29.676570053538548,26.38604006847265,Vegetatif,6.9809987579590675,403.55,0.1
15.618525172886226,32.84079535028391,15.723020198688515,Panen,2.6830075512555007,609.34,0.86
75.94754140663495,32.92282956095609,11.278770866351056,Generatif,7.259592605904981,506.52,0.44
78.90032903105931,29.88651970285964,48.47946633854263,Panen,6.097736335778822,0.0,0.0
15.084324454623577,25.40318858712813,45.629098019346316,Generatif,3.9526467909716523,464.42,0.41
58.25499904778286,27.51484084047407,22.283386547574352,Semai,7.22750332649079,288.28,0.52
57.52091975777816,27.056308586964832,6.83890305319882,Panen,5.58813312669175,431.07,0.52
10.996672949475466,33.37231692369889,36.395365166032434,Vegetatif,7.0920190660063165,639.43,0.5
37.38771311647611,26.159835768067843,12.785056506411014,Panen,4.8156075469235144,471.7,0.66
87.51406261709981,29.579054668742305,8.425890291904725,Panen,5.003906240970965,295.18,0.33
54.436060181499435,32.04862564217268,19.076450886909228,Generatif,3.7460601764657366,547.74,0.59
84.65694421932041,35.57743383540044,26.492490458336952,Vegetatif,4.32615615166825,367.62,0.0
64.05157087019072,35.99088696269328,4.872016491020731,Semai,5.406512414769328,518.98,0.55
12.271241457862114,35.43506572266527,28.587323652426328,Panen,7.682355342251704,568.23,0.51
16.217055843871364,32.61890814304242,0.767418738131076,Panen,5.600706559808809,746.68,0.86
67.77431642939383,32.957289996265104,44.593453029654334,Generatif,2.8842691506823614,294.68,0.1
54.365423229521554,33.11052117130821,46.03708446394333,Semai,2.0419771128589206,197.66,0.2
20.172133167990054,34.35125851855548,36.65353867559257,Generatif,7.10592713305208,620.05,0.45
59.125014268289306,35.421425554226495,23.327470428708878,Vegetatif,4.185952540196919,523.63,0.58
74.8229888454557,29.34847373424393,12.74481352816556,Semai,3.889795637838997,317.34,0.42
70.23859441060895,28.998130536505524,37.205604535569826,Vegetatif,6.8043867376542915,284.65,0.05
29.69299680256536,29.52557354854357,46.58986009760318,Generatif,7.672185794539013,421.51,0.34
30.655597332483513,31.91780605747913,7.926685244871978,Semai,6.4882705301117385,595.17,0.75
87.4270244081691,33.305344755333174,23.2910994648849,Vegetatif,3.043083877468594,366.36,0.37
80.9923841722173,34.44653269081595,15.763081801796408,Vegetatif,4.348269761546254,454.28,0.42
35.46698515446976,29.474529051391265,17.837089452295494,Generatif,6.556391314608444,625.45,0.7
75.92435917352067,28.360471514161553,20.287889066146626,Semai,7.44155488802344,247.28,0.4
22.939082378603636,35.800231376426716,47.58981721856692,Vegetatif,7.9916003836979606,514.09,0.44
25.747288106125154,26.782651452086714,12.931858393404683,Panen,5.069365442829115,526.68,0.74
24.495684307627627,26.664058023029728,24.63379195467533,Semai,6.935148910051699,454.08,0.75
17.017662001081213,32.584889457917946,47.57437358308952,Semai,2.2797898566643044,359.31,0.45
78.37424929290843,26.155887547231707,23.802844510915865,Panen,3.714948498529808,150.54,0.37
56.304551856366025,28.792907996953467,43.17997609607267,Semai,4.2290804200849355,151.13,0.15
30.71648739951509,27.508641867771022,2.9382387162640464,Semai,7.853143071691364,612.01,0.71
77.89240261820753,26.024525481083383,47.6515209231618,Panen,2.0203618892891635,4.41,0.0
74.21174075142562,30.956486869174725,9.376557351302544,Generatif,3.8481244265755583,518.75,0.44
18.076121450220448,28.482137889055547,48.99675173656421,Vegetatif,7.582473557677423,460.31,0.41
61.53114989879775,29.54681007418135,8.778843262927422,Panen,3.840069410264068,409.8,0.52
67.74668812206164,26.350356057906193,22.21829738974871,Semai,3.350400594887461,244.42,0.45
67.26618695887711,33.21440163206108,15.430724578627226,Vegetatif,6.380531068615901,534.72,0.51
67.85141662831501,27.776545001408948,21.661571054752205,Vegetatif,6.472033357999192,419.47,0.46
23.556622851922988,28.112618148322788,12.526236996276275,Vegetatif,4.833067295885051,713.78,0.77
35.20691634150155,27.02584754520135,48.26587062138209,Generatif,7.68150481919254,356.23,0.28
77.534280680357,29.212842865428406,15.286249203654585,Semai,3.2162424772510514,293.91,0.4
81.87134001820397,29.562919526864064,32.66374560321115,Semai,7.480495003877585,136.18,0.0
32.335110925189625,30.35600299595418,6.872374479939425,Vegetatif,6.533048459151774,743.4,0.73
11.841561294220195,35.61081938378328,41.21937424249419,Vegetatif,4.209250045124285,617.81,0.51
78.78135577328865,34.85630169654844,27.12539717547567,Generatif,6.8414517183402435,384.09,0.04
40.16734702600661,31.312711571844645,48.97230622656579,Generatif,2.799213058482523,377.44,0.28
36.35708447679491,24.46684161315717,21.170110841671757,Vegetatif,2.785894959159364,532.5,0.65
37.75997437509005,31.347124090520815,9.77239374883302,Semai,7.579623219484436,537.55,0.7
43.25571391741132,25.076023281169395,17.300949972049178,Panen,2.5686830470724704,381.56,0.61
40.26132973239369,32.524130862224965,36.84828030467472,Generatif,2.024477641096428,491.5,0.29
55.31447193068483,28.680931758971166,32.9553260497938,Semai,4.334182949509412,239.39,0.15
16.315222279855213,34.05235789882222,38.917370380886254,Generatif,2.6231058465927664,601.65,0.47
87.72321554468121,35.31035094318157,3.6735146102104546,Semai,7.178218959465506,383.84,0.38
84.9160827577729,29.00532409758731,29.018438767239324,Vegetatif,7.536161080657598,312.3,0.0
84.75253172923993,29.526663545684954,46.608433851815235,Generatif,4.894558186138476,153.06,0.0
80.34220992655308,31.081770972154203,5.395095974078867,Panen,4.552829198060222,347.32,0.4
62.82610417453838,26.365592662296606,4.716762945648945,Vegetatif,5.234235661664552,573.55,0.48
27.68868501987459,35.12799408994034,35.8302182259757,Generatif,3.357167749069917,572.32,0.4
13.958678971709784,29.195999118016474,15.759122792210094,Vegetatif,3.787795168522016,744.08,0.85
17.94568518254133,26.00184403099209,32.92896051804534,Panen,2.6058630229040287,400.13,0.39
35.919400037248444,33.15278200102661,27.269225652518,Generatif,4.67870054666818,585.73,0.32
50.31064203966284,26.62981646932782,49.30333291699528,Generatif,5.670149735201956,272.14,0.17
89.46024569478352,25.72235130086226,44.4528208477437,Generatif,7.581342406349612,97.84,0.0
44.83547934356793,30.754464905928085,33.90363907808558,Semai,6.434439023760549,307.06,0.24
51.97168723931014,32.05794306349909,13.083731305157526,Semai,6.3383824013191195,457.06,0.6
65.61257977504644,30.834752887978993,13.095408107523475,Generatif,3.847993772564613,502.09,0.5
24.458717635823703,31.878127787368356,44.112190028447294,Vegetatif,7.329759785060267,479.18,0.39
84.62616012498046,25.386288147692934,29.26705326376965,Vegetatif,7.681734180079986,263.3,0.0
52.32276846741874,29.71221645460929,39.464089102605115,Generatif,7.593577619252223,373.07,0.18
32.10050764814149,28.284223729062496,22.493210326841506,Panen,2.2328181591463103,437.14,0.71
84.80871890710723,35.68042339488146,5.1536818325763285,Panen,5.626103817824129,374.57,0.4
60.03604948471601,24.59548721015361,16.634322911981304,Panen,5.85935063435177,312.14,0.48
48.69517849993684,27.579530436719075,8.057459714418158,Semai,3.770390961299021,477.71,0.59
56.412472796861934,35.302346329100665,39.091640821275114,Semai,7.954473098947579,284.62,0.2
69.86417751241814,35.80195419821195,35.02559948285451,Semai,3.747124752911353,247.41,0.11
22.363040295436267,33.898819292725605,4.420646119402033,Semai,3.2996699490863346,682.94,0.83
79.18643445625803,24.911978928196913,31.069269938093854,Vegetatif,4.904873902659151,249.68,0.0
86.76054482385703,30.736260340122485,43.70677534973977,Generatif,3.938884278622061,159.19,0.0
55.35997214000596,28.801475912045603,34.86821476999833,Generatif,7.544176759219665,373.85,0.15
64.58166774380786,33.677430812344824,25.55559564922107,Generatif,4.640460387888637,457.29,0.13
78.78667846769926,24.660290826856,15.593164246944363,Vegetatif,4.4608973280355,374.25,0.35
39.98485051332004,26.365545019736427,44.35483747929478,Panen,5.755172780651001,229.44,0.24
89.42654359059188,29.870340794671552,21.140244107050993,Panen,2.48668802750674,169.3,0.32
64.4401095445518,25.891771955373923,42.76967901168927,Semai,6.540397680899131,94.11,0.06
43.91989586863857,32.31258171233158,39.149991910909854,Semai,6.610392930829228,269.69,0.26
64.18703800013017,33.849206653677584,40.811348264042984,Vegetatif,4.844155008366006,344.37,0.13
51.73440260107491,32.454238723531724,49.48987600808231,Vegetatif,7.734187646002569,306.53,0.21
18.931325723069214,29.283404563679788,37.437925793648226,Panen,5.476034664774486,409.7,0.41
73.66922438154548,34.54065199503175,1.7020467859324206,Generatif,6.171418725469945,610.53,0.47
55.15004642023457,25.6522335806393,10.271696749037245,Generatif,7.546069733018608,534.58,0.53
73.6676446299111,27.124063006788106,1.7597575162582257,Vegetatif,5.998072060548754,517.8,0.41
22.392955229397266,29.87447622302764,9.495678497084532,Vegetatif,4.590956046353282,751.03,0.79
53.06857254406205,24.736063186551025,3.0719755343056656,Vegetatif,2.14862705379889,609.84,0.53
71.32994177703303,25.14822937879857,25.080852059312647,Semai,6.369795893790856,198.4,0.01
89.06436540726386,28.769320460668467,1.4103106566538903,Generatif,7.7891960696062705,476.1,0.32
80.7517821108207,35.32663556081465,23.628954980762973,Vegetatif,4.8214107412159635,419.73,0.43
79.14797016485115,34.900964319324004,44.9420453560006,Vegetatif,4.038611826729585,232.38,0.04
29.796811051711842,29.591698299340933,37.42880062874047,Semai,5.1155565584826705,318.23,0.34
77.03876813672379,25.70590253412876,47.1977961825878,Vegetatif,6.370623234107955,147.11,0.0
23.542502203437046,26.137291871501226,11.332338687826022,Generatif,2.0041428468922957,715.9,0.75
25.84861316387468,28.530552655309528,26.554290820264686,Semai,7.323270336391121,456.62,0.36
18.809339499477762,26.520890341041376,15.92897265829194,Vegetatif,7.318177158069931,680.73,0.79
78.60772245710297,24.995707132684533,24.6909897846017,Generatif,5.247787601652253,303.94,0.36
18.660359716105496,32.08532980223997,27.853791479214422,Generatif,2.7342725970536477,661.96,0.44
21.048918379600803,30.977383653512337,1.8093065237932582,Semai,6.0308347676817275,683.78,0.81
29.670972006590866,27.49556109573702,11.662806760749156,Generatif,2.82707397777988,684.35,0.72
55.812992729651285,33.34738059062765,35.23863896219987,Semai,5.045282908596084,265.34,0.19
80.41441482403225,33.31138665247001,38.646401227014984,Generatif,2.561779831886702,260.98,0.01
43.45825242044545,29.89202364255314,28.47256837437516,Vegetatif,5.534392029785008,494.88,0.24
53.70287593534282,25.158390666142726,13.541451397433836,Semai,3.908415950707924,384.3,0.53
23.31915199658024,35.02163280121629,20.254205836137,Generatif,6.9859484884250165,721.72,0.83
31.27566847182333,32.02392628249166,4.801840594069229,Semai,6.799676757250489,638.17,0.75
20.714060998861996,26.96460982982341,47.658980839629585,Generatif,7.990843252846646,440.01,0.38
42.79350758936718,31.32545456441072,43.43387356051441,Semai,3.5450190482261887,267.88,0.26
57.22685269425539,28.860257949931565,3.280117345373168,Vegetatif,2.370806556677482,634.41,0.54
32.721562402676334,31.624195676831494,8.324533282916525,Semai,4.658019590893069,593.63,0.73
77.67966844598341,29.686450748772252,29.054722059437676,Semai,2.500420009799425,174.82,0.0
88.49906808053075,29.825665802876802,11.621503706460794,Vegetatif,3.070998290394579,442.88,0.33
19.61238818516648,32.830585102888314,46.720034900706416,Generatif,5.583800848169314,507.61,0.44
11.428804481225932,31.36470895276771,37.77952904355373,Panen,5.552785108065791,434.53,0.48
73.1821525915827,24.959432294930707,13.66457564555414,Vegetatif,2.259964866378142,427.05,0.4
25.25141422426759,24.784482845355644,0.3050705595238068,Semai,4.657428508509672,609.32,0.73
38.25172741286872,27.660110849960702,39.972369560148735,Vegetatif,5.18131215720345,425.73,0.26
41.538497462064825,29.162951958464955,21.204485480053282,Vegetatif,3.60814542691992,571.56,0.65
83.32795111207557,27.302670710151432,32.11888559288885,Semai,7.232259091252964,97.52,0.0
62.70705726129296,31.817518296839015,14.348741271064874,Semai,2.9665918858785316,380.97,0.53
13.248759224231259,26.341295180707462,7.143662967908549,Panen,3.523410830037286,641.48,0.83
11.184819257132368,32.44969315675404,33.765579589287285,Vegetatif,2.941966490196518,642.04,0.49
25.96544780242241,33.27780890266716,22.516229407332954,Semai,2.6992798032233485,530.7,0.8
35.45375526981691,25.49183169114781,11.758485053499045,Generatif,7.273875104042755,639.14,0.66
48.76190672692792,31.809674920355857,6.88139997831016,Generatif,3.667154990419891,698.6,0.62
77.02715298470844,35.537231710801365,29.023979722081673,Generatif,6.335144116807138,383.59,0.06
35.185420482780756,26.313885807160162,36.27749701037872,Generatif,4.567894158351499,443.96,0.27
40.122977541732425,34.911633973393855,14.194348106155763,Vegetatif,5.815240884403501,683.4,0.71
36.34703440077261,31.2725753912882,36.7571267673562,Vegetatif,7.569057177033256,485.82,0.31
10.717226882632449,31.091338407980544,9.156109936638595,Panen,7.067647202259496,694.35,0.88
86.41612312944959,24.623072187850404,16.920784554755464,Vegetatif,2.413918354521427,326.02,0.3
21.119670730917903,32.97960334063678,37.24411433999777,Semai,7.071215211675306,445.97,0.43
33.01339825625976,29.739276631776697,33.007175982353964,Panen,4.710941091684182,374.09,0.32
20.344264167715345,32.65409270202161,13.526181345195626,Vegetatif,4.1008743612793115,761.75,0.83
49.24345249253781,33.71017324135927,6.106750077346657,Vegetatif,6.034327552769771,684.62,0.64
84.57328919539992,30.285556480467342,2.123671247362097,Semai,7.701247238595489,373.41,0.36
18.056057410038903,27.16373175933977,41.895758995964286,Semai,2.5648129855288246,346.48,0.4
45.27175388707968,25.69886989671376,3.757097478393001,Semai,6.608462181501435,500.66,0.6
11.789987661726276,25.92603753518897,5.74225761031939,Generatif,3.2210481845477323,798.39,0.83
71.67185771089186,34.403215847349585,11.885531513766685,Vegetatif,4.280816736961993,539.97,0.48
61.298091484353996,25.482937147564662,22.283485211992392,Vegetatif,7.242938097579499,413.68,0.48
65.97589309657201,28.61632887655882,39.4893540118248,Vegetatif,5.274795104074037,303.99,0.08
47.78690887165862,28.011295755468367,12.374016297055302,Panen,2.404739887702558,449.36,0.6
82.61064236451246,34.38546800086765,27.175412417987594,Panen,5.04829130082043,211.65,0.01
42.76459606980876,29.7323220083315,4.518626102502155,Panen,6.737851409848545,545.46,0.65
51.12680598296616,35.95735700817765,23.22555025682624,Panen,5.1732835265935595,419.06,0.64
65.62313778165034,32.84465695563774,8.881949668865413,Panen,3.0013354338743135,429.22,0.51
51.6448512876368,34.21108290485142,10.559577944528254,Semai,4.670246450345191,489.84,0.62
25.146851833306236,25.1840671923201,18.34142170544647,Panen,7.546072208237896,460.37,0.73
35.36564944359296,27.03722706317875,38.06738493504287,Vegetatif,5.9492239405646785,431.03,0.28
17.383557451104423,25.62535434686194,37.19932149501173,Generatif,6.379319039051536,520.46,0.39
44.609079777383826,29.563463668806715,20.748648824266002,Vegetatif,6.715619044696702,549.22,0.63
58.751367446906244,32.61944985794292,5.9335577096204295,Vegetatif,2.544160545160009,643.16,0.56
19.482395541531254,26.028762818436,14.034581001197315,Semai,5.489219355619783,548.31,0.78
60.446969717610315,25.562022534836867,25.26778882650691,Generatif,4.255491159111848,419.98,0.09
81.42977118016874,31.375304985365283,43.47058893475616,Vegetatif,2.834954982032583,203.22,0.0
37.01789863884157,26.76375304516109,48.41273074066652,Semai,3.2162573498241427,196.65,0.26
27.762647697505585,29.75190086104489,31.873546751195676,Generatif,6.686962842348406,550.83,0.35
81.44048510735225,24.613412732732613,17.534324524870065,Generatif,2.9689346317386365,353.05,0.34
65.3556188718039,32.167353744809574,34.67267268471893,Semai,3.874511643330316,228.17,0.11
18.431589444524306,30.495796579704646,16.811506791029927,Panen,3.709240029578489,584.39,0.83
42.648956164938596,31.769074787503595,31.273672670830322,Semai,2.291782183487406,333.95,0.27
63.9271679803639,27.304876560716952,12.18832858478383,Semai,4.772950695436151,360.9,0.48
55.95070999803638,27.343235704338372,13.349435061568899,Panen,6.595579053015252,376.77,0.54
59.483769547989844,33.6163263970891,3.7612794520561543,Semai,2.132915796493398,505.56,0.56
55.37081391791409,32.62274775581791,21.007057610658748,Semai,2.6753087028793767,388.21,0.58
73.84490922439122,30.956743814383376,30.90872600478339,Semai,6.321120077585407,181.88,0.04
35.634156543758294,31.537721709384968,39.43974719053106,Vegetatif,5.561485944037481,483.25,0.31
66.67698783194905,25.128530154013266,40.51742724188468,Semai,6.291485684292092,90.23,0.04
89.28635539954274,34.27405565341505,49.62222247535819,Semai,3.3806237292628314,21.04,0.0
41.19670862249443,33.23888439613995,4.387786291848094,Generatif,6.822612699784429,741.99,0.69
73.28386516438344,31.085898405881373,24.65683842229144,Generatif,4.87922636066166,414.24,0.45
29.688738970893684,35.023141573210886,26.068728770120668,Generatif,5.661811845073142,655.21,0.38
32.551736982723945,26.0236548923928,40.22667131889462,Semai,2.5529205032050175,269.55,0.29
84.78910993468345,32.23988863241,13.317925779442351,Panen,3.230189500158928,278.89,0.38
12.075068499895103,35.555781331825926,3.4686159969733508,Semai,6.640147289661849,768.57,0.91
27.39418758886634,27.72010757483905,15.687940513420983,Vegetatif,3.343450647132671,658.9,0.74
48.63365582496024,24.183507768810113,49.196391453213046,Vegetatif,2.5551789651287518,270.89,0.16
42.147809736334914,32.8184096036296,44.972059891229314,Vegetatif,5.583219693512602,405.2,0.28
60.3335784988025,24.083763893473524,19.76234804733258,Vegetatif,5.2876190969703964,428.07,0.48
25.417764028830554,34.470403790186005,43.81359993725303,Semai,5.647363573899758,353.15,0.41
15.643760349482507,24.675615025242838,1.6377242058329355,Generatif,5.7098329781785475,809.63,0.8
39.54667182438057,31.83317675846253,15.710203873210027,Semai,5.001184075187022,483.17,0.69
51.94841937153448,28.526209733077806,36.34059239937722,Semai,4.962643523411934,239.22,0.17
54.960146966792905,26.440087844600793,11.072612550841948,Semai,7.544993391736774,406.82,0.54
58.11948188339734,34.77910079824595,9.919547574365334,Semai,5.203290349278442,470.34,0.58
53.8929596609244,32.954950223122346,43.09037729821867,Panen,5.7038012144831525,224.93,0.2
29.66015767769501,28.08528679371912,30.79769805383719,Generatif,3.6018163516324675,533.42,0.33
71.16397887752015,27.4098371142867,49.45113591560179,Generatif,7.226559204813147,157.96,0.03
17.022420939151885,32.83214752993367,6.733483813957425,Vegetatif,2.146208555954979,854.79,0.85
25.86831036417464,34.03884915127597,17.80642036165733,Semai,5.343360573786647,559.36,0.8
69.15024072152913,32.59020557154972,15.560668590184223,Vegetatif,4.303101771188652,510.74,0.49
32.37809072842013,31.679870700428896,44.00661188594548,Generatif,5.623425173362861,457.11,0.34
49.47787532875242,26.735096702263785,12.764826002150532,Generatif,4.161032298628281,571.73,0.58
36.17581926844471,34.233647799317666,17.6730498837085,Vegetatif,6.306127470305881,673.79,0.73
50.55849692928025,32.9959438015005,7.141693783771375,Generatif,2.1219886578405847,660.33,0.62
37.7324639957892,30.207291477196975,38.770049132459356,Generatif,4.435336632614858,470.16,0.29
89.53663919248403,30.139053147201366,11.885164197942643,Panen,6.987581598454482,268.19,0.32
38.59820714865173,30.830076333688154,3.416013611610974,Semai,3.501204306676615,592.73,0.69
60.16395339181163,33.93931673014395,21.755436634544832,Semai,2.316505270281932,351.2,0.56
81.0674574120702,32.90711458605069,19.572906198076733,Generatif,4.979144447391011,407.37,0.41
61.034799549180036,34.2749399273506,8.880460215268776,Generatif,7.85920076316074,623.11,0.56
55.268580408768685,30.08739325990467,6.679877994800776,Panen,2.38495136921082,451.06,0.56
55.53835638049666,31.495788708219088,44.82786066916304,Vegetatif,2.42033895649876,332.03,0.17
49.71685687387084,34.25486168275175,3.392224327561527,Panen,5.570699389680069,553.51,0.64
