air_humidity,leaf_temp,soil_ph,chlorophyll,light_lux,zone,pest_category
77.3366817852055,30.10381988287166,5.5477962485856205,55.49390011960969,6680.336385157939,Zone-A,Sehat
59.6017358309688,33.67335446396658,7.059237031223495,36.98297892880059,5265.534254176171,Zone-C,Sehat
71.34904374299595,24.18006519785982,6.0576864267274555,39.44015468133925,7235.358684317782,Zone-C,Sehat
88.84877751400765,30.147263487438238,7.941581504891879,54.75349112730265,9619.161392511613,Zone-B,Sehat
57.839067890441726,32.03958296788996,5.896757477852231,32.38224732893295,6229.889078362029,Zone-C,Sehat
50.86447398830817,25.53133469967426,5.02157886802358,39.77540341172214,8299.028828720797,Zone-D,Sehat
79.33978132986076,31.629799416795546,6.546919922059535,43.450503211225836,8024.327970527497,Zone-A,Sehat
52.407419363990826,32.12019877851108,5.452193252827813,35.61214845601713,9374.328834590922,Zone-C,Tungro
94.09731073576006,32.805443428213785,5.133483280455197,35.39742589832095,3712.1429379040496,Zone-C,Wereng
77.43291277094964,26.067477863747126,7.094807695843126,42.74586174040586,8618.615766279527,Zone-C,Sehat
71.16783587797875,30.86088567218802,7.19677784752537,52.63565174204567,9244.163028037496,Zone-B,Sehat
69.34966430109381,25.955292684326906,6.382097039349508,55.20698938642882,5142.103847580622,Zone-A,Sehat
75.7881796332619,31.60752503747992,7.030656550269732,59.3770527760852,4510.529556791746,Zone-A,Sehat
54.07809965240967,28.01865764689426,6.6147183447414015,32.21952150275157,9616.287277426301,Zone-C,Sehat
91.8508576468773,29.76807686885386,6.889403323165795,36.500466034379784,7021.0625771109435,Zone-C,Sehat
78.1538930848345,27.405919758597395,6.790111919563884,52.69889527152593,5045.411881931746,Zone-B,Sehat
58.2790323924909,24.105778050087714,6.9974682921667775,46.21796118166986,8334.621767453042,Zone-A,Sehat
75.31614741940983,24.314383884869727,5.5988919460195135,39.830393218872544,4435.79121292572,Zone-D,Layu_Fusarium
55.996542762485525,23.008395794407747,5.8061198601101,36.167689837417306,3411.2606885588966,Zone-C,Sehat
50.789872290124045,30.034944836381605,6.319889448523076,38.41432654927344,6351.7570863816445,Zone-D,Sehat
78.37326433462991,33.032299173389774,6.338384028257559,42.87866850902856,6529.696359284827,Zone-D,Sehat
79.18175038415575,22.270878741407053,7.323235134760713,35.31453658518098,8605.971858138704,Zone-A,Layu_Fusarium
76.2663462261537,22.861113527148596,6.102180977688596,58.92677867630252,5656.21884016344,Zone-D,Sehat
58.25674419620104,27.947070899937835,5.487515468177547,33.22765333799623,8516.692316042732,Zone-C,Layu_Fusarium
77.15434363226451,31.59036957018646,5.7543979114732275,59.567323034676576,4490.581434786707,Zone-C,Sehat
52.542992341603394,24.050199381255368,5.644200507152685,55.256798580020174,6602.945617422336,Zone-B,Sehat
77.4157260007365,25.53146715413952,7.194980057768066,42.69454852541217,3667.7822312057265,Zone-A,Sehat
74.93076585984285,25.016080616663494,6.411018843877946,52.1944900316463,5083.567607332771,Zone-A,Sehat
79.48646738775948,27.187665842725004,7.125892093912951,50.14545731089158,8860.317582662808,Zone-D,Sehat
90.29640225885773,24.924982801228424,6.24865904227288,36.39860753846793,3727.9055474860406,Zone-C,Blast
88.26611473577915,26.58378282108179,7.669206807511715,40.17210258356839,8481.915703194143,Zone-C,Sehat
94.12943862031425,31.471053782605274,7.9505609231682035,45.39367688416374,4262.973262779249,Zone-B,Sehat
93.93084648214588,29.94312022990446,7.009527526107835,49.135325396631806,2275.9177574356295,Zone-D,Sehat
84.75438620181887,23.055362170092007,7.591437671708657,46.286849440698646,2879.47656045477,Zone-C,Blast
93.03888299799776,30.290693661194332,6.523799801516188,44.189623830194215,7967.036362566305,Zone-A,Wereng
89.02777486501003,28.202003230269774,7.803862521061724,43.294568203647,4096.567412017186,Zone-B,Sehat
82.74121024527378,34.149352471192806,7.494759457018484,44.94793497885054,7233.164737930178,Zone-A,Sehat
53.392291458968984,25.76095612235269,7.975335715298117,43.03054559537911,7593.591222057865,Zone-B,Sehat
52.20724497214495,31.44016345608908,6.8692812059833415,46.23990232637148,4760.9477154774795,Zone-A,Sehat
87.69198053775966,31.50119069957941,7.337620220804686,56.63955897140001,5799.351897689122,Zone-D,Wereng
72.03451360422642,24.879510153119437,6.628604419934641,48.98487939163835,5230.136723646485,Zone-C,Sehat
86.65730079687144,33.74190712462217,5.7773603128142685,51.678626249656205,9578.791970836272,Zone-A,Wereng
64.08132217948487,28.38538160558484,6.064265513389273,47.9244940119233,4559.590898812699,Zone-D,Sehat
67.89424362453558,30.825483769560933,7.682016244193949,49.290530472420066,3466.584337799686,Zone-A,Sehat
81.50840244553694,23.89612226548556,5.167843839795862,47.350494853445404,4924.742743004626,Zone-D,Sehat
91.1897031619442,25.3514509208956,6.7744396582232245,30.805995665874697,7356.1256608160975,Zone-B,Blast
53.949266351549866,29.6193925331839,6.117452097512325,59.987951466000595,7578.901522891722,Zone-D,Sehat
88.76651650855729,26.147354488853544,6.160077614016667,31.0082772063869,9392.458522880055,Zone-A,Wereng
85.68557261957145,28.496007941422654,7.653713619241302,41.85444024700961,9054.035879006475,Zone-C,Sehat
64.19926718284346,26.86206759185276,7.56146712363868,33.153470348968,4306.564163338204,Zone-B,Tungro
65.98474763592019,30.327199356372624,6.796527126717406,32.90785351322798,5641.305991740772,Zone-B,Sehat
52.090766474985934,28.332889716150515,5.818756542213002,53.80580855023451,7978.151905467472,Zone-D,Sehat
50.70832750025231,22.059929167651187,6.426369038486072,42.77777338074231,9332.2982448162,Zone-A,Sehat
71.46527568609781,30.445850893289993,6.224880181367649,54.034161248962945,4697.320102855135,Zone-D,Sehat
54.299284047378976,27.487580241652363,6.060854087607486,38.18359412042494,5555.531473415967,Zone-B,Sehat
58.73008164868459,26.4420784263729,5.3083567356718895,37.69388375418704,9195.82616362887,Zone-C,Sehat
88.10452397869986,23.223907779681905,6.629341660145961,37.536941454433865,4867.870985267382,Zone-D,Blast
75.69627760627036,24.86480597736439,5.905493893623451,48.484368792237575,5844.103889533886,Zone-A,Sehat
78.5134596769751,24.909039790551095,6.9824238287825855,54.449981695368,9236.033129744632,Zone-D,Sehat
58.436569887436406,34.159803492261474,5.957611807476592,43.56783030225722,8417.945743918786,Zone-D,Sehat
87.28978120044889,27.622668671705107,6.293490479404405,41.37746671923247,3947.447400078422,Zone-D,Tungro
89.05908975978863,22.54685601379721,5.1570811225832225,59.207386626049484,4598.360523295467,Zone-C,Blast
73.54974171708696,23.804616869163173,7.9776142097164335,33.502621080349165,4823.669819674713,Zone-A,Layu_Fusarium
91.0650997345397,23.027424784527856,6.522831149825528,44.59898046134678,9301.90778744848,Zone-A,Blast
88.01728812295617,29.655302072693747,5.072712782492518,42.25463259544303,9991.469896836312,Zone-B,Sehat
82.9095879503497,24.42607939036875,6.623691976283432,32.943797897606714,8192.03441724352,Zone-B,Sehat
83.03341620621329,28.481249323663086,7.611061997916949,38.046010862646575,5874.610419948052,Zone-D,Layu_Fusarium
54.74270632778885,26.810806817309683,7.317656402798608,30.85323637737336,2081.390544539832,Zone-B,Sehat
62.18762169630496,32.45039290287459,7.102720052388362,56.30862866948871,7579.9044527836595,Zone-A,Sehat
53.008124891795426,26.16636528444971,5.418393963797104,48.235485869712036,5114.889315982277,Zone-D,Sehat
50.39065441518389,27.957451271158508,6.973211236962417,54.45055493610752,7063.891761828843,Zone-B,Sehat
57.12392891227596,31.376712131771736,7.298895134036781,45.6466335720897,6853.55170769943,Zone-C,Sehat
89.6219232191123,27.63356569009831,6.71725719189649,47.98529488265683,5846.656452595098,Zone-B,Sehat
60.794332656622316,32.31180196817146,7.678247013561055,51.02563433427495,9555.099181810583,Zone-C,Sehat
93.65692831662747,30.60189663107664,5.8309693453546565,57.240348823926446,2185.1707628427334,Zone-B,Sehat
76.87809498025428,27.33687848130731,5.726434099217752,32.752556634775374,7697.059875780706,Zone-A,Tungro
60.67663194356106,28.551765033922713,7.608709234827938,39.92845184207181,5278.718946396368,Zone-B,Sehat
72.37088615678957,34.573644925948514,6.876194728974357,51.27078572100001,7710.32360393289,Zone-C,Sehat
59.85926702150519,30.6009494546091,5.004341661562998,58.75051689004178,7401.757180317056,Zone-C,Sehat
94.27881011820682,33.76493793764023,6.059394225533158,59.42422285470016,2081.904020607963,Zone-B,Layu_Fusarium
88.12692427572338,24.323860545123836,7.573567957444023,49.14309027411787,4282.70796139737,Zone-D,Blast
51.18074549520481,28.282070031186976,5.08195853492523,35.80795433264602,3512.7321640302434,Zone-C,Tungro
92.6499214160362,33.81260170798566,5.0097437847845265,33.5762673424187,3335.8908235399385,Zone-A,Wereng
82.44792982862992,26.19395679873843,5.843777871575389,58.38130932841276,7827.813472969062,Zone-B,Sehat
53.707156340957525,34.57963457590347,7.742000111027833,43.017830683875225,3916.410792744997,Zone-C,Sehat
80.17869858469005,23.26200737615755,7.704432744410049,35.844480997880545,5797.900919898407,Zone-B,Layu_Fusarium
79.11170140845584,33.73472521357548,6.556285837404523,58.01677547332804,3975.911962285436,Zone-B,Sehat
59.84549356134126,27.787757586856163,6.659710613418868,33.13572814692935,6641.870587482639,Zone-D,Layu_Fusarium
84.13010150034091,22.95867414683509,5.996024033951566,51.88713290571225,7764.590144479744,Zone-B,Blast
53.91791164908352,33.433780703619135,5.73120998608343,48.75789082630003,4648.597909585412,Zone-B,Sehat
72.02503315540615,25.275222761318474,7.445665562636355,32.63203993142675,6824.166786296976,Zone-B,Layu_Fusarium
50.44654432233896,22.289251631437928,5.318884581498924,40.16246386918326,8598.838195309912,Zone-A,Sehat
93.59318700026358,23.7654923723995,6.462063112635907,34.49792068620032,2753.7942813159334,Zone-B,Blast
83.82036342996092,30.5684916446969,6.903191778491253,48.134957775994835,7685.36479233017,Zone-A,Sehat
57.14834342718452,34.71154935879653,5.311040871113088,44.31339095032286,4585.159555483042,Zone-B,Sehat
65.37533179780773,23.44900781458572,6.5588212864170385,30.128253739814728,2981.1996521995543,Zone-D,Sehat
57.22530700136793,28.005324625621906,6.7325638637373295,59.27131698851724,6365.233660914791,Zone-D,Sehat
84.49778588581916,24.348275162317922,7.227488181522094,40.48753949668621,3810.098554141854,Zone-C,Blast
52.65033464424718,31.6854749433207,5.704508147442598,37.7461317851115,8570.894341353262,Zone-B,Sehat
87.81829950036715,23.534765696903584,5.879982509872275,36.67328867382308,2343.167276248609,Zone-D,Blast
92.39883524760785,25.117942730251563,6.7085634398991,34.76447688520703,2789.22317016718,Zone-D,Blast
80.44825742628349,24.55327757943793,7.949379229944842,59.9741122864953,6167.969007886535,Zone-B,Sehat
59.58344525006454,29.18275714477071,5.652479548460343,38.853284036448144,6711.534272615654,Zone-C,Sehat
66.20405431160978,33.35139319600822,7.957711481370392,42.16540491672845,7839.093316181975,Zone-A,Sehat
71.47579436640191,28.64417261503344,7.143027599163444,56.140677485342664,4074.0858260175505,Zone-D,Sehat
77.20811474910141,22.757164886029127,7.47824620889007,49.25662510628634,8734.083265706335,Zone-D,Sehat
80.08983904152593,29.324056097758806,5.268923804709018,41.060832352358176,9625.138718190265,Zone-A,Sehat
74.93966218934972,32.36777299113412,5.901260562291897,56.94985307771559,5992.314428758909,Zone-D,Sehat
65.8091264369835,23.718030564956194,5.173208838952943,52.491726066408006,8084.2509197584095,Zone-A,Sehat
90.09127762542064,22.945245786479692,6.114640985009526,36.83701522625099,6198.786836350342,Zone-A,Blast
53.66264261080812,24.441501108248396,7.943868979760156,49.312169837997615,2555.7362352976847,Zone-C,Tungro
70.98152244095728,31.69912219668116,5.315819186619016,57.67195494877204,4608.892102740969,Zone-A,Sehat
84.90041773103664,29.69184545391602,6.687118347113598,44.893826353512374,2699.89351701612,Zone-A,Sehat
52.73926993811304,29.027730501502734,5.018211868441437,52.00837208495001,9911.032954040107,Zone-A,Sehat
81.74008475650855,25.24323863021299,7.138048448132189,59.13311231967478,3832.2072965870175,Zone-A,Sehat
86.88702302389962,26.319075738209172,5.591578077116123,50.712424226856385,7087.20335532575,Zone-D,Sehat
79.73740843371735,34.55650516826345,5.388753611374288,33.07316069298242,4274.760815559499,Zone-A,Tungro
50.58216015239102,25.128127947482014,6.011053436482363,37.33678652793868,7225.969722847407,Zone-D,Sehat
58.106166220949284,33.72139050231615,7.313132893816944,47.85289312027947,3683.2135269638593,Zone-B,Sehat
65.39508855013779,29.546909557950578,5.319839258933633,38.26667446115718,8282.160527280597,Zone-B,Sehat
60.516051603712064,23.60285406282622,5.689516987396086,58.7262511616742,2886.492822693084,Zone-A,Sehat
93.31934631023424,28.075060916015886,5.025393264851928,42.16056102066521,9161.20320072224,Zone-C,Sehat
79.32172613512071,34.33113332569138,7.905244588086854,43.716912171970954,8723.373540326356,Zone-C,Sehat
63.36369308082067,27.44135277578566,6.776436799966591,51.048062804103516,7430.458749107084,Zone-D,Sehat
91.83638743994504,33.22402534226171,7.159698909154098,45.72749194025622,2539.317017142783,Zone-D,Wereng
83.3267389764284,25.333573030472202,6.954149513468043,41.46437900666305,3668.5522266314265,Zone-B,Blast
62.80732453221689,29.42198797340485,5.433093676609023,32.29913625463736,8874.892765528608,Zone-D,Tungro
67.04967062308799,32.97007675662566,6.784819816981982,47.893367685235916,2975.795474420761,Zone-C,Sehat
58.97429862367805,33.96894973520604,5.394246785423786,56.02740092382104,3247.4567704641604,Zone-B,Sehat
93.69832992196199,28.31570377296691,6.203709361889384,50.572873252801685,6352.026590044166,Zone-A,Sehat
73.2783423150533,30.315945327890578,6.706889407775879,41.444850301408565,4193.41951739475,Zone-D,Sehat
90.32255093740932,22.038741700170302,6.676643342306468,33.83178193869388,3776.605599551436,Zone-A,Blast
65.59248969575815,25.291902997674065,5.3572202779482225,54.49014560712732,6606.507454785445,Zone-D,Sehat
88.73787213938641,25.623257348710297,5.103307908939566,58.252450866936144,4980.613411664232,Zone-C,Sehat
52.42490817922238,23.2154091515076,7.394702941621441,41.64818972388794,3124.47917415735,Zone-D,Tungro
94.19406428859295,25.636035173640696,7.177767310988016,51.85926567552185,6278.830140363715,Zone-C,Sehat
91.04154651649861,26.17458642975581,5.245456713694214,42.32290319672267,5096.099226228982,Zone-C,Sehat
66.34413251494948,34.593958514386514,5.38224655640466,45.068008165565985,7876.134194190155,Zone-A,Blast
84.86249743915599,30.69183094729089,7.677751329168861,55.09429141849229,2822.0435385647133,Zone-D,Sehat
83.85160669132217,27.538066032412473,7.30738670486534,32.50273026633461,6964.905951567791,Zone-A,Tungro
90.55646586963192,34.84470798904162,7.988480888650022,45.910060463601155,5491.946615545981,Zone-C,Wereng
63.8264741507965,23.992020163049947,5.761962347615065,36.43860824013667,5248.495000419232,Zone-C,Sehat
70.94840023913673,28.188665521096297,6.463408966606445,40.19417836487287,3858.3015040667296,Zone-C,Sehat
88.9249825672724,30.411808691637642,5.709378728187067,49.33286473926823,2243.408225621689,Zone-C,Sehat
85.03607543608473,22.722548248293002,6.868400415431929,30.81685237010545,8781.513554917165,Zone-B,Blast
67.70600234331256,31.320985155080542,5.346242717273954,47.814752969194885,4611.280688275407,Zone-C,Sehat
88.0576354810455,23.29827558798587,5.3817295182291,38.50326718361249,7448.728317838777,Zone-D,Blast
52.112931765458065,23.8236700117958,5.215663674215368,50.084530824242165,9580.699198213659,Zone-C,Sehat
85.19208363333456,24.075963662007094,7.0807582467925005,34.24744055739163,6519.922384657053,Zone-B,Blast
59.304463674516526,34.07556774652173,6.48221773229962,52.07434811448536,5177.17522015893,Zone-D,Sehat
62.875440852070426,30.882062086796182,6.85319364906389,49.369191592889344,4146.18853078963,Zone-B,Sehat
72.19466796180171,30.520557514340354,7.637903139768077,59.13725498641054,9472.350341179947,Zone-B,Blast
70.23805254814883,29.221415454044898,7.220985454266076,57.337060897744436,7456.614544409143,Zone-D,Sehat
73.42565480914465,25.806477983036338,6.385168754500073,38.49908589599107,7322.2511460524765,Zone-B,Sehat
74.51490180524107,30.07156615979157,7.953067965182679,30.819497181763108,5409.266601162216,Zone-C,Tungro
64.91874609641737,27.331946358552315,6.36876830342592,49.66105683335273,8760.389702939447,Zone-A,Sehat
57.885238085766346,23.890409951203992,5.3373520197005995,48.086621670140175,7709.3774960758965,Zone-A,Sehat
84.58165531792878,30.96476477426053,7.977964241758148,30.82286306299338,4265.466174248129,Zone-A,Layu_Fusarium
67.99892670892139,23.684568183088995,5.068462190044542,33.68032587607778,6796.629280200384,Zone-D,Tungro
72.76283881065766,24.47869155327525,6.6496506784632565,47.54105113607957,5441.551636810125,Zone-D,Sehat
79.01135232580032,32.63009105401888,5.927286466099128,57.35481792130476,2052.7213026377044,Zone-D,Sehat
90.93370650379953,30.581522249627,6.510656453050954,57.195008295402204,8460.987452014379,Zone-A,Sehat
81.8398774013099,30.20288500477735,6.676138857783565,34.54455163836224,2982.6427913576063,Zone-A,Sehat
52.045665151567306,27.436636196455414,5.720287688835462,41.537218392157484,6079.636048020913,Zone-D,Sehat
87.7352163529108,27.151646737111825,6.670576267211786,31.29608593056522,4689.809544678525,Zone-A,Sehat
94.52097568073836,30.973413919410213,7.268183336016612,44.07815539088787,4736.71232960542,Zone-B,Sehat
71.26182614171219,31.620072001917592,5.799529511731995,52.59250379019617,5818.919067310464,Zone-B,Sehat
93.63156514045703,28.632771630736038,6.150278399941721,53.699181340968345,9976.18483215796,Zone-A,Sehat
74.62979340544172,34.60050017653084,5.804728079492174,44.96968399789719,5267.037445051807,Zone-D,Tungro
70.68271981423774,34.424094265945335,7.461679192964607,32.87609024124655,3458.633838532579,Zone-C,Sehat
64.91321441273547,27.36158337016586,7.17494677762879,41.44091925544699,6908.850704394951,Zone-C,Sehat
79.58996941250024,32.668089305680994,7.613589311655222,57.963058799230936,3890.30166431617,Zone-A,Sehat
60.341918923627006,29.0624819407794,5.510149678704978,36.88837669559144,2844.3930937036034,Zone-C,Sehat
54.722039833148195,28.652826538243268,5.220738914479255,39.5926334973818,2401.393376527433,Zone-D,Sehat
51.225669616289636,22.714532797922473,5.35815051157602,52.404815263892125,2183.050192157471,Zone-B,Wereng
63.157105072186866,29.46167123608803,5.483054998472709,52.00742366657815,5449.31718648851,Zone-B,Sehat
67.80968744751672,33.70751309732114,6.599247982024407,57.36606864074797,5413.806238987149,Zone-D,Sehat
74.84345133265614,32.141740039536195,7.912736211088294,41.643560721611266,3484.363200623624,Zone-C,Sehat
63.17374213341529,32.22212288109041,6.071706249850346,45.437961716228735,8272.152430169674,Zone-A,Sehat
94.28268075734351,24.07907750149241,7.875524808080615,44.02177383661433,3034.16502335903,Zone-B,Blast
63.12853257085254,26.65984281273633,5.114602384967539,57.83256513067359,9322.53754111442,Zone-C,Sehat
69.84389248008839,25.031663916453066,7.7806166084439745,53.07991766473904,6700.607821146179,Zone-C,Sehat
54.64742744893552,26.10689867192327,5.543457821914913,54.94325339501545,2220.931008839437,Zone-B,Sehat
61.728193100168404,29.53401146541843,7.737424957158046,33.99294806488233,9703.781005941732,Zone-B,Layu_Fusarium
52.1749462905046,26.74218957381322,5.168682290346384,53.755400786044795,4463.530076366829,Zone-A,Sehat
75.17788850467976,29.289071627035458,7.844658342485098,42.98936298172491,5599.799676622827,Zone-D,Layu_Fusarium
83.79791074095942,27.7005162275695,5.6023947929565825,30.70016048491941,4274.149543956417,Zone-C,Tungro
58.80694164512306,25.72600225984646,5.908142180219482,31.80265058229854,7827.37038427022,Zone-A,Sehat
66.55599220172319,23.24024464466706,6.472827032308874,50.337238192045334,5885.441765756309,Zone-B,Sehat
50.747730202722224,33.59389994548218,6.142162643706426,41.160373234379094,3058.983675220021,Zone-D,Sehat
87.77849250749955,22.14785375806043,7.00258390778945,56.04346719670441,2833.6316188756305,Zone-D,Blast
85.09835862192513,22.021482345845627,7.924423301750232,52.02819401627599,7803.003306596598,Zone-C,Blast
52.84643138934316,32.748370616926096,6.819279472414822,30.65040035000885,3896.651239450172,Zone-D,Sehat
66.4190424194185,34.95854222423527,7.164456228309648,50.60664935508006,3102.34699710778,Zone-B,Sehat
92.9878976232273,31.452336760277532,5.264015750917104,35.77057418197069,5995.420775982742,Zone-B,Tungro
67.64121752355396,22.198559894817503,6.8834372872100165,42.677477061117365,8422.122300290433,Zone-B,Sehat
73.67939045258072,24.946972946690675,6.36154933113924,48.74205606368888,4230.261966985044,Zone-A,Sehat
65.98592874546598,34.6336951034055,7.657347073758885,56.18153523887079,4211.452893606462,Zone-B,Sehat
76.82591246577178,32.51185527825985,6.1646332989293064,43.682936651758176,8671.050082083015,Zone-A,Sehat
94.017059403657,29.368397969461242,7.038362432149757,54.254713625734034,3182.670356550261,Zone-B,Sehat
94.88761265665387,25.079189222724665,5.684461184777238,53.488969884018985,6933.820734292378,Zone-B,Tungro
84.8621740105036,22.186812677047737,5.778117600572588,42.436155385537745,9640.107863860685,Zone-D,Wereng
68.19399941091977,22.271199144286317,6.128367292766821,45.02940490298708,8730.42519661846,Zone-C,Sehat
72.24944903730447,29.955751225892946,5.912190612519508,51.014550301494396,2494.5218702378334,Zone-B,Sehat
66.05290976505374,22.2838143925815,5.761636518170224,30.93445303940819,4559.287012493003,Zone-D,Tungro
94.35085834569557,34.91719184502985,5.149006117702428,56.72434241397738,3138.995724740931,Zone-D,Wereng
81.84921376214317,24.383989835418596,7.510238995257377,53.0944847831308,9593.925101497118,Zone-C,Sehat
70.20191504450801,31.239195704300606,5.192904592673853,37.48247644206991,9887.53252977665,Zone-D,Sehat
50.54518715493211,24.015776378361373,7.662096546808903,59.43539859566927,3879.944164320303,Zone-D,Sehat
73.42175364757468,29.021214474270288,5.376396167204181,35.381710577688565,7357.5923586300205,Zone-C,Tungro
94.2767690765728,23.047946750060827,5.195785211187977,57.42260021113205,8733.053856376948,Zone-A,Blast
73.53774090378734,31.968119518932163,6.689014291942091,39.734203749693336,3869.4422753158124,Zone-C,Sehat
58.209200847010116,29.603974231422786,6.5073253777241655,52.894401304924074,3501.4450745678196,Zone-C,Sehat
50.99421861971487,23.120167014218396,6.473703706495655,43.69129779743835,2089.6881859782425,Zone-B,Sehat
65.96166911558942,33.03162045960007,6.723512982504193,52.09402162350007,5295.6996555322075,Zone-B,Sehat
91.32026250634732,29.111241992097128,5.861169818357467,34.67349143818099,9195.499699157732,Zone-A,Blast
94.84493486791465,33.98070003017313,6.988847820288834,38.08519375159449,9223.837192450792,Zone-C,Wereng
92.54155886654013,33.916103857815465,6.50720665912155,32.99573473416077,3021.9450200721303,Zone-C,Tungro
82.82389969644156,33.96660126332557,6.004230400871975,55.954319443134096,3634.8198442271596,Zone-A,Blast
75.11642277982949,23.011207602606085,7.479502000942184,38.88878963308498,5264.378647476269,Zone-B,Layu_Fusarium
76.58087658720135,23.572450902808804,7.183163288980131,50.8342868824999,8244.996361309615,Zone-C,Sehat
74.25464040913823,34.840175526310574,6.180831025833866,54.606635932245844,6894.811868253829,Zone-A,Sehat
81.81721872153447,28.33881067818318,7.542853355686619,57.04254709138038,6110.797948161731,Zone-B,Sehat
68.84929520129086,25.09678268677892,7.760774750335322,33.18891345935153,6735.455073780825,Zone-D,Layu_Fusarium
80.11418022300944,32.005638350482556,6.610598801253087,56.79044800537838,2769.5975504183734,Zone-A,Wereng
55.472545173074046,25.435707875762265,5.644857350470763,35.917583331921584,5821.309138039256,Zone-A,Tungro
61.95628879526677,31.453803944242352,7.747376469640961,52.10706034772885,9936.506316313027,Zone-C,Sehat
87.62013674638833,32.88471511204689,5.568438860286552,51.865470580938336,2707.5691755127027,Zone-D,Wereng
90.6687018834526,32.19542390483865,5.145269679251808,30.255094252228627,6153.973421079091,Zone-B,Wereng
74.25537069021348,25.56262150657316,5.982461026619393,36.61871724930763,4365.194093258997,Zone-D,Sehat
51.42360277458196,27.221041463030083,7.1808990333831195,44.75725543994602,6319.306374895672,Zone-C,Sehat
91.71381068562957,27.372263042032593,7.769822259060648,42.60104119989846,6590.5500802699735,Zone-C,Sehat
81.59289161122788,28.386547935358134,6.91185694044332,57.55720439653829,6619.783184955807,Zone-B,Sehat
68.63125656899123,24.175847070021767,7.855515640899981,40.7922260850757,8817.670282487092,Zone-B,Sehat
76.92705244397733,27.88211065538645,5.27711251782769,58.109511445078866,5117.979317389287,Zone-B,Sehat
69.33986754986148,28.640178876701235,5.18226118876406,43.782879551775935,6130.833301331967,Zone-C,Sehat
70.9402652029423,28.91221695555368,6.812575852230992,58.93058689920497,2087.4271917419883,Zone-B,Sehat
89.90644395467308,32.65870558979796,7.898348967478265,52.12064430074584,8316.404812638135,Zone-B,Wereng
57.24879111127002,28.725348480233436,6.508163926864172,54.88003774896468,4075.901659006823,Zone-B,Sehat
54.665111096700656,25.000190992677776,5.154545677817915,33.14630665047003,8532.440192324131,Zone-A,Tungro
50.12279350308571,30.62067359717443,5.663655968232368,47.58424299727103,4125.109331042538,Zone-B,Sehat
64.1300169025457,32.365083873126125,5.734378719247312,34.28101079488052,2086.307970099938,Zone-C,Tungro
56.63361949179923,26.1518316636974,6.01357138741085,38.92863006152922,3238.650545547574,Zone-A,Sehat
59.899347281215,30.388977077228866,5.130810150758638,48.70696218501804,9885.463220577343,Zone-C,Sehat
50.50575421994196,23.910193947298165,7.714678101493749,51.786771140816725,4558.409967583908,Zone-D,Sehat
60.22379366094664,26.445041959514832,6.546691834164486,31.175513460337527,2870.5912161019774,Zone-A,Sehat
64.97202118695682,33.81991108414525,7.012792378862327,45.92831193217094,2950.0704290060044,Zone-B,Sehat
51.42053733844466,33.847006121113424,5.201518510685027,46.95941958869659,4482.7417124577905,Zone-A,Sehat
77.35568559337165,29.47921952365983,5.1623464034109485,32.364839913306035,2301.160328934104,Zone-C,Layu_Fusarium
75.59601569976911,31.130568991246385,6.759403316121642,45.02064102602291,6091.90870497563,Zone-A,Sehat
54.366610032946625,33.10220039767724,7.661888031512624,51.4152684014948,3709.9273239145614,Zone-D,Sehat
76.77543998832805,34.46119140906415,6.585446002878641,31.59681854626593,6154.485131174978,Zone-B,Sehat
94.9394263373995,28.368523723767005,7.633457517710214,52.808033289718864,3126.1137495937614,Zone-B,Sehat
92.50110287651933,29.300484576138444,7.432973819165718,47.2927951471241,5438.857832139938,Zone-D,Sehat
50.12019470154485,27.403340366421794,5.227561357384762,54.99681624815373,6783.334867209956,Zone-C,Sehat
85.79202400986618,22.935765181733572,5.60587242315707,36.5418771856221,2495.999506704864,Zone-A,Blast
65.91223743064187,27.49644514183464,6.9731320074660275,54.99821052639355,5189.994474008468,Zone-C,Sehat
52.86431166505823,32.27815541198,6.3305041476501245,32.83682925802404,4420.1905679175015,Zone-C,Sehat
63.31924461722936,32.463511473889874,5.872099440940762,42.11489089334014,3922.878531909072,Zone-C,Sehat
64.4781432340833,33.600902489712894,6.255901568143937,35.98454374573946,6836.277008675972,Zone-B,Sehat
73.54599076890756,22.669067167287597,6.335598938811903,56.28062496872622,6708.335886123258,Zone-A,Sehat
79.74876952709846,28.85300966454824,7.73165675246479,51.14759448905322,7045.598453421549,Zone-B,Sehat
83.70750254937836,23.39651834318199,5.310374851114859,30.760853314821844,3271.061363460171,Zone-B,Blast
61.065636915347,24.609648381154663,5.839192240422845,30.285700668418684,4285.673958898622,Zone-B,Sehat
64.47967566118237,33.70281453094788,6.612694449748142,38.73747763445009,3677.4302239606295,Zone-A,Sehat
63.877176808688084,28.458286359586047,7.094860779891775,34.29849342841696,6324.028839982735,Zone-D,Sehat
66.32315906543944,31.86108397165598,6.891911866877731,48.90913432680587,5688.52551367693,Zone-B,Sehat
94.98453390303524,22.83699337707285,7.824928213212184,49.913908016476796,4642.3499007420005,Zone-B,Blast
85.00744862723417,27.418744551023075,7.38682677445842,58.258527109841026,8288.118470947466,Zone-B,Sehat
93.87457093709136,30.76512364863639,6.671230525923291,58.56119773637523,2751.7899552670624,Zone-A,Sehat
81.18999767961758,23.734284256616775,5.644048075020523,49.76690116234037,9799.173510045137,Zone-A,Sehat
68.28218157412779,26.235632428373883,6.352622694206719,30.170253385581262,2932.3526225225496,Zone-C,Sehat
67.53848826321388,22.839121465310484,7.080146732583432,40.76993749708843,8184.5665005469555,Zone-B,Sehat
71.98615152387703,30.467419231303637,7.513886524508255,45.39424539741799,4945.841513286655,Zone-B,Sehat
68.75914025139969,34.62158636775554,7.879208673267162,44.97539269525397,8922.097833054446,Zone-A,Layu_Fusarium
87.27468107417356,32.75159138485679,6.816358298413753,48.100218885066795,2593.3595902732964,Zone-A,Wereng
70.92509058620118,34.67010051849835,6.580758101913297,58.81654448414281,4997.7736815387025,Zone-B,Sehat
63.30264620948807,32.99286233627915,5.053075769363445,56.55578075865461,4683.54725200189,Zone-D,Sehat
84.86871209134932,33.11754548056072,5.216297207450539,33.26724100351465,9945.256305804283,Zone-C,Wereng
88.44891842216276,29.503303539827453,5.468314992912201,37.9794117418018,9884.391959117005,Zone-C,Sehat
68.9193030263203,28.73728004837173,5.164279793568884,54.993282522589084,3518.431669331104,Zone-B,Sehat
80.05138573574894,27.281305463561758,6.20258971641478,54.72920726457621,7039.575685586711,Zone-C,Sehat
52.64620402497371,32.635233635596435,6.010635635416616,38.26112172365013,6284.155359287522,Zone-C,Sehat
73.82591833871601,24.36687895961432,6.912062473605179,51.91764092058359,3234.98792992591,Zone-B,Sehat
52.02415119854786,22.730923905714512,6.606995323800208,50.16112136153572,3342.2376488353843,Zone-C,Sehat
51.313587822251066,34.32261969490077,6.78791227816358,44.205718949098845,9914.013827836437,Zone-A,Sehat
77.58161827352326,22.0491164076452,6.415931608812962,36.04364858037088,5621.839948967461,Zone-B,Sehat
63.65009220777442,34.69878118438607,5.833211445662771,56.65929542682259,3006.410336000588,Zone-A,Sehat
83.41417231049594,31.475093808358956,7.858475944839431,50.335535529205046,3718.320309914034,Zone-B,Sehat
90.32371522846665,26.27048595607176,5.259227479280417,35.06978774635124,4146.784537988397,Zone-A,Tungro
56.27260281786578,31.07165796012203,7.816672998395921,51.14407034522583,6087.338106548954,Zone-C,Sehat
82.60352773605157,32.632377043406656,5.933714140594204,52.2430115873094,4684.385036050475,Zone-D,Wereng
73.15339992297544,25.189706727823665,6.537984336101893,56.60640855363122,5640.094287119367,Zone-A,Sehat
55.04536625732145,32.021643882634564,5.326526968482638,36.68517765725805,3331.996408810902,Zone-A,Sehat
79.32166729163261,32.456805125107124,5.2127932051130275,59.6626231624022,4613.82952470005,Zone-D,Blast
77.42600613979127,25.24161019162949,6.288636346155808,34.60180267580763,2562.532741742032,Zone-D,Sehat
73.20388403303522,22.545042606913785,7.225092129139035,48.02066675578749,9117.68218780679,Zone-A,Blast
91.69120420518462,24.65358969925527,5.808094332645647,49.715295158204356,3590.019817348626,Zone-A,Blast
73.44858632468075,24.60840331556213,6.687043666805961,42.568586857975816,8055.201083429911,Zone-A,Sehat
94.57318019525957,22.848125904281282,5.835951021568455,44.251131263111596,4796.414305626768,Zone-B,Blast
72.91529662316499,31.438096000517547,6.165839182679123,56.72730290166412,5795.1785515183465,Zone-A,Sehat
55.21334172356154,26.939674017959305,7.719338955421474,49.35822688996386,4330.088315689814,Zone-A,Sehat
71.17120629837638,33.49702017690016,7.567518876484758,44.910028747040585,7571.530168858959,Zone-D,Sehat
58.20479431497821,25.27822437364742,6.54805263025289,33.85048687300574,8756.37135419766,Zone-D,Sehat
76.87100683478423,27.892018146299055,5.714316882416236,30.220128756694038,4290.161477916705,Zone-B,Tungro
81.19094788371206,30.307226576047917,5.5795517381990685,33.749058544555005,3937.7411493087393,Zone-B,Tungro
71.07958754181922,33.40704434573311,7.862262059107143,58.68553702429516,7451.5221237111755,Zone-C,Sehat
54.39663354574167,28.820074321051873,5.608149789532063,52.92260348973992,3561.224484541767,Zone-A,Sehat
71.08886293625989,26.855820161560978,7.424504932737618,59.01348982530743,7118.718124878178,Zone-A,Sehat
53.66543966304802,33.27119602013612,6.106910628606611,31.071261291245158,2755.4246375490843,Zone-D,Sehat
80.69566799779403,26.033203520938937,7.9569795426747145,50.406612115759174,6961.097279685498,Zone-C,Layu_Fusarium
85.56657011892894,23.032508095223495,6.104467221088363,31.32880579210254,6107.2538720834655,Zone-A,Blast
93.30711472521676,27.78554739763312,6.054549874732178,53.461694066064695,2911.245724610467,Zone-C,Sehat
56.69609482078054,32.20621298447389,6.912390886632869,41.42850518205583,7192.829078916798,Zone-B,Sehat
73.95891509899869,22.4001508127958,7.884550419880458,32.87296080319484,5572.457256272606,Zone-A,Layu_Fusarium
75.53918153909385,29.616469184864698,7.928628817389299,47.04139925362546,3736.9204065366857,Zone-A,Sehat
91.5114440201441,29.72803263085407,7.121618439400955,38.40360589804165,4827.073245617418,Zone-B,Blast
78.22744882684314,34.07104292455596,7.263819096909061,49.78721825615456,5936.816845111437,Zone-A,Sehat
56.54793405403945,25.724042622885285,6.6902065279190825,49.74524278541371,2732.433818115056,Zone-B,Sehat
69.63580957834351,25.62487597173905,7.267327217396995,51.15022422362259,9660.875865026834,Zone-B,Tungro
79.46431378278128,27.726287467415816,7.579338964911489,59.77395236333277,7324.497249696969,Zone-C,Wereng
81.51279944311838,26.639893719129695,6.4582859095850695,41.60093129842216,2820.279850301568,Zone-D,Sehat
88.8383299365758,31.572496214961248,6.85958678849031,43.959464234553025,8582.897474627676,Zone-D,Sehat
58.12282039299787,30.342777002710143,6.611950085699143,54.13835103076023,4580.439447569163,Zone-B,Sehat
92.81939660399743,31.865973492781464,6.687411840586032,47.35110069065656,6774.396293705471,Zone-C,Wereng
52.66127354070165,32.66054328558296,7.670143729621823,31.11771632063399,4217.1427326365865,Zone-B,Layu_Fusarium
94.26929605560059,33.99875472554392,6.0668504906167104,55.2923556077957,7867.247559316857,Zone-C,Wereng
88.59951917898837,27.60217751320042,5.624552076801873,31.54496045814123,7784.071800000818,Zone-C,Tungro
79.71227522429771,34.80106606313014,6.368840330820888,35.12460409475353,6416.347654979344,Zone-D,Sehat
83.07479751189896,24.803590574247487,5.624255571443795,33.062399009225615,3927.4047397726245,Zone-D,Blast
53.27114026634584,31.28674710531527,6.495201276986057,32.3378139864336,4029.630460097164,Zone-C,Wereng
51.86659383025036,28.94212112499346,7.710524316071176,30.770546259141305,5062.902373559544,Zone-D,Layu_Fusarium
54.57946084481145,32.619707730903485,6.852300561447434,31.65083141917102,3160.097339170283,Zone-C,Sehat
53.9311916598862,28.198016767883537,7.566298559909233,43.2731756753643,4701.245705527388,Zone-A,Sehat
74.63215550612458,32.1912022597116,5.498572758846535,37.585568099478415,7474.8368099865,Zone-B,Sehat
59.69497942003051,34.092193290419814,7.70262077761153,33.79610650256456,8646.762240475371,Zone-D,Layu_Fusarium
88.70925367430269,31.519825459821135,6.805361493221348,49.76116628179578,4660.658323946891,Zone-B,Wereng
70.05868803806325,32.089225720838215,5.0952793662214395,36.78335731902776,3868.7220660349117,Zone-D,Sehat
81.29797144062238,22.87328060645613,6.89935686585511,30.568474660344283,8661.140626681074,Zone-B,Tungro
79.37928918365719,24.66444960901965,7.854190868782753,42.55259351301983,9125.632219087369,Zone-B,Sehat
64.39338675183696,34.66594862654672,5.237501001426086,39.31298975934915,5280.172186496515,Zone-D,Sehat
60.94254080865781,31.011431049236126,6.747368391408717,39.558132940394785,2215.233230797071,Zone-D,Sehat
65.41053283834859,29.29883722504306,7.746435808609144,43.35810084544684,7559.692967153215,Zone-D,Sehat
85.84962682324269,26.77069285415385,5.029085505003124,50.06741781702833,8272.265889465036,Zone-D,Sehat
76.38245817888283,22.57705701568993,6.89273877939747,48.49437360113982,2144.1940253155217,Zone-C,Layu_Fusarium
61.40923981336289,26.798766803533756,6.4247068754928875,58.11784829366627,6760.246826732106,Zone-D,Sehat
86.80308993771936,28.485867352764487,6.040967955945832,45.53149998907564,6706.9500659534,Zone-D,Sehat
52.4641723749638,24.748973622029528,6.882609469836128,44.17709729175216,5029.663269983312,Zone-D,Sehat
81.4632518745633,24.25077828655982,5.158106283762251,36.40243305650691,7998.138606806701,Zone-A,Sehat
69.75953625871898,28.609415167647718,7.259189138862201,52.661438665444706,5425.432304914885,Zone-B,Sehat
82.90806737296498,29.61675506315807,5.013438430759123,34.223273286428544,7414.207614330912,Zone-D,Tungro
91.73575761095421,25.118932945108824,5.920807231377057,44.73398669461452,6136.938437081216,Zone-D,Blast
83.75153440761068,29.63606316793077,6.511875913054036,42.639665951623336,3987.7168376227514,Zone-B,Blast
69.88844098901221,33.70441953036583,6.131066751699655,49.74902635213209,6852.006904081054,Zone-B,Sehat
56.79390566812464,28.1512523542776,5.922427805616747,57.528644098699765,7895.2679587667335,Zone-C,Sehat
86.28579391124453,33.146072204633356,7.492505436404288,58.39786774494667,9791.24538749603,Zone-B,Wereng
70.73174871146172,34.05452877893314,7.804497722815727,35.03397801489475,5040.871574419308,Zone-B,Layu_Fusarium
53.38905455557084,23.201122376182113,7.621138054717666,37.85451654801535,2515.780357330809,Zone-A,Layu_Fusarium
82.35749289995897,23.24555053553836,6.567293939149999,54.349059598941196,9903.769769770814,Zone-C,Sehat
63.133338466246535,28.18857437753882,7.652492525580449,45.548392873475784,6990.45327540429,Zone-A,Sehat
52.19997032773333,29.645331776130135,7.762584695544631,43.59103705067196,9571.603665286155,Zone-B,Sehat
90.6237956738335,27.53648503804538,6.227715191142386,51.31876357142117,2830.6166880889546,Zone-D,Sehat
71.73954914422595,26.24386001542754,5.850337578516337,48.05774857820916,4736.270718963661,Zone-C,Sehat
62.643247392785966,30.332923509640025,5.294795617439961,59.121421632640036,3071.493590981794,Zone-B,Sehat
82.23739510482102,22.027059660548964,6.437275763147687,47.519239568648004,8684.081236656475,Zone-B,Sehat
89.86560699571537,34.58495265122865,7.838890761315325,43.9792147904176,9042.741931434528,Zone-D,Wereng
50.013818376519,25.01702814644429,6.682722584211113,46.284520862345275,6010.493599000163,Zone-D,Sehat
80.95334832689691,33.92228399157909,7.002686305358514,54.2561945009092,3492.8497412962433,Zone-D,Wereng
84.51552623082895,23.417191678948576,5.338651455475543,48.380251703556624,3016.9517523176683,Zone-C,Blast
59.44673422757718,25.095133366579443,5.430558992426769,49.41144274160153,6705.312880641654,Zone-A,Sehat
72.03307241345784,25.053358114137506,6.393419785879018,59.14316640109776,6051.010596682405,Zone-C,Sehat
54.01786545130711,34.9499877546084,7.853794396951177,48.551864532763716,7558.31281894134,Zone-D,Sehat
83.60374471319065,22.059807094436497,6.082353924774587,41.4085574500362,4441.6581009599295,Zone-C,Blast
88.13552083535086,30.315296720945447,7.632452123952601,50.7397808103839,5218.943960194898,Zone-D,Sehat
54.86839957960973,33.305925553791084,5.360865780277135,49.783781909319345,2170.888590809259,Zone-A,Sehat
86.74071140447757,30.739557502321578,6.8510516208011305,30.415429065191457,6881.144360604232,Zone-C,Sehat
84.72065767180402,26.715539636820274,6.801838930731554,44.01987890357499,5385.148170771823,Zone-A,Sehat
65.61109941669038,34.45802171513815,7.579624250210806,52.287108086471974,9358.117070507582,Zone-A,Sehat
81.06302884701125,33.615769809657536,5.009950113214704,44.97124373163387,7134.290381638439,Zone-D,Wereng
50.00216557524403,27.641413963243732,5.569795001592716,53.388634078061685,5189.555931597551,Zone-C,Blast
91.93089445096993,29.453270403945126,5.659062876288445,43.52651089282843,4108.713446986803,Zone-C,Sehat
74.76724558887678,34.57774944146813,7.849898264272213,59.499647929117074,9242.27954086111,Zone-A,Sehat
77.91524888278997,34.77328470504411,5.461080968809685,38.78674767611666,2130.120592939546,Zone-D,Sehat
79.90967360925944,27.84770258433338,5.110887050661681,32.763678244382206,4615.299738019137,Zone-A,Tungro
75.2616057748265,33.01555036586015,6.603384484225424,42.90035403462292,9548.04467030428,Zone-A,Sehat
88.55437493927585,25.925742950401172,6.585675387301045,46.25127074621757,7232.264055852593,Zone-A,Sehat
77.43658244681947,26.83356734809864,7.532140896103593,40.47281195047385,6261.7525702663925,Zone-A,Sehat
90.84919960582127,24.14268447887294,7.846578950533406,37.26843480353877,3628.277743363419,Zone-C,Blast
76.2049230005304,24.719399706097494,6.615636326420393,50.16176074156467,8666.998194035097,Zone-B,Sehat
57.700508989125495,30.539352929371667,7.789982547258966,41.313752995687565,3633.592500742209,Zone-C,Sehat
91.11031501276864,28.640161034092053,7.175477453899489,48.94105587301911,3986.0282521699996,Zone-D,Sehat
80.67323742618996,25.004714188132837,5.793677383986755,53.372143457963276,3534.809142974842,Zone-B,Layu_Fusarium
81.46575474960002,27.237825012701485,7.785262132831779,52.83007883280071,3265.1956845561754,Zone-A,Sehat
94.34667877572207,26.851384978227863,7.002329528545625,41.25927931907074,9626.499967830423,Zone-C,Sehat
53.383844939431064,34.83568265895934,6.242287798227901,47.03694686850524,6816.252769130468,Zone-B,Blast
69.28666731928271,33.09635588374793,7.040726253550792,43.489746733282274,7102.697056080751,Zone-A,Sehat
60.759292684397685,27.043562333989716,6.203938483231253,56.12415758128981,9634.603725430268,Zone-C,Sehat
78.36919091211458,33.88091552564843,5.3425513039638775,56.36275439399998,3844.600441004501,Zone-B,Sehat
86.30652576866323,26.454260091166226,7.156936241530699,40.312247486641105,2047.3403087815366,Zone-C,Sehat
93.48398190015857,30.682719665553172,7.472262836512231,32.75212343636192,6791.069196562329,Zone-B,Layu_Fusarium
70.4568248129624,34.56644995686746,7.186418597058163,35.02747449972058,6062.758825793269,Zone-D,Sehat
85.37982037891719,27.07362523185118,5.68734400327003,41.01005226392651,5821.203019186352,Zone-C,Sehat
91.26732164181708,30.838504546364142,7.869905040432839,46.92749864288972,2495.041689969593,Zone-C,Sehat
80.74964446411481,25.84700954381423,5.0757636850734675,49.70361032893288,5635.4789325982765,Zone-B,Sehat
60.9229648602397,25.46206010277367,5.998055892126922,39.941131388580004,4300.476520725591,Zone-D,Sehat
77.35343679985061,29.464036663610173,5.780277303604686,50.024973588719575,4196.517417794505,Zone-C,Sehat
93.6478421517734,34.73043977443184,5.144378682844553,58.13219951021268,3779.0526414327423,Zone-D,Wereng
94.43992229877044,27.89074003336221,6.217189078966006,49.56042381506852,4660.226878036566,Zone-D,Sehat
78.90619206725502,34.189280614115546,6.8693445204883234,34.75695688333054,4825.064601147299,Zone-C,Sehat
89.91444910423951,33.8867257631819,7.647658590455304,47.39006738932883,4470.20621089598,Zone-A,Wereng
59.01572137318713,25.29891396048493,7.969069148574411,46.25686550300948,9830.021725756073,Zone-B,Sehat
61.07353722284975,27.223652292096254,7.424268759213194,56.12100332695262,9461.848684075896,Zone-C,Sehat
92.87994257981869,30.36293222042438,6.406041556138474,40.50909165638923,6596.080796198898,Zone-D,Sehat
56.085591897266355,28.734596497348093,7.171113277901092,42.6883683017004,9848.43870728248,Zone-B,Sehat
58.59978971420655,23.247460888221266,7.530871365768922,47.95977166459481,9929.58408255352,Zone-C,Sehat
68.92468696040233,34.91807439165306,6.395921589256044,45.732759352260764,4847.5176801384205,Zone-B,Sehat
76.53129294890077,31.78450201574664,7.3551633020765,51.57049777215523,5561.5003659179565,Zone-B,Sehat
77.17177485357223,27.69002249692125,6.447957254938631,31.211669727374876,9672.494215877325,Zone-D,Sehat
63.1389203899504,30.03619114566179,6.159487972630168,46.905480576208795,6869.009594389492,Zone-A,Sehat
91.42762540776567,23.13844662446099,6.578272513351283,33.650156790116256,3703.43266269818,Zone-A,Blast
91.17949584235382,28.43892149796493,7.027564212881435,39.456269775591636,7515.045346692003,Zone-B,Sehat
67.64306238735676,34.10082140562734,7.180646168955792,49.84880584597171,3645.9694563687,Zone-D,Layu_Fusarium
69.54312962436337,33.65581245471472,6.070208806676323,34.72242601776533,4714.8619493747665,Zone-D,Sehat
81.61237025707604,26.385950991280893,6.713960754668104,39.26525506513887,3820.481304762812,Zone-C,Sehat
79.83481533795053,28.907782229677405,7.7296126222413415,51.09019448505936,3959.841727470738,Zone-B,Sehat
67.2033656732433,31.065985813139406,7.928938700331919,49.52415727580502,2037.244652534258,Zone-C,Sehat
68.64099131844515,26.420120469802768,5.681744273551864,32.731190076292144,9045.670657595616,Zone-D,Tungro
65.66175245396926,22.8434298352212,5.578493497140024,47.318054804769716,4367.923962206351,Zone-B,Sehat
60.59232531289885,28.57074153733146,7.030056900285945,34.41763385755918,2690.9950361823558,Zone-A,Sehat
70.61622633158629,29.821264565703373,6.244051657470331,37.56814136143478,2695.8992454487084,Zone-A,Sehat
80.88953593561432,22.075940801579634,5.072667015254411,43.776338359073364,6448.146211687617,Zone-C,Sehat
83.38850173914318,23.242479856000898,6.040585611941852,33.280404698945674,9943.364404271497,Zone-B,Blast
85.04931417151832,24.69477836672398,7.420234230416757,59.809409037557,3160.1797381615334,Zone-D,Blast
66.86294060539046,26.524679730882145,7.392280791149547,34.96108683162004,2796.9742475972757,Zone-C,Layu_Fusarium
84.40861974282382,29.033665896797544,6.484055446449746,53.43937885285813,5506.431043216726,Zone-A,Sehat
50.293234206134386,25.81995794387565,6.417733804662606,54.89516535069675,6506.650030726363,Zone-D,Sehat
71.4672471972597,25.590389587284548,6.738522327303132,59.83391909688004,4355.042871023524,Zone-B,Sehat
85.72569800597108,33.30154146957006,5.658190131690728,42.85959653556805,4420.176740110932,Zone-A,Wereng
78.3520124288609,23.88565833041854,6.578130874672866,56.222835604180204,5395.812014791596,Zone-D,Wereng
71.33284058695284,28.440981731240683,5.033139080169946,58.72618317050553,4513.164921204849,Zone-A,Sehat
79.00889029728572,34.38672132016977,6.426678664349401,35.18682434684001,9322.652668548133,Zone-B,Sehat
90.81257014168987,30.125172238508597,6.008153138751778,44.38308267178598,2335.6365703250317,Zone-C,Sehat
75.48718102745933,31.3236712386277,7.024608817710979,31.800324565682633,3876.5612789621973,Zone-D,Sehat
85.99037861570477,27.60608088807789,6.915060752457883,48.621720360726044,8468.422369819371,Zone-D,Sehat
94.13342263513388,22.259118172556356,6.142507640548427,47.44218470569699,8671.664997319655,Zone-B,Blast
81.7505690934005,30.399694788773672,5.021818944435775,36.12378853989591,2892.440631713609,Zone-A,Sehat
75.79965937500786,30.215015658565612,5.7568208881848815,53.93708276682378,9790.107600101734,Zone-A,Sehat
51.686867620640314,23.43555927402333,6.900043550567487,31.118061682906195,7546.838799192871,Zone-A,Sehat
66.85150542145644,28.00807627712021,5.217120029052514,54.186819723826716,4180.744447868765,Zone-D,Layu_Fusarium
75.44492300818033,33.89927628065345,5.322927265500391,30.799358734916023,5648.302918515636,Zone-D,Tungro
85.87429572677146,24.666102815635675,6.941105073701261,49.70486436409051,4377.108956543738,Zone-A,Blast
69.71471553414094,27.994283810243434,7.267302202847877,32.36308541744704,3200.1779988353546,Zone-D,Layu_Fusarium
93.2026224094148,27.994341407606765,5.964649124038136,37.536765579369685,4329.424517991321,Zone-C,Sehat
62.23071886806537,32.5398990859193,6.469019196549686,51.657400479355076,6640.735499916947,Zone-B,Sehat
83.50552378446423,32.719486314282776,7.837134094950976,38.4121439887616,8607.757558683748,Zone-B,Wereng
68.85641376878574,31.870502455624095,7.836630686527908,45.335215461532044,4908.232599116618,Zone-D,Sehat
71.86948225546577,26.750904069447557,5.92250832339029,57.45744808560343,4783.212324382734,Zone-C,Sehat
86.11259152394481,22.936480025240762,7.42996362505127,31.48903062109735,5744.005608650581,Zone-C,Blast
63.329686774326746,26.543278703912183,6.781832158420576,54.33239381207021,7156.444799714771,Zone-A,Sehat
54.35654254678144,30.837285616527417,7.926453480051141,31.958159957054686,8012.930099458475,Zone-B,Layu_Fusarium
73.41150130760423,31.135705468357994,6.4328407091332895,33.8038453301003,4614.396038395791,Zone-B,Sehat
73.79575753116869,34.54500272319735,7.324120604046684,33.57957311667633,6690.819742601112,Zone-B,Layu_Fusarium
85.87254975014181,27.89733600876821,7.304411388844613,59.82306849632178,5114.886730247059,Zone-D,Sehat
93.57436428044457,30.221662578223775,6.492298602899228,35.405589579946,7731.198802907087,Zone-C,Sehat
52.48853088477568,29.00948131939291,7.386890342891924,56.90285538768805,3317.3993641361667,Zone-A,Blast
76.6260263184399,23.958041281472084,5.78312099992099,59.72796488839663,4055.3989204103686,Zone-D,Sehat
80.657533864166,27.99563213771777,5.366759108870687,41.513543112368936,5408.483358741998,Zone-A,Blast
94.36106078368348,29.082857010956925,6.2754912339659485,48.931456305860564,9115.318319370941,Zone-D,Sehat
92.41655964246102,34.359744878549364,7.830891969900755,53.37273761290838,6586.606314805522,Zone-B,Wereng
82.06028441203898,26.76500770731643,6.502233824607586,41.77935245508625,9723.168951851294,Zone-A,Sehat
73.48052350600096,34.74128834040371,6.905777415940781,34.85442421493422,2826.221482248671,Zone-C,Sehat
57.26857650346676,29.049900962313096,6.872487367723626,43.012882313776835,5681.403309207479,Zone-C,Sehat
67.28794498419879,25.152100162939746,5.397718601808592,53.15662935008834,5352.628240363074,Zone-D,Sehat
76.33050462757194,24.4916370312055,6.170890647131631,53.42288288245209,6801.649411247748,Zone-B,Sehat
82.63401784680892,23.842033924383013,7.120816918765625,36.9161637651274,8495.716869660626,Zone-D,Sehat
78.59298008656005,27.888127317454888,7.915970295742179,35.2489691967224,8731.584204664481,Zone-A,Tungro
82.13552608224836,22.285043587256002,5.504053214891078,57.61682106301049,7361.556869644066,Zone-C,Sehat
69.31186270483539,27.785588683093252,6.231325671017348,31.319970916749316,7132.290913964429,Zone-C,Sehat
82.74322807569541,34.849260998027304,5.285281399408188,52.04215427295261,9592.236336358459,Zone-C,Wereng
56.46835652088736,30.711388344389466,5.727129378947768,31.39264156340262,5069.499213107397,Zone-C,Tungro
57.316384029340114,31.87721957560526,6.1302780299784505,55.13700152582963,8662.266513507906,Zone-A,Sehat
57.327446562325825,23.547070079337413,6.621929743857051,57.16244440008306,9372.029816738352,Zone-C,Sehat
90.08892306660992,28.15031119937118,5.691700646717242,38.92257372687297,5932.313954121575,Zone-D,Sehat
53.42153284888855,25.72090031333428,5.6826879835360575,32.218069305500926,7832.820628826403,Zone-C,Tungro
86.06787677300642,33.62326786385738,7.3334899374206115,44.42053609042286,5016.158853367249,Zone-A,Wereng
60.51069041210317,24.356802136180864,7.887924988840644,38.9538911023643,3271.0321135632325,Zone-B,Sehat
71.07934732228628,27.963533252777644,5.970838903254369,42.51408428431137,6692.031051779402,Zone-B,Sehat
91.2180467959555,29.64462033849329,7.063976055907041,49.949563604660405,3571.773206796255,Zone-C,Sehat
76.3671753359378,28.682534190520926,5.774241384073762,36.29478107846151,5660.793046430952,Zone-B,Sehat
59.455295880456134,32.79316586361529,7.783856764896896,40.708547085422595,8983.034506626665,Zone-A,Sehat
62.784052714346316,25.008891227155324,7.018707080496195,53.47687470878021,2688.145500509444,Zone-C,Sehat
91.42009807531036,26.906084435507985,7.40803056391271,49.312858498584646,2243.428285317197,Zone-A,Sehat
69.22147662994902,32.29709585546138,5.148062129597495,39.78826473453716,6851.822779055101,Zone-B,Sehat
76.41434673530553,28.864928352578463,6.795517904721874,49.92904800779786,4648.49061275916,Zone-B,Sehat
70.6969488481425,27.227526013423443,6.582836994075147,52.959387686759,5343.501655407323,Zone-C,Sehat
67.02971396218024,22.38275269168281,5.878990720734596,47.77456742858362,5245.684709266652,Zone-B,Sehat
60.047560711958084,31.794010512202924,5.787289955171954,37.18490497503026,2692.9618320765085,Zone-C,Sehat
80.87861752180709,34.63836701356789,6.740074406950909,30.007358715359793,2028.5314614367564,Zone-C,Wereng
82.32089118224542,30.063731123350628,7.119456905021675,54.08547320964844,9187.385942914116,Zone-D,Sehat
62.36982912233297,33.13503586895433,5.099518271105567,54.67900665948493,3742.3884872299714,Zone-D,Sehat
85.50548793746736,28.71938466153404,6.702204745771113,50.928135041830856,5408.631934914307,Zone-D,Sehat
88.45408401357558,25.01185255050374,5.511378586839886,32.29742794102842,9775.406373368629,Zone-A,Blast
91.43037933078337,22.187747355056892,5.421088194158302,47.556668625241386,8614.100655869217,Zone-B,Blast
57.25455862632665,30.49417747866986,6.869358464284053,54.63062013814822,2863.446842101617,Zone-B,Sehat
63.67656576259699,28.41041502722718,5.93261035165242,41.69004960324497,6068.152252900685,Zone-D,Sehat
88.7159006376663,32.16727591213882,6.322640699404592,35.94002202660762,7840.632211960128,Zone-C,Wereng
58.93430912725523,31.030871426658962,6.079996428319319,47.62881891724412,7587.142279993699,Zone-C,Sehat
50.15608066595729,34.843380786685344,6.945008960457571,54.78919881902634,8086.734819235762,Zone-C,Sehat
89.18722896132356,28.634063584356518,6.410359298199406,31.466098761211967,5659.637239104282,Zone-C,Sehat
64.69022487881162,27.553272265749122,7.890375986113843,47.908536514822075,3407.3834346422564,Zone-A,Sehat
68.65238863125275,25.727615962710836,6.057148277319396,49.295213860180255,5718.979551354982,Zone-B,Sehat
70.08503115742872,28.199196793286568,7.220853020788505,48.07101118044839,7183.0979933863355,Zone-D,Sehat
88.17235703002528,33.34732921559799,5.7718777027491335,49.50101052711146,6868.736692841344,Zone-A,Wereng
65.20514650670572,22.551716435292636,6.526259277878441,48.941259228124636,2564.1764303088594,Zone-B,Sehat
90.15259486354168,34.712700614720454,6.657709255705871,33.91211654941047,2519.619472657534,Zone-A,Wereng
77.76226121216216,34.91299352600137,5.987327843188196,37.04810330846746,9722.062649241696,Zone-C,Tungro
73.72790258151579,29.771677921642723,6.415341586737887,48.569820158670304,3214.4436403181685,Zone-A,Sehat
64.65265282073581,26.310074648040217,5.837835913695477,30.530794834103123,4355.699712093776,Zone-A,Sehat
60.96702633265336,24.89963658818631,5.018002345021946,49.04233556169733,8141.075857249324,Zone-C,Sehat
78.0826299249807,25.594375143903424,5.646944904913636,49.961598713550956,5277.416606585399,Zone-C,Sehat
70.11023720254593,22.651370544564635,7.100192517479602,37.175242795849755,3451.7188260802614,Zone-D,Sehat
90.97322044694027,28.176442460283667,7.312889073456131,47.94398489259419,5737.859058478252,Zone-D,Sehat
72.12374222513225,22.745215521237277,5.8406086014167595,46.022701821712936,6551.599766106927,Zone-B,Sehat
73.0307712515536,31.34016479208703,6.2241289964542155,37.82074644459341,5622.132874224605,Zone-D,Sehat
68.75254765112004,26.835082921927103,5.112096980415833,43.88922035624264,9351.568603776872,Zone-D,Sehat
85.51683486460783,24.59174151271312,5.7111887032930415,57.288735882365444,4277.594360796034,Zone-B,Blast
69.11776391491716,29.083096251868497,7.337657850116898,42.79808341379649,7290.657285597367,Zone-A,Sehat
62.12038998873897,34.65887099415918,6.817958810795172,48.89532530638505,2898.3577712791816,Zone-A,Sehat
88.79138934320794,31.036703637239437,5.6173115658631145,31.060524631220826,5138.283661312213,Zone-A,Tungro
76.8572699614358,28.392709051354082,5.772325985367297,32.33400339966296,7927.946012679789,Zone-C,Tungro
76.61795988960507,32.099885890308585,7.450406068968681,32.43924219909955,3798.5355247157236,Zone-B,Layu_Fusarium
77.48699932237669,31.587194134686854,5.627252608834702,53.34722290879336,6718.168365235301,Zone-A,Sehat
82.34778866925501,33.59256099375132,6.002473177541393,40.50770684410358,3227.4962336724825,Zone-D,Wereng
64.08805951906551,24.660696318721318,6.993076074963933,36.8283506509744,2821.613530890969,Zone-D,Sehat
51.522996687485126,33.165408491363515,6.683337157124236,52.419737053551685,6185.861991400341,Zone-D,Sehat
86.47669223946544,25.913339131542084,6.382610615701443,35.098801876685236,7400.087968688229,Zone-B,Sehat
55.80072742467368,34.232986061726265,7.699223272939233,37.394775752108416,2906.9365298758676,Zone-B,Layu_Fusarium
82.48188817447448,25.65384693630756,5.6591313881451555,42.92794329810063,9342.21001898332,Zone-D,Sehat
53.704188422929796,34.04903106111479,7.224259672589,39.9431420704384,3806.178101579735,Zone-C,Sehat
66.88885289128214,34.52927928803304,5.47719152185455,47.56176633109933,2959.8024652744,Zone-C,Sehat
52.83617314241922,23.891387646941187,6.8472015004464355,40.13521857224543,3621.5912668016845,Zone-A,Sehat
73.4996155832476,34.66849848241618,7.611870690233939,41.78854907576676,3356.5796522547353,Zone-A,Sehat
79.39110977517088,23.11439858958067,6.373705356434414,55.88659824748458,2725.397204903592,Zone-A,Sehat
57.714491353018474,24.841381225962785,7.172883521573986,56.53594318884007,8382.71387822966,Zone-A,Sehat
66.7232428297281,27.774194151346457,7.461180058996964,54.83133572440222,5964.302197952888,Zone-A,Sehat
91.86077709693741,34.91676575425223,5.408079274632808,55.944927981138974,5108.1555230294625,Zone-B,Wereng
69.90751026983556,28.35131966514993,7.11748068584633,47.09186008017351,9605.023415873064,Zone-B,Sehat
86.11446060394505,29.155322761320317,7.759523071966029,49.386996442541516,4968.067096518326,Zone-C,Sehat
91.72331352770941,31.02752434380743,6.729111829566633,46.715194996648215,3335.781808377515,Zone-C,Sehat
93.84556212397788,34.58781625754837,5.5583667335862685,53.5676425215876,4192.34313541277,Zone-B,Wereng
90.42449088611161,32.183568201615174,5.380827594766829,46.53001457284333,3911.7322687087717,Zone-C,Wereng
64.28323981215361,24.914002057508082,5.779205991400244,33.33230893652342,5989.930236506439,Zone-D,Tungro
93.31577987725368,25.93888209863661,5.310539807050048,54.2874036137058,4332.040991636592,Zone-C,Sehat
86.5577858785721,23.269167114910818,6.540182214755142,52.81755512032609,6128.489377490894,Zone-D,Layu_Fusarium
87.67290126377695,30.37788073414162,5.209114048120203,54.609017858478765,7354.347399574312,Zone-D,Sehat
50.68278428773257,24.34962398500988,5.670213873908679,35.712883901692855,8218.390285706064,Zone-A,Tungro
92.94074884932321,25.346263550231754,6.319731331736643,38.148511581449014,7681.262250137846,Zone-C,Blast
85.01406007319333,33.54547751734491,6.421744251206064,38.8725509179059,3644.7257316508876,Zone-D,Wereng
84.5585373428555,26.2478237793162,6.696195455440893,45.24241608557021,2927.1977539420304,Zone-C,Sehat
53.66861289178638,29.36640733860417,7.11684488825218,34.016312524903796,6339.601272810008,Zone-C,Sehat
60.465584348299906,27.168358114259302,5.141685918996402,41.56145259824602,3591.294329665161,Zone-B,Layu_Fusarium
93.30177493120546,22.962406736276876,5.24186285652735,35.46474483237089,2679.469774172106,Zone-B,Blast
72.53046836624644,26.717229788657164,5.182577455414342,37.942881390982095,6216.754743835338,Zone-A,Sehat
67.90361082067652,27.3048866394671,6.2694509463947306,51.19162903675282,4614.3534808623635,Zone-C,Sehat
87.79733677161111,33.64411432484974,5.125543834648803,55.64433468951843,8049.19209550803,Zone-B,Wereng
53.93031863512749,26.217858497402414,7.238243800493979,30.687175997915517,4513.5330443873445,Zone-D,Layu_Fusarium
68.76239073219767,26.930134556906882,5.669000543115434,46.97690890065002,9829.73709644651,Zone-D,Tungro
66.90653484899376,32.17765799274035,7.817637479869877,31.081792861868013,8068.185530085665,Zone-A,Wereng
65.74331241636767,31.866436465750773,6.4592112652913345,32.55747735034651,2461.545771910897,Zone-D,Sehat
63.846150964388286,32.37770859643038,6.338977257326604,51.152521038423274,6070.981922850209,Zone-C,Sehat
59.45337305555351,34.39901962098806,7.3416160779185,52.0682431950635,6500.964009712883,Zone-D,Sehat
57.780986134573496,32.3422474791322,7.139461951678973,54.41942019518396,7562.421685452781,Zone-A,Sehat
78.81827526138534,27.29890664183258,6.8219271228444285,44.22724535310915,5982.374376270066,Zone-A,Sehat
91.37276785439053,32.679610719675196,7.80544011875111,55.794224460485644,5867.548787316586,Zone-D,Wereng
72.89832403624467,28.6127702171692,6.266777782961231,35.00514874924873,4943.508893420902,Zone-C,Sehat
63.40885485559899,25.61028242274135,7.425595027316859,37.49149240905008,4171.69107119339,Zone-B,Layu_Fusarium
57.162208897500186,25.93792188570316,6.140278837237456,34.03506442805914,9569.601695813875,Zone-C,Sehat
87.35645142736675,24.909951051324178,7.515037022888315,53.9261178174563,4540.773357074975,Zone-C,Blast
93.71714254129462,23.884908451656795,5.778423886897906,36.86025355159857,2507.3705966426455,Zone-C,Blast
65.71199306605334,24.398375354097453,5.867801218508097,34.665337282748865,3338.277914347298,Zone-D,Sehat
63.0927691498458,22.821314649399653,7.033608602052362,48.69332062764168,8858.213088330318,Zone-B,Sehat
77.06718288387236,33.54986124412102,5.638139884855389,32.31246079082023,6693.067672987071,Zone-C,Tungro
84.88980414290415,34.1031015254386,5.687462561076286,31.347008316605177,8230.244395016525,Zone-B,Wereng
70.4931261597349,29.62801510242064,5.915787287052244,33.201529456573766,8470.252369117556,Zone-A,Sehat
78.35329174374272,32.92636423591291,7.036786308981128,30.007226519615028,8585.891513688586,Zone-B,Sehat
82.24470806104813,24.38642433449091,7.668164277269696,50.90970462665378,6404.90966195687,Zone-D,Sehat
93.22665295352806,33.72175972795081,7.02370295338096,46.86705965143436,3416.9647655928393,Zone-A,Wereng
57.42667987340376,28.582700275196608,7.483442733032375,36.29625327113172,3185.862017889134,Zone-A,Layu_Fusarium
94.88221222214162,22.873144903872216,6.6306817690834094,36.990148439327875,6591.8753630009,Zone-C,Blast
67.64704948585529,23.837065678424082,5.206769664035436,54.32905795410119,4932.114829485412,Zone-B,Sehat
82.54400642269492,26.016693990228625,5.301398634525502,45.05460347580901,6464.385929966139,Zone-A,Sehat
75.75864700878488,22.566248544611767,6.663175935100746,50.95585071245219,5987.8227539029185,Zone-A,Sehat
71.90008776539781,26.020813914226768,5.9834029059263285,43.582663538247466,6817.584637580388,Zone-B,Sehat
81.41339159292139,22.779095630545594,5.661704220910828,37.131540780623766,2256.894325892523,Zone-B,Sehat
67.80892326006177,25.068358867506728,6.398770781907862,59.1120840204872,2262.6934450409867,Zone-A,Sehat
55.67494916015629,25.45370682613374,6.999490222712905,46.969426901261926,7772.7613667880705,Zone-A,Sehat
72.00020224045579,34.92679669276832,6.154975843207575,33.92945711303737,3545.0179505817587,Zone-B,Sehat
73.48621418070434,25.062106758927637,7.4076267714720245,42.1827012655172,7217.587697536451,Zone-D,Sehat
59.08559690299727,25.109423836201543,7.215569739714181,39.88012235840702,6372.607286331636,Zone-B,Sehat
92.10287103478957,30.928256588659004,7.204744646478701,36.42262405765564,9854.355771236987,Zone-D,Layu_Fusarium
60.2364040990831,33.17164722071388,7.955569069032165,58.00319967720779,8683.247031064499,Zone-A,Sehat
68.4152417337844,27.031720363827127,5.8856899321149045,56.42759986379258,5305.076170650796,Zone-C,Sehat
56.97183590801255,33.383034259229,6.9341767590226855,35.97441349560349,6931.30256074532,Zone-B,Sehat
74.11084907841249,26.42184626972084,7.566435020480941,40.564436671665504,2938.315657803776,Zone-A,Sehat
63.84369236450404,24.561206434995253,6.738573301741733,52.86946175012465,5091.088343699048,Zone-A,Sehat
72.01726339892377,26.285304716260406,7.3685065283461775,36.25518144420647,7871.101928718995,Zone-C,Layu_Fusarium
60.107761240619084,29.9216328610639,6.243356557519737,47.746945878127335,6981.372673029229,Zone-B,Sehat
52.41988075769221,26.77286107105696,6.771474036964414,50.9938182637445,5875.770595018863,Zone-A,Sehat
85.06519929870149,30.747619451860754,5.1669991784129845,49.61916977132299,3412.2328324213527,Zone-D,Sehat
78.84888277818463,25.08016643249227,7.9573028174744405,51.192259208265014,8425.167409260357,Zone-C,Sehat
65.33327100699557,31.112907621858934,7.400055444345252,51.20098767086289,4185.3328352926155,Zone-D,Sehat
52.1372401107045,26.516698722230068,7.606427214894349,58.94417759546785,8563.832653295276,Zone-B,Sehat
88.95087782137044,27.92628883082515,7.082882834428839,40.39496668560959,6892.872502359948,Zone-D,Sehat
57.64077522210557,29.250686825757647,5.558150098426099,56.357712731275186,4981.851423590299,Zone-C,Sehat
91.88339982266426,30.920925041417917,5.093085327254097,30.654211875453203,2324.8417756799317,Zone-A,Tungro
71.53679203681813,25.103277994033537,7.593969823208041,38.6460888996985,3859.3507547550153,Zone-C,Layu_Fusarium
65.31740194588177,32.86729198634053,6.1889919612083695,31.459673459973946,9112.567403905312,Zone-A,Sehat
83.37917646009338,31.383955746818117,5.79159462811976,49.536118798675204,8543.79475116574,Zone-A,Sehat
89.45777327338337,25.043272947311994,6.685018876516834,33.02371112194859,6598.826503472784,Zone-D,Blast
66.68211036405698,34.67466931383784,6.2626955674271585,55.37120590956139,5730.579711697015,Zone-C,Sehat
68.33046884765842,30.64236088339596,6.954997987062671,49.39775051370779,7177.141434640873,Zone-C,Sehat
69.49211987062388,27.88154952406717,6.451379699163541,30.86446203160817,5729.985022746412,Zone-A,Sehat
91.50453776654011,24.04785523219571,7.091699421320811,51.44332096303869,7154.4387257531225,Zone-C,Blast
81.16537961814497,28.931873030005708,7.560269808527429,55.86104841770883,4459.232797281264,Zone-B,Sehat
61.1440752670545,24.142086528752536,5.586671032867367,49.83363022986448,8707.977743291802,Zone-B,Sehat
58.32498638758908,27.58339182307197,5.988298641696461,30.915726478050967,7615.343147722134,Zone-D,Tungro
60.366544854116725,27.313262795613745,6.310446759711917,55.7375864538122,4639.805027421535,Zone-D,Sehat
61.86037501334828,31.359215376516982,7.886175344082915,51.97391738802105,8645.32891858753,Zone-C,Sehat
60.35825711003007,24.500981355915247,6.096000840642455,41.35353937451953,5898.740246825431,Zone-D,Wereng
79.63279012365783,32.684327613320995,6.143299548777889,39.858907749465075,3397.110917899692,Zone-C,Sehat
55.217007979587784,26.239720251210155,6.960417568878683,44.3946054422232,2621.699696028213,Zone-D,Sehat
67.43113203685823,27.771852150594075,6.257599129669847,56.01305252813613,7596.845981097763,Zone-B,Sehat
78.12741078366649,32.04043268219995,7.8536712369188155,37.561780556086724,8920.966433664085,Zone-A,Layu_Fusarium
63.088698827431884,30.130101196275692,7.683406281426332,33.02891433723603,8459.535908756348,Zone-A,Layu_Fusarium
52.93734731157461,26.004329573425185,6.540226333327019,55.9390911888315,7245.208241777215,Zone-B,Sehat
53.68207652806857,27.020638019096452,6.93432570184355,30.78869546642169,3131.000444838144,Zone-A,Sehat
55.668504933710885,25.975228581864933,5.174091685650861,57.32991066732194,2752.352607813228,Zone-C,Sehat
87.61293611906699,29.732012174603042,7.087191584097194,39.17235582904202,4760.236984093803,Zone-C,Sehat
79.60385775222363,26.324118931688915,7.1216026188470964,45.24668105064803,8839.28712319015,Zone-B,Sehat
52.903508499394015,31.43407003218083,6.077597886929624,33.96886574256684,9693.890162453314,Zone-B,Sehat
67.5980995618139,29.537233061588438,5.6590486508758175,57.06764908130056,3930.88683877657,Zone-B,Sehat
62.53633277811795,23.894185952717617,7.74523520545105,52.495086701532145,8096.76536465376,Zone-B,Sehat
76.011805023296,26.03349204283847,6.280114702415383,57.72466759824103,6590.953735257645,Zone-A,Sehat
73.52626773525411,24.878816744832026,6.961118314405132,50.496871533544876,2254.458936623542,Zone-A,Sehat
71.65058105163718,27.074071763169307,5.099986384928767,35.54081330226978,6343.330799463519,Zone-A,Tungro
64.1530566667676,28.70779312072172,6.242201499730509,39.24801008958748,8447.523223914843,Zone-C,Sehat
56.20098974197958,28.587917144693428,7.4517764330416405,44.6054572531042,4208.982266752212,Zone-D,Sehat
83.4069372292687,31.808807795322757,6.1627280012021455,48.21774616080621,9178.892991763689,Zone-C,Wereng
89.59355459791945,24.459234226822222,6.809483480410631,57.79378312008821,3890.083254997095,Zone-D,Blast
92.48679091547677,34.30414678086681,5.629567401453619,41.51854397367417,2611.7850611524345,Zone-B,Wereng
52.63785367761112,26.45698638946819,6.249576946518679,51.09216065721438,3279.514475516512,Zone-B,Sehat
83.29589202149972,25.9032350099098,7.78291315415956,58.83026546732465,8696.022949767346,Zone-A,Sehat
82.69265567331331,30.907321516342858,6.699355249103112,34.57122190246359,5338.447352316227,Zone-A,Sehat
92.61993263655151,32.47171617287981,7.705794377278794,55.881287663386445,8375.56450897326,Zone-D,Wereng
61.38115675239945,26.920132942577496,7.70605789846863,42.62118211179596,6249.8644879167605,Zone-D,Sehat
83.39805672328204,31.7090106736217,7.832443401273439,51.9726532778801,5844.472998355452,Zone-A,Wereng
52.45818299449181,33.48856742976871,7.686174980240316,38.80615016211251,8455.305211939722,Zone-B,Layu_Fusarium
78.40605743427287,31.968447647690446,5.009843387030902,40.01952654798005,5387.900893699007,Zone-A,Sehat
65.78815208234809,22.444554312420827,7.80204467474479,30.813996746041983,8416.261848530947,Zone-B,Layu_Fusarium
84.60092477963639,32.755795847760446,5.412378317256129,59.14212459500879,2805.297319707565,Zone-B,Wereng
88.84869288959271,32.06825245990677,5.119778753333452,54.40357725692353,7090.486524314052,Zone-C,Wereng
66.41694689978823,30.700773095991416,5.166165603734158,32.81753873778661,7620.6964524158775,Zone-C,Tungro
73.65137417146852,31.880291448142746,6.046748585529301,59.98526386991323,9192.77916913394,Zone-D,Sehat
55.28318280636199,34.732530145815204,6.862412255806381,48.15073791608825,3794.5913497295596,Zone-B,Sehat
68.76081343505645,27.604467541638545,6.206933589556993,55.61185913893149,6833.759040742812,Zone-A,Sehat
66.23601769666261,22.873902054409772,5.076662853948139,31.99982289833607,5466.052509513785,Zone-B,Tungro
58.240555690303296,27.991569605160315,6.429447902524144,41.68353535475771,5062.173244352232,Zone-D,Sehat
90.25153811450491,22.603637520083623,6.326392226811141,50.0895336691083,2853.7084416956595,Zone-B,Blast
56.66395271180721,25.825255305149994,7.270547796504941,33.193011560991046,3073.866644759538,Zone-B,Layu_Fusarium
78.60827108885843,29.629437293357867,5.838838695276315,44.667085159620015,8695.907691581171,Zone-D,Sehat
90.05641895659494,26.02509760804003,5.652593521383102,43.280336236324246,7998.027458604496,Zone-B,Sehat
91.03858609384515,30.910138196824,5.767816873029878,36.48120673420739,5058.729042328804,Zone-C,Sehat
85.69578649282558,32.685822259914374,5.911219467889544,39.00809507555407,8627.892651117047,Zone-D,Wereng
57.92635102433795,27.465709330633977,6.797494620101499,59.01355063484947,2646.1294785886275,Zone-C,Sehat
86.78441341462414,33.70179336680904,6.414576456356239,38.65945458029808,6998.1913362653495,Zone-D,Wereng
62.44541655870311,23.0379061075552,6.010683695537174,36.40278401905233,8945.408421714306,Zone-B,Sehat
91.50791123446291,32.921471134605845,6.122942474851035,46.086275132050005,8710.913848249995,Zone-C,Tungro
81.90890066407323,32.77145089071089,6.112770980476928,50.12874102210894,4982.2620795348785,Zone-C,Wereng
85.33704024539989,26.185920652247944,7.917220084130952,51.752793332086945,7961.870824455913,Zone-A,Sehat
53.82646040758718,25.883297432619994,5.698990964158858,52.627415534907485,5419.7451641590205,Zone-C,Sehat
76.2244301049595,25.966234754995664,7.454184680816776,31.104974745442593,8721.105315119596,Zone-C,Layu_Fusarium
86.95139571044058,32.54811826047734,7.1246325127645616,41.812812011386896,6246.095601240184,Zone-B,Wereng
88.77156587476247,32.81149533893254,5.016710016810652,53.218742393492704,8118.856392840329,Zone-C,Wereng
51.28842671301387,26.28639196475968,7.979528654376464,57.14556305400389,2628.5726583333735,Zone-C,Sehat
92.26216546498037,29.703674516778005,7.269318111900721,48.0660036999835,6720.207772870903,Zone-C,Sehat
51.950242998611586,23.80613198272591,7.047348759052374,31.56920560529057,6402.27341975471,Zone-B,Sehat
77.65334058536824,28.094123597653287,6.215974123029912,41.89937417565393,6879.813773881281,Zone-D,Blast
81.20243874268904,34.984307061121996,6.665609266742869,32.22681347605364,7565.132863324721,Zone-B,Wereng
54.83053810255594,24.06490892018121,5.759812687002411,52.45613588053754,9344.871760273136,Zone-C,Sehat
52.16053395241367,34.31831431948076,5.106450215437093,31.905164078449957,8285.456654208248,Zone-D,Layu_Fusarium
85.3210469502828,32.7153113855451,7.508064975337918,35.57193200205532,3757.103931479238,Zone-B,Wereng
67.31017811588453,34.63879046230151,7.689453481043515,42.50875271894323,8607.170154336767,Zone-B,Sehat
54.820063189180566,24.33452388793693,5.48741190984272,43.87945101344616,2976.637420920765,Zone-D,Sehat
84.32005173744389,24.775740375763736,7.361168287537199,42.19445100945037,6977.588685400557,Zone-A,Blast
88.21233815646292,22.219273362553164,7.2234580198569756,43.90189939818,9062.030465967546,Zone-C,Blast
76.43237858414633,31.42112356790287,5.535125005808271,51.39717456060599,2808.9764337192314,Zone-A,Tungro
57.255656379559056,30.373231014670413,6.2654864077243815,41.078064688666245,8797.541226482084,Zone-C,Sehat
50.685011217117086,24.314850698221516,6.26827376250231,46.432513774518576,8388.965873841964,Zone-C,Sehat
81.53611165858747,32.28488455204693,7.279892774915746,39.10107772586197,6030.203470712566,Zone-A,Blast
74.75628536713926,25.88954157971243,7.512982717328166,40.60882485271448,4471.180818363233,Zone-A,Layu_Fusarium
79.28587137740358,23.75494240129826,5.284325364174113,48.413968771262425,5243.50582457235,Zone-C,Sehat
86.59331015898181,27.493314645251527,6.688907704712609,44.7148395491106,9749.265085601695,Zone-D,Sehat
69.54024996468374,23.18260802954913,7.2852454907866555,51.69108884577844,3613.580449214771,Zone-D,Sehat
55.60319609751292,25.422167531552205,7.358571782195476,46.81615764155249,6636.834302639162,Zone-A,Sehat
92.29924784258719,26.8273336595555,5.443980573291227,54.10722256151618,2665.925983029471,Zone-A,Sehat
74.53679572610858,33.07423426868395,6.576515429452382,43.3022463898415,3743.1445135133777,Zone-B,Sehat
77.68823535898431,32.30313363681188,7.572676119088109,44.731008596004045,8106.531104596165,Zone-D,Sehat
92.0035143298288,27.755805714758036,5.955555729755853,50.099140467028185,4420.792322884217,Zone-D,Sehat
91.92126453396183,31.41947575078104,6.275350696735392,36.63731833236147,9886.128564501876,Zone-C,Sehat
75.7442573027678,29.392445270327066,7.413075534008997,41.57788610793783,6006.536344750721,Zone-B,Sehat
63.39251411246418,26.430944116014885,5.267958563551287,48.74523732035124,6132.314602461943,Zone-C,Sehat
94.87011353057326,31.436366465438702,7.578479869666935,30.86628807797209,2290.517914685882,Zone-B,Layu_Fusarium
80.63676904790913,30.885489008062912,5.933470150192427,43.10914300901825,9652.213996618128,Zone-D,Sehat
68.37965046014254,30.048227748516826,5.004350949773381,47.965498089183505,3393.867527075344,Zone-C,Sehat
75.19265612841154,30.033421773562257,5.702477435169075,59.02126595934594,6306.724790483541,Zone-B,Sehat
68.71253226206133,30.8787659002507,5.26850192268652,56.310496848530136,5165.396879669853,Zone-C,Sehat
89.97373185334914,26.999091664352996,5.277154720988732,38.422258588279746,5324.677605956846,Zone-B,Sehat
71.71247186895857,33.297985595880135,7.078507202427774,45.21630312086774,7146.401328288867,Zone-A,Sehat
87.05877691915612,24.11000199145399,5.641929006917194,31.69243117980274,7296.709416739819,Zone-C,Blast
87.80793340203518,33.490511022109004,7.804227088930947,37.22263244453421,3234.3089188647746,Zone-A,Wereng
87.09495519808618,26.44966395941593,6.549333639773912,53.2456760420427,5996.693224975137,Zone-B,Tungro
82.49848756140534,23.62541100291209,6.3802947738647555,33.699420368260334,8323.819593134856,Zone-C,Sehat
88.46949725634119,29.80035623482869,6.302850554660455,37.7307157450187,5546.291868417837,Zone-B,Sehat
67.42533108303361,26.88782669791527,7.077762919014896,58.32127505207424,3326.4357666126407,Zone-B,Sehat
55.15984427638821,32.60149645234575,6.356788287570826,54.71567401477374,4505.735545253525,Zone-A,Sehat
87.91043919676315,27.600211090873977,5.385801068675575,53.454831379467365,3699.0365128405615,Zone-C,Sehat
72.41757870593054,30.69131283230743,7.64051654192227,55.936724709064706,3006.5397433186963,Zone-D,Sehat
55.731921463753295,26.00735386356273,6.2851860467769765,52.488170597470614,5020.64901948283,Zone-B,Sehat
55.18906349819036,24.722880875329423,5.222013727098507,33.61758648354705,6327.489945584601,Zone-A,Tungro
57.16590773044517,27.044637402334708,6.588097962493283,45.49683979455694,2582.012202213054,Zone-D,Sehat
83.79379668501977,29.888501849831634,6.94204057536711,43.327317624069664,6830.586977825467,Zone-A,Tungro
81.98855030598264,30.540307609747572,5.826747392473275,39.3345473481114,9944.195521356862,Zone-A,Sehat
59.17184060831975,29.516686648874238,7.401021223021527,55.021212291588164,9712.999456160669,Zone-A,Sehat
88.11155381494078,34.844724342113416,7.009327538112091,43.92417607122701,8633.387855993271,Zone-B,Wereng
62.65826579877102,30.984172424437148,6.9510235077933,31.808928040726492,4130.728902419224,Zone-D,Sehat
85.68435124917264,34.10975515875993,6.262474858603383,38.24896751160804,2179.260771834938,Zone-B,Wereng
71.99626584807238,23.533131533637267,7.885745904233863,36.858631740883354,8668.333623062808,Zone-B,Layu_Fusarium
82.91969071423547,22.797848087575225,5.822567503847743,56.62436654433851,2445.761855829706,Zone-C,Sehat
67.16244483831046,26.0429311261554,6.733116503046357,49.42314301917,3645.024651766163,Zone-D,Sehat
65.62132686926492,23.77565619889351,5.927165472417853,46.81128797646225,6355.625723574275,Zone-C,Wereng
87.86118195316996,28.83629086696748,7.234414258914662,45.199477250361156,3427.024313149149,Zone-A,Layu_Fusarium
51.58860145313314,28.746756295802623,5.143374451610365,49.503390826243965,8670.306650389135,Zone-D,Sehat
93.86316262658784,29.475613163771353,5.137681603625148,52.646266403313746,8217.277570078633,Zone-D,Sehat
79.16808012194181,31.687962450803944,7.432582908556374,46.6315411749453,8046.156045897998,Zone-B,Sehat
69.4617524689749,34.62728610276016,6.302804483191013,58.14856245457832,8529.020927180612,Zone-A,Sehat
78.26245390176913,33.4173629887089,6.0235401638010675,59.30502511951154,3757.6142421168965,Zone-B,Sehat
55.523342590654224,23.53877411448256,6.822580586526016,59.860269498264685,7831.139009197995,Zone-C,Sehat
73.13236048820964,26.400677954018544,7.105698031606921,50.081733302659345,4842.252020734118,Zone-A,Sehat
94.3292985502909,25.325699325624544,5.60360404053322,57.97861400267635,7334.758076547196,Zone-B,Blast
60.58712470310181,24.298625651137307,5.5562937242141945,42.13439085923864,2976.173829049398,Zone-B,Sehat
82.50251445663572,29.0814233965252,7.874452243279645,55.78777173742156,7644.692640516119,Zone-B,Sehat
69.57371191242653,29.192437226425497,6.768992919153709,57.275228962190425,9776.861823206236,Zone-A,Sehat
79.36061668195791,24.954182762544797,6.170349431882805,57.12421416996827,2348.80292254973,Zone-C,Sehat
59.2199252911299,31.25466425398691,7.404325084008519,54.925388487251446,2750.631209336678,Zone-D,Sehat
71.1709242177921,31.527885889203567,6.575476876333751,42.19797484923751,2989.094138704111,Zone-B,Blast
94.10417212366738,22.272739932841134,5.7249884311237444,34.76722445942203,5444.5112395304095,Zone-A,Blast
58.78792179572043,27.144850148390116,5.620205916924721,40.01869069033337,4326.24147946443,Zone-D,Layu_Fusarium
78.64002625319407,33.57182833562108,6.190577798509465,53.01865707894279,8455.36122832555,Zone-B,Sehat
75.90189869450579,28.764141907169897,7.579687580779639,36.98656533989926,5790.297913607692,Zone-A,Layu_Fusarium
75.42732138306815,26.519161418706926,5.184343748132777,44.34816194477917,5876.298741508419,Zone-C,Sehat
77.68054803432277,25.29778997073669,5.655578002264289,46.961985539540166,7736.30481060283,Zone-B,Sehat
72.60070881597026,25.16360875893767,7.679455456557774,48.11575687313626,4895.751860285965,Zone-A,Sehat
50.76188376159461,23.296984440060484,5.365203706907751,58.071766451363956,4825.657979363708,Zone-B,Sehat
90.5043565158403,32.6239434482102,6.888877154792505,49.84479061242953,8055.411101019843,Zone-A,Wereng
87.2140472367814,23.126546270124226,5.640534104363075,53.58896448231907,8240.333966694117,Zone-C,Blast
57.83754564145046,25.799831956203604,6.817600542535665,47.456350436749005,2115.190180262556,Zone-C,Tungro
68.59729298204911,22.593784601362593,6.149312500532696,55.00740956585889,3150.3238067258644,Zone-A,Sehat
84.67470413121055,32.15802540640811,5.305030689292976,37.90990839209289,3704.7854491878384,Zone-D,Layu_Fusarium
94.1028041924278,22.510687868948278,6.747425202662319,36.296330150063675,4812.803750063011,Zone-C,Blast
92.80116708988038,26.00791435028671,7.049128241253758,57.78960146273909,4331.584667455625,Zone-B,Sehat
90.47116398542784,29.45286581112663,7.040817856897409,50.80442629072135,7348.160387106212,Zone-C,Sehat
57.126825378461284,27.32429768381477,6.9111032272181285,50.14576731174664,8625.081870423666,Zone-B,Sehat
91.15137977040521,25.669523874238305,6.500674342806637,44.01885715885349,3536.6958588481934,Zone-C,Sehat
89.53002108279858,25.57745794155804,6.558417850577976,41.300917778805314,6503.840484815587,Zone-C,Sehat
66.96274600248753,32.37127397808124,6.906920329423879,46.670735834359164,4942.530008648288,Zone-B,Sehat
67.7535167541318,34.661715236134185,7.070778085239923,33.61699048265001,6046.2230003684945,Zone-C,Sehat
70.69590148798224,26.524533915834315,6.964630216494156,43.641376832493236,6966.062734267151,Zone-B,Sehat
79.52790339348877,22.508891676917216,6.760836694740355,43.66103113396443,9148.798549456089,Zone-B,Sehat
61.73760271923571,22.47535511281841,5.467516954412355,46.150095388327955,3538.341342618246,Zone-C,Sehat
51.03267932479751,31.869774397739334,5.631849615478585,49.04056843101607,2696.0526964484825,Zone-C,Sehat
56.3553286068759,29.18080768091865,5.780672063106045,58.719550979560864,7017.69535236282,Zone-B,Wereng
69.80521584095482,32.1867045464253,7.758984971262507,49.56507381275271,5153.046790181012,Zone-A,Layu_Fusarium
62.690115624179086,31.067461133751472,7.2781852753909,56.51175455860235,3303.221546343909,Zone-C,Sehat
84.40324524662594,33.79758254045015,6.658600458610635,46.68911584407491,2936.697338838758,Zone-D,Wereng
54.80105317471721,33.515715783606105,5.756170785632141,48.8078364788247,6471.278294992238,Zone-C,Sehat
91.28593514996618,32.24825614307531,5.3326745697325135,32.09510859328709,4403.764756225564,Zone-A,Wereng
90.289723097476,28.17745908054787,7.696277677939924,33.99791168653247,9979.411036687823,Zone-A,Layu_Fusarium
90.89405676199797,26.00564329885008,7.677998047468751,47.390113055926186,5247.2065546457125,Zone-C,Sehat
83.28244993714969,28.59134823678032,5.332086787087075,41.87138609874088,3698.2928701214614,Zone-C,Sehat
54.81499871676197,28.526930895157705,7.3916499982894885,53.964315595965054,7030.792360938222,Zone-D,Sehat
69.7161907116305,29.933582135561387,6.339935207929738,46.295336246225276,3954.039117524055,Zone-C,Sehat
55.91324173124587,24.41926838117775,5.97190079849162,56.46873116854013,5952.688345849288,Zone-A,Sehat
94.44646367424872,30.523058445784855,7.217313608626122,59.16995035386874,5860.609469768059,Zone-D,Sehat
64.98672905294029,27.935812014675605,6.842988623182192,34.42905555364455,5628.461037725898,Zone-C,Sehat
76.3398743850528,30.06266281523117,7.3400903227800125,41.844832549668794,8368.685570156598,Zone-D,Sehat
85.07268744098998,25.114862697954095,5.2229865818988115,49.949430757140924,3732.904011729471,Zone-D,Blast
91.42772379015405,27.647133620405615,5.955761059872369,39.16466266201049,9234.458440563762,Zone-A,Sehat
83.99964766286121,24.732615787882764,5.957950551250208,38.010970131644854,8330.724025708274,Zone-A,Blast
80.35267004448069,33.37896703783842,5.989259276863296,54.4121568188651,4664.97891394659,Zone-B,Wereng
70.96918019171682,28.34349358553999,6.507439617931416,59.41135407176229,3444.820050241108,Zone-A,Sehat
77.24300601877358,24.92475840245956,5.849041409242842,53.214099937424436,4236.280196053931,Zone-B,Sehat
54.23737139837734,22.5357130446401,6.333150830262559,45.71029868412341,4661.089975272627,Zone-A,Sehat
89.77651438825681,30.784602640496043,6.103332779346248,43.27533695835944,6455.465350456374,Zone-A,Sehat
74.46997889779485,24.790381281866825,7.205888144061534,46.18943161591095,2370.945350509201,Zone-B,Sehat
51.80607726957242,34.86456850014412,6.81050238702515,43.88519106563207,9314.873038816426,Zone-B,Sehat
91.39559565469538,28.93810485439723,6.960888296951946,45.08664170357004,2789.398853288888,Zone-B,Layu_Fusarium
72.0185888226591,25.756700951224417,5.631751682247933,36.10359151587683,4234.187152800278,Zone-D,Sehat
89.08651137024508,30.549806639304194,5.976506495980668,57.11225847927983,2874.2995036237326,Zone-B,Sehat
88.55995793924106,25.577859004695114,5.063496342836223,52.63605004569804,4053.382612205281,Zone-D,Sehat
86.70882143557017,32.663565820826705,5.32512412187951,50.4293226807966,8701.390548870468,Zone-D,Wereng
52.76313586829102,26.007068662089246,5.795162695966662,58.497749129234194,6921.406491065938,Zone-B,Sehat
61.1179990440894,34.847220521146824,5.196391163906063,38.53182995738514,3818.5858007158454,Zone-B,Sehat
89.39965426094437,29.866882210788816,6.807897201064107,32.434782326808424,8974.068238394702,Zone-B,Sehat
90.45459752234422,32.977344936254624,7.994390347771476,54.78415981065995,8405.696473747877,Zone-A,Wereng
70.61309880659627,22.946601104519488,5.302445642196165,59.95250890947764,8029.194258572645,Zone-A,Sehat
69.8018660444391,26.527892426020447,7.463690638007796,47.35297314060598,8781.061587085704,Zone-B,Sehat
57.881328524876736,31.587332120159946,5.356448741795441,31.764281637380456,6957.197452146521,Zone-C,Sehat
93.57848549110182,30.515767225427574,7.0097420563893085,53.414041204648235,6011.4988816898585,Zone-B,Sehat
59.591231391156946,24.52516057863885,6.929472809177051,32.212471465375245,4991.480209371115,Zone-C,Sehat
58.59215529578445,26.630638096626228,7.708150804433598,46.20041958777844,3790.112163261587,Zone-A,Sehat
79.73280365671285,25.424764297338033,5.3418368410415376,38.325974226315815,6459.2932611751585,Zone-A,Sehat
60.927993635020144,29.973812206903958,5.946333398245693,57.450803417771866,9115.938765712706,Zone-C,Tungro
92.24472249564754,26.479386982964073,5.272339281064057,43.53993639778455,6751.8543119386,Zone-A,Sehat
50.490814789300764,26.01770514600455,6.222149977413301,56.9539004543566,9356.854893765094,Zone-B,Sehat
50.258896804548556,24.695913745672442,7.734779520672335,38.97243255763703,4855.338956745309,Zone-C,Layu_Fusarium
72.71945606460199,27.317352571890428,7.344569453185568,41.62087751464054,7561.103780219981,Zone-C,Sehat
71.96281069610623,24.541533672555197,7.168700301335957,58.413575647412415,7189.32377970113,Zone-D,Sehat
57.35138098554097,34.51340463590922,6.5990825145881065,36.03943352794906,7363.470752501935,Zone-A,Sehat
72.2533803336628,24.008523549438944,7.6504572270065685,47.35503454953435,7160.336097926341,Zone-C,Sehat
68.52474973264938,33.87296129446409,6.348325394723985,41.65530985680334,3773.237399496934,Zone-C,Sehat
90.0648286404066,27.570150276035566,5.449057001301915,53.22500655206182,3148.7271862651914,Zone-C,Sehat
50.41642640976335,26.912257890302385,7.512755669362337,33.87889113514072,9829.02604985647,Zone-A,Layu_Fusarium
93.93214122648286,25.007157411763036,5.83891498415518,43.11644907014006,2362.3610307400095,Zone-C,Blast
78.09767439331291,30.264832346777748,5.160900623073344,50.967978805357895,5741.891896226162,Zone-C,Sehat
56.832955054037406,30.911864195140872,5.378114092006374,42.210487050184796,5400.642537134895,Zone-B,Sehat
52.10420062150248,28.078422509281427,6.827176748582445,31.7559521782613,4880.15166572061,Zone-B,Sehat
74.21475463516543,22.724189644014515,6.8212458917635175,51.15336784006031,8255.870828613675,Zone-D,Layu_Fusarium
60.5700574687319,33.94063195895115,5.780549513246103,45.09594983054949,7962.802306500127,Zone-C,Blast
63.552449165056665,34.74427872739295,7.181540443837937,30.339260600403016,9241.799388239524,Zone-A,Sehat
61.030947417553115,27.603564397753857,7.3209204661986025,48.37967685685119,5163.900209495378,Zone-D,Sehat
79.25775411076299,29.977590496321252,7.761507878400854,57.596430675863594,6513.436223435678,Zone-D,Sehat
74.90880329522601,27.853882141168707,6.754812496034711,33.33077844635067,9138.456378736966,Zone-D,Sehat
53.508849058481516,26.18443546151957,7.338270092442718,47.72013705027507,9950.784502843075,Zone-C,Sehat
73.69369399288288,23.0051443071515,7.259299039314901,51.86006645287891,9754.35489892284,Zone-D,Sehat
85.60353945034849,27.928880495164886,5.773427145401579,32.123210104209164,7742.750970149873,Zone-A,Tungro
53.6537565869146,32.63899923267287,5.930677783812978,30.67846374492559,3145.820462481437,Zone-B,Sehat
90.0382539303689,22.221408994144046,6.435447187258614,43.92587599934842,2185.4880943442126,Zone-B,Blast
76.02379922514781,29.56739988134289,5.057116902587746,53.73560061703091,8601.746851223535,Zone-C,Sehat
92.77810111716425,33.45003741344696,5.89219331947317,34.82158230297985,8727.536195934605,Zone-A,Wereng
56.666354797506905,24.828142590186655,6.421648620032714,55.09911816644769,7970.887266107757,Zone-A,Sehat
94.71042497089918,24.38232624095781,5.324207885843431,49.69731766270789,4239.387887993761,Zone-A,Blast
78.99227896863546,32.03959613412526,5.378827663325376,39.965198633654566,7118.542876788213,Zone-C,Sehat
75.53723897664783,25.316123604550814,6.3897102072120235,45.47477395477348,4529.9875345221935,Zone-A,Sehat
73.18758308504384,24.49579547828843,7.192895094757794,58.967249391802156,5605.185968807397,Zone-B,Sehat
51.064446789424075,26.913860257400056,7.50124679276205,36.49310911897017,5059.480679844084,Zone-A,Layu_Fusarium
92.28376361973102,27.102526159512834,6.638941692514246,44.986061932321206,9309.120694320445,Zone-A,Sehat
78.97975127843893,33.36331381921536,6.4242469626401935,48.73459668322862,3873.258645951005,Zone-C,Sehat
54.12319180246811,30.0397651351378,6.152841705379266,34.14043816426999,6620.8872365900015,Zone-D,Sehat
50.94284766325362,27.277498932414662,5.578846977312819,31.30566265869929,4887.852232270873,Zone-D,Tungro
52.28526376565381,28.94704353571497,5.439686008443094,30.403798587944138,7304.568895313806,Zone-C,Tungro
77.42280935445083,34.401548033228565,7.3756893549854246,39.74078569800049,6516.5051294198,Zone-C,Sehat
77.63069367025633,23.47179079592864,6.395019896637009,32.21841883454596,9391.821450927524,Zone-C,Sehat
72.48502813016485,24.70030178242099,7.3709607364392635,54.11309857623344,2812.8972136097054,Zone-C,Wereng
63.80446192938282,34.51287318562522,7.112249107701889,59.91958581485238,3765.126718054107,Zone-A,Sehat
73.92842292265885,34.445223030853654,5.581687743150137,31.83911465203392,8130.783710648447,Zone-A,Tungro
73.2335819394316,24.303150476442045,6.530921792633677,42.98178827800319,4950.294719158747,Zone-D,Sehat
50.873700194445455,23.886414622628877,6.332049891268042,30.771963689477243,3326.270289829791,Zone-C,Sehat
62.71111536473741,27.474106746402057,6.2716205182720905,34.0197267227179,6026.570073963102,Zone-C,Wereng
52.393340366021725,22.6463378023436,6.627713147611441,39.68767682732022,7217.13649289109,Zone-A,Sehat
90.5069638151445,30.51374591970682,7.946245703226314,41.810946391729495,2358.6137132279887,Zone-C,Sehat
82.63504232533109,23.00744828160265,7.438701793012235,58.19348839285921,4332.975114939558,Zone-B,Sehat
94.82518265868106,22.754385152225648,7.711137294891175,41.87510426270688,8475.380301568344,Zone-A,Blast
63.59770684873796,28.30743017071504,5.088918749528113,44.88832977172206,6161.956532881554,Zone-B,Sehat
89.53186314906097,34.45122626943132,5.421009100377518,37.36750104821599,2283.03372138656,Zone-A,Wereng
77.13744205696167,27.548347168821074,5.254290980673691,30.003754162697266,4255.608042197607,Zone-A,Tungro
70.39064331066223,26.634255062587165,5.78969301519583,56.98003370199406,7113.125247835371,Zone-A,Sehat
60.01579000798858,34.973437301529714,6.325677475899951,32.45144271108914,3594.875756624198,Zone-D,Sehat
83.22764743787643,28.915596490129385,6.926159742967669,58.92746523108687,8619.131249755315,Zone-D,Layu_Fusarium
90.6863337006935,26.87813828957323,6.502493798859806,33.92532312300781,7412.607256669314,Zone-A,Sehat
60.588877913391684,27.016190573440824,7.70955174473942,48.14635442251321,5771.032487582345,Zone-A,Sehat
57.89256507381256,24.534473448435637,7.8195678766815915,59.982317635699104,9324.990248534279,Zone-A,Sehat
81.329986175219,28.65889974681801,5.490562853592377,34.153937882090275,5134.406167397294,Zone-A,Tungro
93.96379232264836,27.705115366184074,7.5587387607943555,42.718292548194725,3880.5872845126823,Zone-C,Sehat
83.74797954968352,25.520338852516375,6.445166612039904,53.412710069144296,7291.223940213607,Zone-C,Sehat
62.8061332571442,24.087021125822876,6.359988413952153,30.965704495499047,6586.3614997611885,Zone-C,Sehat
68.89799408665036,26.0461052926782,7.354818045453705,50.69348253420134,4681.983207449801,Zone-D,Sehat
67.29429359562673,28.61288325994048,5.279421527134629,32.411200136723984,4749.3164905918175,Zone-B,Tungro
88.34427581211705,22.758332539702423,7.64747938225744,37.095604268196794,5185.6824690728145,Zone-A,Blast
84.71168504925006,23.99867237159143,7.012590063642844,34.80228487480081,4329.108539834954,Zone-C,Blast
76.5038945642684,34.31954447059824,7.625784822973994,57.220092949408084,7681.93125088738,Zone-C,Sehat
62.373159967860644,29.057119563407404,7.983432733122868,35.413701503450426,7210.867240409642,Zone-C,Layu_Fusarium
92.20948374749253,22.82484094758049,6.55401335707176,31.213022865454715,5526.2212203711415,Zone-A,Blast
79.3991851146116,31.01014086400445,5.2797865937267865,47.62877035343286,5182.837406233897,Zone-A,Sehat
93.67144908988021,22.80343731102745,5.4995715887926595,40.38542776229106,4920.410154877641,Zone-B,Blast
76.10526648689138,31.605364951602848,5.97085472766293,42.17118661924099,4267.746571138028,Zone-D,Sehat
86.95367412636264,31.74951538236035,5.310658826404128,33.57188234587641,2685.573305256475,Zone-B,Wereng
86.5897420727537,30.464026684740283,7.4460254784133095,52.44703474299584,4145.637484180004,Zone-A,Sehat
65.17979495751165,31.518659080051545,5.890603553098305,48.04660948930554,4569.61078954452,Zone-B,Sehat
93.38093253307527,23.14355515316975,7.927658564059596,40.9265113424484,6381.472050122747,Zone-C,Blast
50.98736604189038,31.448147180618477,7.107774295795567,35.14724831289408,8190.308072624398,Zone-B,Blast
84.59199089453364,23.776948156410477,5.520291110766673,47.803552175116806,5165.617158672253,Zone-C,Blast
93.45006885938197,26.41357679453397,6.428127940831821,53.357918385221325,9558.055246816733,Zone-B,Sehat
65.25086914776753,34.25568829550823,6.4006526648999635,39.371918516015846,8618.799707529299,Zone-C,Sehat
79.16497645059374,28.53738120956882,6.477534975000902,30.775811506157915,9878.414783069962,Zone-B,Sehat
75.30004624298948,34.57654361707918,6.607073511928807,36.43031954258952,9009.624328331854,Zone-D,Sehat
84.26782893544356,23.155991965527587,5.093519246953193,50.47193456678488,6933.8075944750335,Zone-B,Blast
88.97800647402735,28.20823579432134,7.0589033772308705,59.67289132370768,6787.834302533751,Zone-A,Sehat
77.13700561847966,22.81123016359932,6.461575325865329,30.401287182263296,3036.2090140337364,Zone-A,Sehat
86.71570638716557,30.1927334111907,7.3728961966060975,39.184606863963026,7779.193991132542,Zone-C,Sehat
64.05285091501648,23.02319101779071,7.446048719781292,31.860626113465166,6801.654860741371,Zone-A,Layu_Fusarium
60.28641764171676,24.279781433024905,5.691605365975152,39.49047863289097,6055.456827167878,Zone-C,Sehat
69.3800460289778,25.364794030900647,5.145268839280334,42.17743029382264,7546.294980458309,Zone-D,Sehat
80.49814698113525,31.73367007163828,7.109701568336968,57.625862758387655,5552.38274270395,Zone-A,Wereng
58.42611270224256,24.13150754463497,7.933288365391623,32.41682398214936,6190.87729926629,Zone-A,Layu_Fusarium
80.61584864683512,33.00621669280988,6.339973959742704,53.3140215919731,5186.818438426051,Zone-C,Wereng
67.73421418574303,23.71475120480041,5.778838428780787,41.8660318818889,7738.967146965519,Zone-D,Sehat
85.80088732516845,22.458177837912032,5.470015683750443,54.337885490007835,9012.887764383106,Zone-D,Blast
51.657611769648646,27.135590446605683,5.862336792171755,45.40206555976864,8726.75951306082,Zone-B,Sehat
80.05921870232275,34.732741345626835,5.983758654114349,31.178461165302302,8288.202176395751,Zone-C,Wereng
79.24200514924854,23.434448961254105,6.271624230303393,58.38617654144517,2110.3016363564075,Zone-C,Sehat
92.34209642563914,23.32233977251518,6.96622136964376,32.48202190303566,9295.043711019674,Zone-D,Blast
82.10153991038317,31.76516464034311,5.819489168240681,47.93050507601268,4199.005765787151,Zone-C,Wereng
85.83358533904766,26.058102021916348,5.152930290406028,56.330032888005476,9103.791543707008,Zone-A,Sehat
90.70659571339257,31.32466102393432,6.119835834718159,32.39309393250581,3575.7448247150123,Zone-A,Sehat
80.37733632313945,24.600137662763725,7.566888848477227,46.61680165248039,5517.166011397898,Zone-A,Sehat
63.056913573198855,27.980935924576116,6.495054532555651,54.72869626573357,7995.19035461531,Zone-C,Sehat
89.1398209812585,25.448768410735934,7.8943512732362295,59.589741259373874,7122.23156221738,Zone-B,Tungro
83.64101537641888,27.86986679342813,6.510864593266195,51.72982202442064,5327.375504235439,Zone-B,Sehat
69.09969218004021,31.99826220360895,5.8276964507655435,38.35003126389881,7428.990853922227,Zone-D,Sehat
81.9738127692483,31.9061292262096,5.579941991735644,50.98710989536228,6391.596080373116,Zone-C,Wereng
89.0459994731514,28.705039739758405,7.083573490356729,51.17300307922918,4205.890453084258,Zone-D,Sehat
93.90434591260723,34.06883396837366,6.60914385733231,50.99898036313852,7170.635563977118,Zone-C,Wereng
92.85581767815749,25.429193331827562,6.811996786986325,55.62781311279317,3633.976690756187,Zone-B,Blast
64.63975220438637,25.12404756455003,7.265380368002393,32.62140187558473,7551.906274073323,Zone-A,Layu_Fusarium
68.97621711731819,29.979483215280638,7.177710392794679,33.252595362463,2024.8870209859424,Zone-C,Sehat
54.92914722398171,30.076861444818256,5.1300899005046805,49.218513726766744,6390.1801100941575,Zone-B,Sehat
61.13949291581207,22.605020514344663,7.407715715885084,58.61643288294563,5208.541020449128,Zone-B,Sehat
89.70895438191276,29.901110261029668,6.598109921155134,43.975159167577374,4424.830190415578,Zone-B,Sehat
66.23824668257114,26.86767004553719,6.175125592444318,58.816881048770256,6125.6637378771,Zone-A,Sehat
77.92486963676964,31.71675282916727,6.612558278804212,58.14255778548462,7162.4930602871045,Zone-B,Sehat
79.9684528238165,32.505373639088546,6.837354345371975,57.087292147029586,9722.49812970772,Zone-D,Sehat
85.18231738144904,29.177999654111474,5.448518929621391,57.29552924592256,8664.515919104782,Zone-B,Sehat
58.22600136105339,22.022165409529446,6.252246185979335,56.94956379983958,7737.199064670486,Zone-B,Sehat
63.716591057649595,30.272755532166347,6.006758630564551,54.596681506175464,5831.735293433171,Zone-C,Sehat
70.17513536561813,31.735456635657144,6.051226834454115,50.84936875815991,5137.152957314835,Zone-C,Sehat
66.4178477557223,25.236782461009685,5.274004815221924,30.732245357778247,2260.2372366879777,Zone-C,Tungro
94.23073547868604,28.040398014830252,5.479530464000691,33.967607764681574,4872.775224472385,Zone-B,Tungro
87.57233614461705,34.55444610435325,5.4854962027586645,34.02696163594401,8787.017109380933,Zone-B,Wereng
71.58590395792187,25.875502194123346,6.119674229664943,30.706208528387695,5072.1966558103195,Zone-D,Blast
89.56708817389105,24.90099226354263,7.683474634624375,33.501053052709096,5692.679992497171,Zone-A,Blast
65.64438264124836,24.741112276214132,5.618082115762828,57.592393007013186,4174.675392199239,Zone-B,Sehat
85.3622745750619,29.26441084660195,6.248577523024414,49.914128607323576,4193.062070506934,Zone-A,Sehat
60.065401914790414,34.347232317004085,5.934828245897414,39.36219054886267,2494.9740871339873,Zone-B,Sehat
84.75449203518647,29.91297167960461,7.3621499376540145,53.8008003671004,6910.431404958406,Zone-A,Sehat
70.54040314380778,25.94320056308958,5.1503792969624484,44.651084608645526,5584.555224362771,Zone-C,Sehat
54.83746944465091,30.301407114876902,5.589630186607671,34.2638111074763,6847.686459926357,Zone-B,Tungro
62.29681045500121,30.122949868771236,5.631924627064383,56.535062436794774,6375.095200230822,Zone-D,Sehat
68.1023580810604,29.760026764485506,7.978888400939693,40.159858387094175,8390.756698377398,Zone-A,Sehat
83.71818102489968,24.072540689547925,6.712325053898911,50.965776915896825,8008.095298491781,Zone-C,Blast
53.28422216289279,30.249368391484925,5.416874793150555,38.71782481498822,8171.630825103035,Zone-D,Sehat
79.67961477916879,27.592137882688498,5.816597417829696,45.002137520214,5993.912055533405,Zone-C,Sehat
82.22061384197796,22.241696762099433,5.503466282368773,54.48758134591246,4831.050810831444,Zone-B,Sehat
79.42646164665882,29.016938332917437,5.373813708858344,34.70332039273103,9467.492724263622,Zone-D,Tungro
84.23013371754,34.86046768783943,7.391546085223678,59.317541857178355,2434.1581897324318,Zone-A,Wereng
58.01758772102772,26.546614680971786,6.487257885981064,32.10647768582179,3220.9704628018426,Zone-A,Sehat
76.41965097783668,34.55226983814256,6.8936304105463435,46.020267292215124,5356.792737413118,Zone-D,Sehat
92.35152262417459,23.250674641613728,5.993753740975988,57.48076558055844,6911.66122054409,Zone-A,Blast
77.4852921412042,31.52185150627498,6.661085258201988,58.370816546475766,2065.602998453773,Zone-C,Sehat
77.51013561288289,23.48628993061686,5.772707097571091,36.96326888639328,7754.582554489136,Zone-D,Sehat
83.13978389509711,25.556430456218564,5.924108824784705,34.31954943644426,6469.812342319318,Zone-A,Sehat
64.99419044566366,29.420930859187617,6.956713833100199,51.73209000953673,5877.622069415402,Zone-C,Sehat
81.52141555946932,29.706136021697738,5.45105037775769,31.259207048287113,5387.960310622946,Zone-A,Tungro
91.23052249909468,32.07774712404422,6.851665577502386,44.557169070909424,6155.896253924996,Zone-C,Blast
50.490296286140435,29.99904829395671,7.556704449269382,53.89065680379546,3294.2858758539805,Zone-B,Sehat
89.15508684989894,29.71699115694729,5.361269678542307,46.807641735505015,2869.6939142158603,Zone-C,Sehat
59.83782490664866,33.860590130858796,7.692383841709937,35.640397973220146,4317.099830014708,Zone-A,Blast
70.51654731651689,27.878089778719044,5.238337040896685,44.6113289840989,7676.0383358825975,Zone-C,Sehat
88.35565104286871,24.928455123035715,6.046727680867619,57.638241493466786,6706.303070683971,Zone-A,Blast
87.0760457355483,24.103251605307193,6.831527945713984,48.516389341328306,5840.984140952101,Zone-D,Blast
90.13673651567251,27.199929758523496,6.67824428035561,51.64471882707059,6572.167727167683,Zone-D,Sehat
92.31875566846367,31.265785817518044,5.289173217483301,40.087916389875446,6474.064104314745,Zone-B,Sehat
70.12206305472914,22.55306530408871,7.396739503357559,35.65451325502853,4456.335403919403,Zone-C,Layu_Fusarium
79.53637148604531,23.67769402462228,7.919459879435758,37.669266896988105,2779.647577957807,Zone-B,Layu_Fusarium
67.57152982367481,23.37947498134731,5.543684867551311,45.99532781280885,9174.258949304405,Zone-D,Sehat
65.78225228714746,29.608251989668965,7.685392909446389,38.40660460832111,6799.290100991317,Zone-C,Layu_Fusarium
69.42179347689512,25.15724045690646,6.6704283263352515,46.258943622783036,7581.983997446813,Zone-C,Blast
83.43842606522043,24.161372567918153,7.8078013137359825,51.23375782128531,5711.977794935641,Zone-B,Blast
72.56483362136987,29.70601935665929,5.528257875250283,52.03187628510904,8051.844639812501,Zone-B,Sehat
86.6326853501754,31.89702890088093,7.3760641795382735,34.9405481898328,6675.978111829338,Zone-C,Wereng
83.53483147382701,26.318013913884638,5.1793447263359935,52.5129254650159,2430.4089767775217,Zone-C,Sehat
50.92153075059797,29.51665987379575,7.64958934040818,50.18064418777077,9120.77628314953,Zone-C,Sehat
78.36071706977728,23.275617371592983,7.022478266598901,30.3601540010612,4444.289174303095,Zone-B,Sehat
69.6457005488866,34.15748339594841,6.1107643517672905,31.766165252692524,3103.126219370684,Zone-A,Sehat
70.54830451180138,26.379650409092047,5.5714004704935505,49.38748505581141,2704.3280616345264,Zone-D,Sehat
86.82678742414527,34.967574011255515,7.449599295701614,41.51111698691129,7763.522510736887,Zone-D,Wereng
74.64235937381045,34.721640826047164,6.8097239641844345,34.38311998726998,7631.746934434878,Zone-B,Sehat
89.85298205565262,32.12470484136555,6.081247558844004,31.331896775088996,7601.296998506165,Zone-C,Wereng
82.07625165762607,22.260872240290567,6.331507474407549,34.781950220172924,9326.022181452528,Zone-D,Sehat
74.87780039438238,29.065173964996724,7.479627968217129,58.7254189296485,4791.544175981212,Zone-D,Sehat
83.95420892679967,23.12887346572015,6.016781580070603,51.82696924712909,6489.064450871386,Zone-D,Tungro
51.72570729164333,33.63679433749971,5.268898034329786,45.831162628028814,6955.9646639547955,Zone-D,Layu_Fusarium
51.218764467269345,32.26527128441624,7.733846516610418,58.24621500163775,9835.8546285317,Zone-C,Sehat
53.75071971143834,34.64042489574388,6.1620312189741036,48.57331313044811,4498.769149748734,Zone-B,Sehat
69.69043963162142,29.90897839094734,6.045162533345641,51.76935564842002,9650.649599231523,Zone-C,Sehat
60.59525655321244,28.788246458296392,5.613198856627818,38.479554555176165,3189.8746646590507,Zone-C,Sehat
94.29175824871031,28.74666012727704,7.692267713685037,47.669455307675875,8112.011648222736,Zone-D,Sehat
74.40305625551152,27.023828867906484,5.652516001063502,34.304317328935205,7063.087200163302,Zone-D,Tungro
79.80870857365213,28.09297087397883,6.910018604004151,42.13449435593326,8535.1682981759,Zone-C,Sehat
62.54690613110135,30.260363580759552,7.642295034824309,30.997209749598305,2229.484589118777,Zone-C,Tungro
64.4808608864424,34.128318898231605,5.104740843809652,36.498842627480414,2625.0483435124465,Zone-C,Sehat
65.09578613635202,29.746496397328404,7.486375115900588,32.24605888268024,2557.566236553167,Zone-A,Layu_Fusarium
81.44310673176352,33.142507250125774,6.231798265069323,41.63336458521694,6743.675643978302,Zone-D,Wereng
71.31677934601888,33.21613884693251,6.973923725795636,55.291054939154705,6823.488540604304,Zone-B,Sehat
73.29576436385335,28.74482478602737,6.117213689676662,41.33802319035159,9248.83911483981,Zone-B,Sehat
76.64013419717054,26.517105339469083,7.086548769042482,54.949188779839304,5740.82811614756,Zone-B,Sehat
84.59652453071976,30.314460353317052,5.762884743673098,49.69494937736662,2544.392440039712,Zone-A,Sehat
54.06663868306151,27.796405444892955,5.065791627306189,45.28588339892483,3676.2352129801234,Zone-A,Sehat
84.95932604984696,23.058731275185128,7.843362544363861,37.106750797839915,2064.584758542743,Zone-B,Blast
75.34557809938309,26.911518305621637,5.0491032921202486,57.66468278532457,8213.71620102724,Zone-B,Sehat
80.10929501848658,34.92293779464123,7.4722978689005215,31.626024265260998,8524.795495046197,Zone-B,Layu_Fusarium
64.73982941783429,22.630654310341733,5.507412779967422,50.667390530964454,9983.523330273089,Zone-C,Layu_Fusarium
68.4224076567402,31.056669854712048,6.176660685806084,48.637196784281066,5297.555592424755,Zone-D,Sehat
60.402461884426415,32.93545316592621,7.4674771295181674,43.2312456676958,2154.38700321274,Zone-A,Sehat
94.06849988378323,30.433436745179925,5.617796450937036,37.20962865877816,3877.839051922978,Zone-A,Blast
72.36513376296425,29.406727005122768,7.597122816575107,42.92087810535801,6702.150941306367,Zone-C,Sehat
94.8234612108469,31.198207420723847,6.493276817305704,56.183181766602615,9695.543736421892,Zone-A,Sehat
72.04036901275698,27.581455584895522,6.09846038815183,55.10298330764863,2828.6284117663545,Zone-B,Sehat
59.88880689728303,23.187702585015398,6.987313240209009,58.24143749931088,2972.584161285942,Zone-A,Tungro
72.83535785315856,34.51083280594396,6.024169165942872,39.23379619875744,7614.071882231544,Zone-C,Sehat
51.7818007309585,27.61991000979455,6.041865076989071,41.61312475106619,7337.656440172396,Zone-D,Sehat
90.71464106398781,30.65006008318423,7.200579172814909,30.5617845797959,4004.0508424946647,Zone-B,Layu_Fusarium
86.83476130374984,28.90703567956084,5.929496673617324,58.28849984160024,8505.158328116151,Zone-A,Sehat
82.66192343124281,22.710749935708208,5.602317945063275,39.88170275451807,3030.2300438197053,Zone-B,Sehat
77.4422021949107,34.385705812903,7.422938383989717,42.1249146459898,9405.934758214078,Zone-D,Layu_Fusarium
76.09254051516635,32.302983939486204,7.416113101181695,57.23413834342183,3608.255442659371,Zone-A,Sehat
94.85276963357583,23.938272628102133,6.492757111120608,45.797952905004394,2650.81898178404,Zone-B,Sehat
62.50988453089721,34.76143539174747,6.579966848488866,46.985236252664336,4716.176691790837,Zone-C,Blast
85.08579644145101,31.579717838232202,7.088229877302916,35.286985144527506,3502.7303082763597,Zone-C,Wereng
76.16321465961458,28.140181455568015,6.527822875287301,44.959800624559634,6215.529800288264,Zone-D,Sehat
93.91462446914983,29.94781073527445,6.251119876907698,57.54625802726323,7494.772298973809,Zone-D,Sehat
87.25114324842136,23.387576866189768,7.984682579890237,46.76154264323778,5927.372627826329,Zone-D,Blast
94.93363008453167,29.285349630202944,5.442921283557677,37.65349093919274,7284.858654487821,Zone-A,Sehat
76.47462475081008,22.957593936221773,6.778183937719582,30.935425924042885,4919.364115199875,Zone-D,Layu_Fusarium
59.20447808952208,29.083118342550925,7.65758907822698,40.08905320362204,2223.38077790912,Zone-A,Sehat
72.66591660626302,29.18504395391621,7.061645123543345,47.17772742193374,9792.512993801192,Zone-B,Sehat
82.00000103227586,33.36770420708967,7.642769897264715,31.278398651124903,8555.308036319962,Zone-C,Wereng
84.84621737817147,31.425747503539824,6.009004161064018,48.29377731873468,2587.3505926770245,Zone-B,Sehat
50.02294950571746,25.24418109879656,5.8159789287807175,45.702414813543385,5593.411169250676,Zone-C,Sehat
72.72621898260323,33.54953984844214,7.5538171607063145,53.50306407499713,7080.152560574997,Zone-D,Sehat
60.58555609867909,29.452154643024073,6.182343728556382,30.866645168158854,3524.7541645811034,Zone-B,Sehat
89.37103249646547,29.882933221462437,7.129046969171934,53.42542034456213,6623.908890902172,Zone-B,Sehat
56.88074498226028,24.196757799888317,5.443245735242343,45.6263113727432,6269.188944941497,Zone-D,Sehat
79.9905312308675,33.15105674759848,7.267514376130024,41.115879983391345,3666.121508277638,Zone-B,Sehat
61.97279856462162,34.10254649521507,6.646947947074608,58.96148929076472,3129.682474219626,Zone-A,Sehat
66.04439644464225,32.0748784434338,5.8058349197313825,34.80358641708159,8071.6983169490995,Zone-C,Sehat
92.32516673405802,34.229781884385076,6.483511891876715,46.23975357273319,4580.69156919707,Zone-D,Wereng
60.82016564336358,25.929898753590496,7.09083087751911,39.629444207774355,3952.324270737947,Zone-A,Sehat
54.27512428203188,33.194549188716024,5.035659226542151,45.82459136386007,7903.02682244791,Zone-A,Sehat
53.11782056499016,28.355610857228655,6.912401176442389,46.56826357741237,7888.549536183856,Zone-D,Sehat
72.7076799544758,24.130923638266605,6.6247723348198235,32.683447452745376,4211.213250689833,Zone-B,Sehat
78.87701670279296,30.694407787434216,5.660858503240198,49.8340544075505,8980.54769001483,Zone-C,Sehat
64.72821396068993,30.893563519176425,7.25894322192859,49.03444487757035,7506.001320578739,Zone-A,Sehat
81.06168838068864,25.73001867883697,5.910382953899603,53.084018239033924,4766.113742572305,Zone-B,Wereng
52.7465173357957,22.35741331115841,5.830582794639694,32.71975480977513,5419.917201477271,Zone-D,Sehat
88.58005902152945,24.598014368112324,6.4136550469979685,38.91775640711063,7813.677487444942,Zone-D,Blast
86.7455244382657,27.19710811976053,7.028449035267094,49.50331799184303,3692.670663163936,Zone-C,Sehat
94.34733221264386,24.17831784377829,7.786537927628763,34.101924777468255,5750.086339801792,Zone-D,Blast
92.14272414058304,24.522389327114855,5.424071729396312,50.327946323653265,7228.466738064797,Zone-C,Wereng
66.02887237635176,27.088078636969506,6.1894043622552015,31.77080132461269,6315.988384069706,Zone-D,Sehat
67.96739228070098,34.50322598601129,5.20096877753789,40.04794658878883,6866.626767235946,Zone-D,Sehat
83.56841813652167,31.93516570029943,7.2756522424152275,55.40133366997557,6369.699995814237,Zone-A,Sehat
56.03372473797425,26.156729215945333,6.343198669044082,53.2287387114348,3593.819550320161,Zone-B,Sehat
64.13066196101757,34.37085289594113,7.120787405564555,49.342821456812636,5281.642759780971,Zone-A,Sehat
55.334342163904175,30.393408299363525,5.966583271928862,56.11375249875303,6255.883963820365,Zone-C,Sehat
70.4698902082774,27.920845380321822,7.53295172421897,51.278086325166015,8240.501938767567,Zone-A,Sehat
74.8401925948393,28.087902586416913,6.604484234720344,45.58125315632409,7231.233897356341,Zone-D,Sehat
59.502221148323855,27.339678081860093,7.830823465470965,59.3915250115736,5412.727561487478,Zone-D,Sehat
51.19842591113473,25.028896683097216,5.236443917432102,50.84568239367958,9795.198657273164,Zone-B,Sehat
82.37101242877354,27.026218498778174,6.542830473626223,48.04101530439009,2862.3641734378016,Zone-C,Sehat
50.90023239917758,28.862652992564104,7.299365737993096,42.26611682860694,3654.438948439747,Zone-D,Sehat
93.80311740177603,28.86435555949287,6.8004579442208435,57.07237495737151,4730.500880253312,Zone-B,Sehat
59.9723265534078,31.902579728762735,5.069582421280528,38.87127286814979,3828.576615903281,Zone-B,Sehat
79.8755041452331,26.664372143045583,7.917016035031642,30.27658782632708,7003.53597444809,Zone-D,Layu_Fusarium
69.5638276807995,31.318374380951383,5.894791079227695,35.9022156729708,2316.405834690042,Zone-D,Sehat
52.68532371516982,29.515193903992902,5.747833599099146,33.285524758270775,3419.4942741873274,Zone-C,Tungro
71.24826229855104,34.503990258848845,6.456979626819739,39.56981322519216,4346.777901268835,Zone-B,Blast
73.25422854335599,27.008704038441774,6.626474322570047,54.77636032375365,7466.766200634532,Zone-B,Sehat
88.46074436417908,33.715814035390274,7.298864412769476,49.54589056095023,9006.919060649025,Zone-B,Wereng
82.9557081341554,32.66835311487776,6.179820972976968,35.06941767701137,8387.934164424434,Zone-C,Wereng
53.568611363902384,30.289635699662938,6.319881129386637,53.66465163277016,3456.647466002039,Zone-B,Sehat
59.412320754451926,30.508688067647526,6.604879747801493,45.12659598298208,6523.246067528553,Zone-A,Sehat
64.03494578967265,23.10044914988334,6.183161299224922,45.38143872354891,2240.181162757498,Zone-A,Sehat
55.238345890916875,34.35291987271462,7.743644237303468,40.863365429426196,4484.29420282289,Zone-B,Sehat
70.56045819115208,23.390168825444672,7.5537558999027565,55.9384909446607,8447.870358626613,Zone-A,Sehat
94.29391358881409,29.322033013665592,6.364921085233635,39.54981911567378,5653.325709946716,Zone-A,Sehat
73.15757560569926,26.29092040583901,5.000584587011952,32.82419282009066,3199.5305782066766,Zone-C,Tungro
83.38469757454263,27.588075717768074,7.702803486587841,39.08186981915836,5508.427051906501,Zone-B,Sehat
80.73220089647057,29.932379140878624,5.373009720318396,51.46060638803657,3584.263403697826,Zone-C,Sehat
88.2460145791462,33.815067912470184,5.733537245582139,49.72745660409987,5145.531662911702,Zone-B,Wereng
59.707557070952426,27.948372606439918,5.4570838530961945,35.64051460660733,5902.667781982747,Zone-D,Tungro
83.92218177618628,34.84048421898373,5.539446709943071,33.35352897314826,4796.464900088227,Zone-A,Blast
89.66098581375873,29.7065568495695,7.408632613669504,49.825972752052394,9495.751603470886,Zone-C,Sehat
57.717942034110926,24.08720125434827,6.7385043249977725,50.291305069647365,6500.242380451055,Zone-C,Sehat
65.60609989046017,24.47012083280628,7.868285489376046,40.98448911631712,8743.141391575173,Zone-D,Sehat
93.65457939492026,31.309443462660262,5.69436053697115,55.284041505872395,8085.828376444642,Zone-D,Sehat
85.13545306909066,22.655171325163963,6.456904724393702,59.34615611399751,7289.330474142213,Zone-A,Blast
62.716587464188954,28.244440490888948,7.932285107247409,36.16935670348186,5975.109986420657,Zone-A,Layu_Fusarium
75.37737963400191,23.926848427445716,7.479330542824309,47.312061471180854,2017.3902702527,Zone-B,Sehat
68.19467552822654,27.631842257311984,7.185847037361473,30.160389870118173,6907.7408044166705,Zone-B,Sehat
72.04843293472084,31.748926486932355,5.566925604112376,51.39163188078862,4847.6596240199815,Zone-D,Sehat
65.98247861258189,27.964568067138643,7.308216202729149,42.42846340689953,2942.0973344105505,Zone-A,Sehat
62.569895833865324,24.12486441675205,6.042695367787753,35.798076807094944,5557.010108896622,Zone-A,Sehat
80.36433686261384,25.27502981463635,6.591610691140273,52.56665765293128,7884.426578266438,Zone-D,Sehat
85.03438167887529,26.77801465247837,6.82748363911862,54.31946392668242,9693.422357589632,Zone-D,Tungro
89.32807052363052,22.90429538532339,6.828091134572762,33.33499503527812,4992.839128976656,Zone-C,Blast
56.989848529318465,29.596389269054583,7.1795704157405495,31.22987285514102,6341.786389639814,Zone-D,Blast
87.02849856403583,29.89793928661465,6.985106277926617,40.02235325007352,8809.95506690868,Zone-C,Sehat
61.46603710146786,22.80797505272338,5.205112637931769,48.77971397283107,4671.995359600118,Zone-B,Sehat
69.23013754595227,27.230047175264104,6.372041077847322,53.80258581565899,3138.057959766523,Zone-D,Sehat
90.56496586321609,27.382008877501423,6.992064820159937,46.38187489891373,4255.054649861513,Zone-D,Sehat
70.45266204421709,26.339654391183814,5.887978946497186,47.42246328920942,9192.982638467103,Zone-D,Sehat
58.86785903199423,29.250616624304456,5.939170061649169,53.99574665258673,3275.144867694702,Zone-C,Sehat
57.194089485670304,26.49744737078145,5.373702643263846,45.86530122656278,4633.7684880542565,Zone-D,Layu_Fusarium
71.28426949934602,27.413320633211477,6.255844957924566,48.33463470678902,5717.122484002724,Zone-D,Sehat
84.32025907894493,32.36780611674087,7.960491302918524,45.48652019929678,8776.90578792736,Zone-A,Wereng
94.87423147884356,24.107421620592618,5.855958083864112,56.41374700103112,9501.706269223798,Zone-A,Blast
85.43338827939058,30.04849103894447,6.594310678058294,37.065498557552665,5406.482477066039,Zone-A,Sehat
89.46553815242841,28.57272722198099,7.2297117583372525,37.91980753621528,9455.632386828125,Zone-D,Sehat
83.65245624206996,25.965931287231538,5.040491812652812,33.83884384805477,3291.6727588620365,Zone-A,Tungro
90.29457953402476,31.45795053437534,7.701318678794896,54.58400254483265,3254.818335170963,Zone-B,Sehat
53.433209449126096,29.165448674034923,6.159650554174815,42.35331871687072,9594.006557078383,Zone-A,Sehat
91.84692195417404,28.20569985048904,7.607347960132946,40.43681822643731,6077.44106822665,Zone-D,Sehat
67.83827691765453,30.679701092025603,5.116842976698434,59.44046151261469,3487.2626828316315,Zone-A,Sehat
91.47264004762002,32.42977400375769,5.4369906555910275,57.804100993193565,5903.922964604495,Zone-A,Wereng
53.4079776856764,34.64469427043649,5.967588363432678,59.15963046374284,8265.689243032411,Zone-A,Sehat
82.18593307045111,30.181554788892853,6.0363853191898365,34.26896990276079,8615.36292578819,Zone-B,Blast
83.10599369015921,33.367719810204974,7.54338266908405,56.737554394444984,8911.754053193938,Zone-B,Wereng
94.86099001839978,22.01419003329844,5.033603346164705,39.86128798162355,6556.567224699348,Zone-C,Wereng
84.59848718104162,28.893064005436585,6.9233353294090385,30.379703106355876,8935.568114943042,Zone-D,Tungro
67.2158167617023,24.790418134012576,5.393937308535651,41.738950079492064,6080.241670426038,Zone-B,Sehat
75.07618482283453,23.224501942080785,7.469646952133148,45.27589059414179,6856.479219128619,Zone-B,Sehat
66.49479221749655,28.915623221837098,7.335719797873737,33.24661270702216,8069.758418173162,Zone-B,Layu_Fusarium
58.82083903871862,31.708744579938223,6.499763082233602,46.130328506227684,5403.482341684068,Zone-D,Sehat
61.182604737602304,27.359542792166938,5.638061676537125,54.583907525301946,2588.651897110198,Zone-C,Sehat
59.990474042344445,30.711396841477654,6.9034861728966685,41.32952852517582,4801.3308548615805,Zone-D,Sehat
74.69668985734458,28.36635029993235,5.468774952972937,40.57934419602907,6991.553734367682,Zone-A,Sehat
90.7772285539352,27.682116257472536,5.5700713777779605,40.16431260692032,3538.6589571158147,Zone-C,Sehat
91.0726981739779,25.77333632566619,6.880069706676073,57.69283337651076,3187.0829079971204,Zone-A,Sehat
52.46436998866215,26.97371568851306,7.973685338265874,31.462742963705974,4344.644356731501,Zone-B,Layu_Fusarium
53.59547304283521,26.54734320032756,7.673182511757639,43.35228425978866,2256.891698222571,Zone-D,Sehat
61.030357572755456,30.40043339219346,6.779322073051031,37.93798362449151,7947.383184695358,Zone-A,Sehat
61.47767536112637,23.508240646628813,6.615610306302271,56.81421076162483,4069.72481750671,Zone-C,Sehat
54.2700128857663,23.204272792941477,7.995154640024325,32.88156790751412,2993.9071730927963,Zone-A,Layu_Fusarium
67.48085035280482,30.580168924709987,6.642191442901681,42.34328300041233,7593.035327707482,Zone-A,Sehat
76.44764267110793,29.10187490842545,6.260349565878332,42.20448456093257,8743.424100346303,Zone-B,Sehat
76.01729902697586,27.59260125765455,7.728666607326025,56.65183252641068,2159.0047668942275,Zone-A,Sehat
74.45433565663667,23.981757497302745,5.702552887607864,36.46480335122909,3868.7981659297984,Zone-A,Sehat
65.24023661993738,27.343352454301048,5.292577970890427,49.34686230904833,9561.858598956667,Zone-B,Sehat
81.79050583924612,32.26651292316015,6.902270103085491,34.032183806633675,5082.033087462201,Zone-C,Wereng
87.19177734414822,33.56507606526034,5.287548901306247,58.61927142241628,9508.73650705545,Zone-B,Wereng
65.58234199148337,31.13349540953486,6.119445610858881,47.790448778168575,4193.700306965419,Zone-A,Sehat
53.84909116847579,22.778858286451452,6.2707321567451615,48.78770190962011,3744.541084575456,Zone-D,Sehat
63.33486129913354,30.71532709581454,6.642614201147699,43.01320204981417,3712.867293823967,Zone-B,Sehat
56.18158945587062,25.13281266410183,7.974978637243887,40.268481379989666,2681.829283399506,Zone-B,Sehat
71.03114272522313,26.098266159343265,5.662945169999542,36.38029288484629,9171.458308073004,Zone-A,Sehat
57.01708180922352,24.5463517034798,6.127269135520736,48.11963261496777,9838.68018106321,Zone-D,Sehat
70.82801409460897,32.08482527806266,5.396720373231974,58.636852360447136,9636.070458173104,Zone-C,Sehat
59.945130154609146,30.431827594284627,6.822840578099704,40.79372862277209,8816.225118618193,Zone-D,Blast
83.24289974580813,29.95385570978935,7.1830195469235,56.49470665986163,8775.103261207802,Zone-B,Sehat
51.240570837613056,30.683643925700586,6.446230469707636,34.46328938541749,7288.683737351901,Zone-D,Sehat
74.96358367243666,25.078039398250745,5.737493804869914,58.08378062645402,8609.709695604908,Zone-C,Sehat
57.62697237140255,27.780377386229702,6.862664807545243,40.5145885169423,3666.738914744382,Zone-D,Sehat
50.04463390113322,30.23229838013686,6.617473170106548,41.39181634780037,5103.301043097028,Zone-D,Sehat
89.11400396291631,30.275722359037907,5.513557170211153,43.88526771102985,7126.690346357983,Zone-D,Sehat
80.21875045163304,32.29407421581669,6.217045701506391,51.5473280984295,8998.170660492771,Zone-B,Wereng
54.45242699227355,25.732351566945436,6.305591274905584,51.589603010671055,7283.755698950269,Zone-A,Sehat
79.8832565457735,32.01436958205869,7.9478532613142985,44.38765754158996,8712.175666673647,Zone-A,Sehat
77.52412997319193,27.722398248020163,7.547857496466565,45.69458697941808,5791.596126794379,Zone-D,Layu_Fusarium
71.30105091694415,30.712244996766152,7.2031123648207815,30.900314633224234,7738.429901640355,Zone-B,Layu_Fusarium
68.86661442915263,27.92435194084873,7.666331076508842,39.12890104674977,9839.846451000692,Zone-B,Sehat
89.91813933120807,34.331932207282264,7.206453217486144,40.380512226918285,3227.908457038062,Zone-B,Wereng
61.03166089538531,24.330929441641377,7.7102055653771995,46.761818061772786,9415.36553852712,Zone-A,Sehat
67.92395256560225,30.77506615157064,5.163659344638524,46.748993021139135,6178.9115827352225,Zone-B,Sehat
64.81019358026722,29.494955009986064,6.36819862780075,51.2969939318362,7145.744245840464,Zone-D,Sehat
84.70404630664851,24.24550353232068,7.240695005725501,51.510818886542424,9022.952055284102,Zone-A,Blast
91.24093878046428,22.858082365551684,6.74988738983004,37.05632172636249,5277.2333804185355,Zone-B,Blast
88.24017644331036,32.38887705663163,5.5254984924523605,53.105614533144745,5349.540599120405,Zone-D,Wereng
85.89667686348957,24.046867337401448,6.021476259585603,30.58810704138846,6217.454690776803,Zone-A,Blast
94.40554755065372,24.424586876215088,5.9533231250800736,51.48485653820161,2152.8166759748046,Zone-B,Blast
81.37150476846733,34.719644911857515,5.784040739553008,33.06183310558269,5973.3294475468065,Zone-C,Wereng
83.79742060460902,31.3243910691962,6.029406660541898,51.889446252636574,4328.698119953842,Zone-D,Sehat
94.22611428672585,25.25632894081589,6.544559865383363,45.81354271705213,9423.633459134251,Zone-C,Blast
50.314585342962836,29.682336481970815,7.564607074349828,43.11763502049276,2701.8823900242505,Zone-A,Sehat
78.53217693963643,28.943453899232672,7.226097987181269,50.71999169284287,5674.563696158415,Zone-B,Sehat
83.25371893789803,32.97815247768002,7.505749112048701,31.09112501241698,9579.745363018887,Zone-D,Wereng
91.30221741907377,31.481169721824116,7.650811233689259,36.70410977026735,9208.282002547821,Zone-D,Wereng
89.77299368829543,32.812374631411416,6.248451368292821,48.49320427402962,7610.787538996401,Zone-D,Wereng
87.88823065552074,24.74958564370571,6.0380788520802415,55.416462198924535,6714.888415968598,Zone-C,Blast
92.56060723737667,30.32284965677107,5.172870145052485,41.43322910835351,4245.847497062721,Zone-B,Sehat
74.18206345611684,22.523131159438943,7.7914748656293025,37.76284417900671,4935.656902019638,Zone-B,Layu_Fusarium
50.311404301317204,22.89622795962986,5.197469053814432,45.56209307366983,2721.078918033018,Zone-B,Sehat
50.49744794136543,31.275851425159765,7.223406546111411,48.66945757160524,8288.866382065902,Zone-C,Sehat
74.50875750280362,22.317461334371107,6.134324913396762,42.60309094217239,4590.958143230494,Zone-A,Blast
69.58725074887735,29.53694511570662,7.846342323497559,56.30132047979265,7342.255192241659,Zone-C,Sehat
70.30602740144518,32.92526627977889,6.258806062802387,45.703161265800404,4860.758217588907,Zone-A,Sehat
68.01821317445166,26.93924350943437,7.449825054064149,31.07470762711755,5714.643531170102,Zone-C,Layu_Fusarium
91.29766140910561,22.582925678918865,5.84796449649103,36.69161864118571,6440.01977901116,Zone-B,Tungro
66.16266580264055,31.28001684517345,5.89726615173154,43.51941092753444,8414.819267124829,Zone-B,Sehat
88.53021237933874,34.08592388203396,6.786558229635302,50.931765570508006,3689.2510203254433,Zone-B,Tungro
90.62891572062384,31.323228096757482,7.9939479011224215,36.592567313777664,5190.123094638851,Zone-C,Layu_Fusarium
72.47757964995296,29.51981415903608,6.552717253937589,59.28772319152263,3040.6525751345407,Zone-D,Blast
70.11221168142897,24.99037478842778,7.808925909179871,39.556747745642504,2606.0840393700746,Zone-C,Sehat
84.24592718969511,22.199883112578462,7.358749484746183,45.97440620581765,6837.394849350335,Zone-A,Blast
81.85871784379471,31.030737410227694,7.387592942531705,30.568991541931236,3512.728354871221,Zone-C,Layu_Fusarium
64.78408024682926,25.00334028597581,6.307879967386292,56.54672164292413,2478.3947354087904,Zone-A,Sehat
54.6146656666091,33.15611480337065,6.159626750518402,53.6650396057555,9176.783449651244,Zone-C,Sehat
61.91835800821161,28.06273354482395,5.575765424272446,35.86374012886778,6274.515358283167,Zone-D,Tungro
55.89628276155345,28.89826257084193,7.891823800950961,57.99710073719528,3077.0256592238775,Zone-D,Sehat
63.26295240995111,31.801175075462766,7.87818083733146,39.47519291392214,2427.409019580398,Zone-B,Blast
61.78197045113596,32.13259790144346,7.241203202930548,50.76558865140351,2958.880427309249,Zone-D,Sehat
78.69701407490211,30.354460830047387,5.888757349558008,54.569289540498,5770.697922564912,Zone-C,Sehat
92.95232128046509,34.19961360036566,5.735538621026847,52.22743383711543,7347.722041351182,Zone-D,Wereng
80.85846795487176,34.76987967216545,7.965830727160888,57.52748352089523,7130.240599888364,Zone-B,Wereng
91.69922336290563,34.30951077687002,5.1996284453245325,55.928242810221256,3155.384690115988,Zone-C,Wereng
85.28595163737995,32.71432940947126,7.530692876423927,59.838345422748304,7067.91161470167,Zone-A,Wereng
82.7544929932028,31.173127863175267,6.066374001447424,35.47834237728436,5238.924993740795,Zone-C,Sehat
68.63278730960036,30.62323615246168,6.256609159181662,39.142854036801,5717.95027439572,Zone-B,Sehat
64.6157526288516,23.34875229996694,7.495932946246512,49.0867760229489,8411.443249962536,Zone-D,Tungro
88.08248176128137,25.529296508648464,5.271809048016074,51.991415576747514,4659.994981437107,Zone-D,Sehat
90.74269548180524,22.0739469058819,6.062509035560772,46.03815163667127,3175.9923773068303,Zone-C,Blast
70.33471221429194,23.786328313041896,7.856072831508719,32.217850946598446,8987.625068530724,Zone-A,Tungro
50.407839418399,27.70998320319945,7.097197738313769,55.24785680401146,3697.0446069307036,Zone-A,Sehat
85.66389765079117,23.904975160257955,7.264817494417671,58.82623068063816,4352.2389644371415,Zone-A,Blast
62.828097821253124,33.72162439079786,7.272515902866429,42.165505314791844,7652.720471220979,Zone-A,Sehat
50.44495392576143,32.47408940935867,5.181710249491833,36.74437445096538,7468.402536460858,Zone-C,Sehat
86.22448515392549,22.930954857163737,5.609622779781294,30.579412648862625,8403.20017027063,Zone-D,Blast
73.28363849676042,25.235878301074457,6.473789768243636,37.11897108280756,3470.933131583529,Zone-A,Sehat
80.83448358523111,32.64793449994961,6.104450697426126,50.99756324515266,4818.239146513626,Zone-C,Wereng
91.16104195150149,32.439599645278356,6.23273687939856,57.34768163018191,3007.0659116500888,Zone-C,Wereng
74.35282235621474,34.290857151531256,7.344342135877017,32.80539199295298,6328.313177348834,Zone-C,Layu_Fusarium
72.64373326605346,34.968120901025685,5.0440377052032055,46.597775614857895,4340.56474030961,Zone-A,Sehat
63.07979546067186,34.69151082213458,6.981475778963716,50.86593745535497,7511.485128068502,Zone-A,Sehat
63.73372254979787,27.331793814378738,5.000330695405467,38.29142463318806,2002.7549438763285,Zone-C,Sehat
85.84439297133406,25.25426976942642,5.189175576728731,47.09691117510906,2477.463987676634,Zone-C,Blast
70.20631605136717,31.85933247555181,6.224858359512872,51.457452780173185,5460.482404154747,Zone-C,Sehat
57.35867938736542,25.8905476056724,7.522845559414464,55.1315772940613,9665.473247804548,Zone-D,Sehat
54.2537943800223,32.483204681707285,5.434987296693381,43.57499552459943,9126.811098873462,Zone-D,Sehat
71.28140525878007,28.941411495173018,6.663864227385835,52.43571656756882,9952.072224495867,Zone-B,Sehat
70.92297606279787,32.3210545780544,7.035515680480232,39.05348915219549,5334.641798912358,Zone-B,Sehat
79.40562251924283,25.586438436321135,5.688598652516482,36.39140240316476,2372.5478901900124,Zone-A,Sehat
71.19803649853134,28.60435510219967,6.536990765808749,35.61941238272002,4447.649136158099,Zone-D,Sehat
56.456406686039664,29.332309316828365,7.734221849414577,40.76618195477179,7406.166817391612,Zone-B,Sehat
72.8511298159331,34.26040488036172,6.536685576096598,31.07639045366547,3081.310478139322,Zone-C,Sehat
90.80552317487113,25.465768498795423,5.471969185362944,38.48975512995749,4399.777430080008,Zone-C,Blast
57.17486352290956,34.17694711070363,6.883442890062634,49.566684733296846,2449.3293163588696,Zone-A,Sehat
81.0389588439987,32.46316590105431,6.776600540025543,49.4375714148041,5799.736307121873,Zone-A,Layu_Fusarium
76.72366692344869,31.50162270312704,5.080864279394394,32.20661419474474,3671.3654215607035,Zone-B,Tungro
83.68635770203113,32.22931349940663,5.2717832172426995,38.62246851241861,2729.984215192019,Zone-C,Wereng
56.77701230424167,29.870525596440743,5.470344065423032,47.08672994033765,5289.726475859832,Zone-A,Sehat
92.37224016076976,25.173040136012315,5.40886723268561,39.55656412509309,4809.80323499324,Zone-A,Blast
77.94348924952214,24.463434594918084,5.7783973116828,42.5396407256662,6300.141895563938,Zone-D,Sehat
88.11820119610115,33.262438666055075,6.362315969706704,51.38432271347292,7992.309242509113,Zone-B,Wereng
61.097304365610604,31.42681223374583,6.115148893696953,30.2780048836989,2900.5498914120417,Zone-A,Sehat
83.27358002290828,24.771655675892337,7.67194967421379,38.29180632265292,8329.004721680067,Zone-B,Blast
85.14638169502635,29.99621375636722,6.836328228219012,34.2711673135505,2210.319839001441,Zone-C,Sehat
67.8845872574184,27.81810425838491,7.62843304988553,33.82827548293475,5544.815219966782,Zone-B,Layu_Fusarium
67.27790537975399,24.06251720952022,6.581117974752797,58.77120649341741,6699.442295087056,Zone-A,Sehat
79.60083192615872,28.914142421643135,5.26961141206802,41.29680994687253,9655.98938511838,Zone-D,Sehat
54.20334567920972,25.659748202063426,6.389862347199305,45.81265754728919,6591.384214957197,Zone-B,Blast
83.1030867597879,23.25117361404843,7.466097640527095,52.01465661208898,3269.9935461711084,Zone-B,Layu_Fusarium
51.92990419277349,28.07045788109034,5.582311301501324,31.423424245801506,6140.334442751273,Zone-C,Tungro
58.57656355043717,29.671411177216303,5.273642836257949,37.23067915673095,5166.27157753133,Zone-D,Sehat
79.88646907586153,22.609783334954958,5.9883042150147805,54.964433620311375,5834.844540801949,Zone-B,Sehat
54.42456501913837,27.22720574234296,6.166693491920419,55.85971839533643,3576.776117272698,Zone-D,Sehat
93.73289411645555,25.34960495787691,5.918773029217713,41.18852761922406,6006.616338490175,Zone-A,Blast
89.07782942578552,22.39845767919402,5.405722356873668,41.24584798955305,3200.318114327015,Zone-D,Blast
78.18360495830314,23.633613144949575,5.752519579165144,52.70690631326646,7952.344645526959,Zone-A,Sehat
86.85758550512074,23.807444064638908,7.0468472138063305,38.852106802496074,6751.250081804783,Zone-C,Blast
89.94110218653054,24.377365225533623,6.157785548879492,33.51282243419994,2628.2215327342665,Zone-C,Sehat
61.67640423073183,32.44390842869298,6.897648333855667,37.7260635072175,9116.915743431839,Zone-C,Sehat
88.22352145771939,27.713394264215808,6.608911339756197,41.62034194907325,6931.036836925106,Zone-A,Sehat
58.76572026369208,23.912117899515028,6.647158819573007,31.566141287852947,4528.856441022652,Zone-B,Sehat
68.60040188669669,23.30386057006256,5.745648673843388,44.36040762600524,2365.1391962184825,Zone-A,Sehat
75.12168340618697,25.87322596347751,6.564629098304545,52.20022538318335,7057.813566173064,Zone-D,Sehat
82.12509333833145,32.37420174315788,5.0707841415896056,45.41235433441385,4987.522090786695,Zone-D,Wereng
51.35635929751376,26.737978023215366,6.295231226974779,32.15686021543521,9260.9448390279,Zone-A,Sehat
63.07292357501851,24.078665683821196,6.717868469569745,43.20448894037875,2279.0226617133962,Zone-C,Sehat
77.38335941946757,27.25351036010008,5.5459868640623275,51.26713824128498,2312.8194827379466,Zone-C,Sehat
66.08159056171034,29.219050244731747,5.769675518746854,31.742899619705696,9594.394295255483,Zone-D,Tungro
84.87612750332721,22.38459438729418,5.658593059446858,31.795415691806657,9718.99156543605,Zone-D,Blast
79.32434725178223,30.15934341872225,5.211673865796272,41.11804209542948,2221.937814181109,Zone-B,Sehat
60.54806541756811,27.13630978919226,6.04357196342027,35.848918923711274,7728.265879530621,Zone-B,Sehat
56.566804081654986,22.126436376705527,7.9368972993558184,58.04342373925262,3771.9588186307237,Zone-B,Sehat
78.30711471141727,30.760562186302952,6.061641219390831,47.4403081121923,7611.14213028858,Zone-D,Sehat
70.2710297467141,31.261039262314426,6.381609865510927,38.61976198217688,8949.86237326387,Zone-B,Sehat
57.60306684955934,30.174917251262876,6.959261752869126,51.14330187344852,2806.651830898203,Zone-D,Sehat
64.68683923932699,26.44509282877949,6.945493253507321,41.24787154077987,3910.131334096336,Zone-D,Sehat
63.637103674336394,28.884863102857494,7.849684940055873,33.9634693313703,2192.6213466119584,Zone-A,Layu_Fusarium
54.86593875527188,27.03305017973466,7.572692421197376,37.116966895307414,2350.6387635555266,Zone-B,Layu_Fusarium
74.61090586693527,31.10808249207603,7.381852061315457,49.28241853378127,2236.9428657421936,Zone-A,Sehat
84.36418852606494,29.586542421037954,7.854881677334932,31.556283179909748,8405.458851411317,Zone-A,Layu_Fusarium
75.89600999838441,23.063388479756846,5.6922961564495145,38.18067120144191,4386.341427446214,Zone-B,Blast
87.18311142218086,30.360216256846968,6.851162583865378,36.24934432926524,5945.691516575913,Zone-D,Sehat
55.74058462469441,30.93409938639142,7.661590300166469,36.03405332029596,8302.754108776131,Zone-D,Layu_Fusarium
69.60253360200008,26.819128347991093,6.872414474834305,50.48287235927913,5959.549301653745,Zone-D,Sehat
77.42367966461447,33.38521515247616,7.932261423820608,54.77450750263094,5433.568500996769,Zone-B,Sehat
80.42007024238583,32.95918661298452,5.301058141719137,51.47599824192776,2092.5856519156705,Zone-D,Wereng
81.31038378905421,24.277164810696593,6.317991508379601,49.371834474015365,6544.316020294049,Zone-A,Sehat
82.80344421940464,33.75546201031629,7.932088723725909,57.49355315453592,2997.944625096691,Zone-C,Tungro
79.31434154882075,27.731340829436007,6.138704085709778,31.751771412728907,8117.1859263282095,Zone-B,Tungro
54.240264002339046,31.408745484245813,7.218669125297913,35.02449257928722,4061.9017905201567,Zone-C,Layu_Fusarium
81.28875549210335,32.58326109057407,5.091208703235948,42.43220567011596,7393.49928646924,Zone-A,Tungro
82.61521955484744,28.566461473905967,7.08451134389094,41.17354930511603,7169.788222597435,Zone-C,Sehat
94.70659704501321,27.188325211820604,7.803880197582735,42.54154808889067,6933.404823440161,Zone-A,Sehat
81.20130965155067,33.900867791996276,6.148118855570008,36.19364715128118,4135.6160602975415,Zone-C,Wereng
80.9073678088197,25.001096188160503,5.063899513780789,34.48509946740685,4136.718217404545,Zone-C,Tungro
73.16659805818874,25.34061101034888,5.083729413186451,45.27579742373784,8904.384347530638,Zone-D,Sehat
89.05653088633012,26.701064082174682,7.676069917133267,57.84157572206381,2102.4586610434158,Zone-C,Sehat
94.85756428825212,33.17305511361735,7.167548321288786,41.75908387049751,3452.1810676316636,Zone-A,Sehat
85.05701915888444,34.20424743476999,5.32005915267974,31.300596423585844,6881.36734113588,Zone-A,Wereng
77.56251700360139,24.860880291813203,5.16377083115359,51.185020286685734,8536.370035225358,Zone-A,Sehat
53.55296721192057,33.23031191920619,7.414476090846438,38.73314716581525,4866.764069382869,Zone-B,Layu_Fusarium
82.70326092783324,25.3566384730914,7.429581898416077,37.35285021914676,7227.547668886401,Zone-A,Layu_Fusarium
81.88527058618777,34.61833620774854,5.361565519376147,39.72774002093886,6457.25135696189,Zone-B,Wereng
84.90056665142443,29.76630259576057,5.904561211665911,51.71446571723629,2516.3208358562833,Zone-A,Sehat
55.60499247797702,22.09212407681597,7.340078193721668,54.56458160610912,6974.001575445425,Zone-B,Sehat
79.41796250567646,22.44368875292531,6.576236212862019,47.64168202016891,8511.227778179948,Zone-C,Sehat
63.30757572282536,23.917298900461212,7.869754582175898,39.674362611586545,9939.586562395274,Zone-C,Sehat
84.21220595312752,24.43845105164384,6.443187936038015,39.31434699351834,2237.1205812137828,Zone-A,Blast
60.81682793141598,31.979048596745756,7.030873812696537,33.72925049716389,7280.465380670944,Zone-B,Sehat
80.77904045691848,24.89595639342035,6.529350097224753,57.99903144705584,5316.396425183697,Zone-D,Sehat
63.27468261427909,34.598841060648176,7.828896487055137,49.14418196906459,2078.3031096496425,Zone-D,Sehat
50.4047431767844,30.269456743638198,6.195977276202827,30.80923859567592,6914.887549668091,Zone-D,Sehat
78.50110603878929,31.00272762029573,5.6893893655358,49.87101285560042,2979.418388445084,Zone-C,Sehat
55.097108742151505,24.831614750707697,5.97990158084298,43.41460272580524,5028.534801513093,Zone-C,Sehat
79.66811627546963,33.6051820832361,7.558325612495688,59.17673889140758,4090.9367399072185,Zone-B,Sehat
91.6524251760622,30.68158944665911,6.4938156905364,54.572064744192204,4889.307218168795,Zone-A,Sehat
93.61606703949906,33.23727311644423,6.062756910506717,35.139472614983944,5941.564652007597,Zone-C,Wereng
60.61653892974257,34.43425426400595,6.632780065428449,51.60333356624599,4873.676259916116,Zone-A,Sehat
86.41639524427947,23.633332702424752,5.399689121830527,44.5669801150579,6421.854964716314,Zone-D,Layu_Fusarium
65.90989745925981,23.255633993496293,5.016077913876789,35.611354910097845,3909.1975218628304,Zone-D,Wereng
90.52056827365921,32.444301745665264,5.841754051080472,50.96219721989847,7082.894139427052,Zone-A,Wereng
85.43703058832182,33.259638768224214,6.815017159350627,46.42162736082736,8830.104032998828,Zone-B,Wereng
53.326477249059366,29.588898471413813,7.135042308984161,30.911216363147116,3792.536375321699,Zone-D,Sehat
68.32116472447748,26.758007120756766,7.4798328990559,49.39763851586478,6063.017726844981,Zone-B,Sehat
65.17930217043534,30.48418526897791,7.779990678183409,49.04961269587322,7189.51827639911,Zone-D,Sehat
85.33314593254747,25.973632943701944,6.236337040894304,34.32255483154388,6517.009049707329,Zone-C,Sehat
68.46285697939216,25.099013997995087,7.221550398672364,40.46963180990079,4925.195569537807,Zone-D,Sehat
80.80647789438876,28.345887723854453,5.2240187905941875,47.576969122531196,7137.597664045987,Zone-B,Sehat
77.10958650156982,24.809999758882935,5.1725899963162405,34.16349042320189,2225.96964968061,Zone-C,Tungro
93.90374235939352,28.288146908097247,5.37439397595847,55.581701335042695,4959.249855971464,Zone-D,Sehat
92.20032305607268,34.435884571026435,6.345707293492287,30.824581388631113,6260.897717128026,Zone-C,Wereng
69.24647816324234,32.917192463026076,5.633844315496249,33.08512244908065,2164.9052706869174,Zone-C,Tungro
82.56101952385171,34.241201953500294,5.860774825813447,33.48320759564652,6061.1906374743985,Zone-D,Wereng
87.32570422915498,32.48227667301566,6.943640520536908,45.843213779251656,7234.035686125027,Zone-A,Wereng
90.44985892379654,26.6117621673016,6.075566536408537,48.60342036505876,8073.66158170436,Zone-A,Sehat
53.06604186994176,32.55658810117027,6.672114673154066,42.11222389504459,2906.992651275443,Zone-B,Sehat
63.59354596730736,33.997904666191786,6.237211270209777,38.66000483004498,9924.51899913356,Zone-B,Sehat
64.41035184358348,34.311465241881706,5.506907766559459,54.27952126876672,6849.3416106807645,Zone-D,Sehat
69.55006780489454,30.88157205890496,5.222059970767682,32.0485795117926,4905.55034089864,Zone-C,Tungro
57.616913782193855,24.74776636959647,5.708694485929664,38.40875583398375,3992.7428356537102,Zone-C,Sehat
72.32926459775037,22.516478993740982,5.1731014084731335,31.173467364119123,6583.174893467317,Zone-A,Tungro
79.84464472843052,23.913602966082024,6.855835879669421,30.41670404898804,9053.693177332567,Zone-A,Layu_Fusarium
72.38137640975229,34.55210993262129,7.387152804398301,40.60139660796604,6164.523169130918,Zone-C,Sehat
79.9606892838927,28.007258714506,6.019222304712203,35.84470987334796,7291.776444839682,Zone-C,Sehat
52.98987343180551,33.11481819281675,6.161333166057075,38.05097564514739,4861.571516324481,Zone-B,Sehat
89.41942992683346,28.045573996257783,7.44857318827792,54.628414723649044,5105.2183047117815,Zone-C,Sehat
92.25811364454808,30.590628584977914,5.667838737120681,34.88940288747664,4289.400846175136,Zone-C,Layu_Fusarium
77.80583408533919,22.313830102590337,5.357480795584623,53.40700101455403,7645.098354945918,Zone-D,Sehat
89.66259493866036,25.248244255351768,6.503354351993259,50.25151869439091,4873.50042733252,Zone-C,Blast
55.91507074916956,27.67150064055366,6.938570508599712,39.79336575422498,3525.731232329914,Zone-A,Tungro
85.88520140343397,30.19820361300412,6.798963275139438,46.396684355288635,4955.204569329903,Zone-A,Sehat
55.36166870626673,24.22977544469132,7.141619135822543,43.33306829323617,8830.61766266205,Zone-B,Sehat
68.36046041738915,31.93916903551637,5.1702535465190715,33.85185946492996,7906.016348615387,Zone-B,Tungro
64.57183405512238,26.737261179771085,6.2846048382751185,57.21555965202527,4677.126755708511,Zone-D,Sehat
76.35163213492044,32.6266585000405,5.71571157183708,47.08853902757281,9254.471718693618,Zone-B,Sehat
63.56815408577901,23.273598175135874,7.2773637786380725,56.40720137386364,2598.6610809397357,Zone-C,Sehat
78.67911333502097,30.836835639870834,7.6181914521810485,54.7147953543987,2398.030331309146,Zone-C,Wereng
66.5324280118381,25.813268331684633,5.844007222419244,32.3932777592827,3019.7628382819303,Zone-D,Sehat
88.7355671463709,32.339981263594034,5.285654237208225,36.218119980553574,2931.638046868825,Zone-A,Wereng
78.52477280988252,27.228215551551337,5.76028388597419,34.35783343124493,2702.6745200987243,Zone-C,Tungro
59.68842337946508,30.649545219426365,5.312025467176759,54.92338598360756,7290.7408959839395,Zone-C,Sehat
65.12582399126391,34.14596849227416,5.967266498340361,55.873398793656065,6806.739037243391,Zone-D,Sehat
88.13393994319951,22.268146216178938,6.614595734965477,45.839145294250976,7180.844084653718,Zone-A,Tungro
67.39158874943563,22.144518170346856,7.92104286319462,33.125342175240206,7506.92843329624,Zone-B,Layu_Fusarium
74.11095795045404,32.01363027829727,6.198110763054076,34.068498556290486,8055.038019845439,Zone-C,Sehat
79.20238711785497,30.403109669605016,5.660119771563863,54.406464373148026,3657.415419891283,Zone-A,Sehat
65.65143423136625,25.808736366557625,5.500405221112505,57.87570409587991,6978.428105878398,Zone-D,Sehat
63.229038384113075,28.42715713606541,5.519119298416028,35.9842705533197,6640.389274690986,Zone-D,Sehat
71.38647061736128,22.545163652785295,5.577793049784377,30.334127294165192,9549.28020642779,Zone-A,Tungro
59.66964374417551,24.501792869696132,7.286801067612341,39.928587154523335,3858.9417939171885,Zone-D,Sehat
62.78947641135785,27.518452868853178,5.183083134297259,30.91498168943644,2469.7834749946514,Zone-B,Tungro
52.79353178144162,32.84257741087927,7.992208120829103,54.839247482341136,7227.960557716346,Zone-A,Sehat
63.67866241869525,28.2356733771811,6.568059173498783,44.74536771678755,7921.382721893695,Zone-B,Sehat
64.43168420136062,29.622712558837723,6.632815682902477,49.255823362890595,4265.568046460405,Zone-D,Sehat
93.2824924831094,33.35879929591915,6.072691636098814,42.34454628409627,6566.787447517352,Zone-B,Blast
76.5377971459646,26.01464587665499,7.070766078236361,40.365226410374454,2476.2885242732045,Zone-B,Sehat
85.43220914371125,31.10909117432673,6.4143690226423935,36.666012392282546,9680.358729346313,Zone-B,Sehat
52.04197637511451,33.20167436281729,5.987183854893649,53.11597641114437,2879.399786393349,Zone-B,Sehat
54.79415121237674,24.6340041090503,5.795415211124128,50.86642753246588,2540.564289215966,Zone-A,Sehat
86.65416323881665,26.634216146921823,7.7769536207997785,40.82186953488258,2352.8812759569523,Zone-D,Sehat
78.05972972379361,34.737532260561615,5.872968545157261,39.63348402897549,5418.175252026822,Zone-D,Sehat
58.59419137430913,34.781841342350745,6.309179778289526,30.03728635946037,2777.27794765752,Zone-C,Sehat
68.21579326377822,24.901989093821193,6.051024206349405,31.906563901364173,7957.185927644602,Zone-B,Sehat
74.24026249917303,22.863795905604164,5.258536482284108,48.697665746779045,9190.993285011245,Zone-B,Sehat
87.96244231118487,25.521980947030688,5.557803183446802,45.43821930706385,4081.7514585988565,Zone-C,Sehat
52.71853962625224,27.170515444947934,5.568505925979146,43.04409613455068,7030.184954011191,Zone-C,Sehat
76.8525030215313,27.733072812105128,7.080948543168964,54.825067224049754,2338.707576094542,Zone-B,Sehat
82.26661647140078,30.044481995295506,6.219756229897428,45.1169461320854,5092.515773542364,Zone-D,Blast
94.00513360597067,33.693535881710105,7.345902689211976,41.5348074422196,4343.536907421827,Zone-C,Wereng
86.32220352314829,26.294524154793113,7.12685277300247,34.83769042574955,3828.9527715228705,Zone-B,Sehat
62.4302291104373,33.049798961489714,5.576149299188113,54.620640246438576,7157.787917029593,Zone-D,Sehat
81.93106372452192,23.21522597204615,6.688750760360302,47.28744750363563,3041.8235708682905,Zone-A,Sehat
84.34750482171397,22.54437108665179,7.228726538146408,32.773798977682716,8885.684186375907,Zone-C,Blast
82.83809749632778,28.552587380604997,6.899128770427168,49.46695193991228,7318.687250949877,Zone-C,Sehat
86.90648305783415,22.775608903297865,6.800049524263943,42.752122364652294,7685.881429504464,Zone-D,Blast
90.66784892961368,27.10236741604499,7.2188326622023045,54.34158670763988,9482.754469261345,Zone-A,Sehat
54.42934410452031,33.65811551930005,5.170342217768921,57.567437909879885,9538.982972020118,Zone-D,Sehat
54.71437359565035,25.139279470697154,7.194265842084299,48.01397439528738,6413.218590553886,Zone-C,Sehat
85.83799949467907,31.17768507662374,5.817965789460285,51.948384579400994,5963.038538287843,Zone-A,Blast
61.35676144346619,25.93075010107087,6.715616763528063,31.69772542806497,4683.052865815281,Zone-B,Sehat
52.63436398775351,22.583960718147765,5.726914984089523,46.80766365003472,7724.572881619746,Zone-C,Sehat
68.05531314412727,29.236977558334022,7.516452716620513,52.66019935066422,6305.671095838504,Zone-D,Layu_Fusarium
86.89446103217352,32.85309537697778,6.441678062902268,44.90286448434311,9463.000637920997,Zone-D,Wereng
55.695426071629115,27.32308982845405,6.92882363607495,47.80650268513011,3909.007589700843,Zone-D,Sehat
80.23288873120103,30.02481974395513,7.382246130430184,56.96844556743133,4482.021490003926,Zone-D,Sehat
50.16271377972055,33.70030676955044,7.685945765214093,35.942987160935985,4528.72357935975,Zone-D,Layu_Fusarium
54.93818512456025,32.26602866558084,7.196186291208023,32.947395226557354,8447.987636453658,Zone-C,Sehat
65.7882655595819,24.520393192106653,5.446305728571217,50.71930839418503,2792.3226547372187,Zone-A,Sehat
53.76210264609863,31.533991471745075,7.563597108757359,54.68546716567332,5645.1929679118375,Zone-D,Sehat
88.06557503467008,28.524609327081976,6.855733747596519,55.51470565747691,5420.645895784379,Zone-D,Sehat
88.8831726415461,31.6975685025191,6.828349275140821,49.24933491273661,2585.1169681100687,Zone-B,Wereng
84.00068163947859,28.428702156788837,7.764021679414765,54.9964025451241,5286.375988354777,Zone-B,Sehat
60.911583412802784,23.663456133407937,5.746494666997649,51.01992617169871,6107.02386627185,Zone-A,Sehat
73.54611838579909,29.40882280696011,5.7187628554821,32.62130747720372,2520.837540039306,Zone-C,Tungro
58.28848364855171,28.397741901165418,6.539580664084886,52.86130523654964,6078.897027557339,Zone-C,Sehat
62.657530253289984,28.732982537338742,7.2525891996045955,35.38079068650989,9673.90323746721,Zone-A,Layu_Fusarium
73.2202381478206,33.42573189739632,6.3417221246855275,37.09828027772918,9831.314585292257,Zone-A,Sehat
83.0756213807359,33.63288160718127,6.901674169677207,41.83951880995994,6253.43822871849,Zone-A,Wereng
54.25944711771376,27.89598238795434,6.357574172668157,39.43701198979011,6120.775460823672,Zone-D,Sehat
63.351351393263876,27.92451653664115,6.831161541460906,39.64955214908736,4284.065331331131,Zone-C,Sehat
91.6979606857365,28.69743046534401,7.466786907841133,35.07778572612138,9976.923773696813,Zone-A,Layu_Fusarium
69.31054930018496,28.75466061834534,5.54143008827277,38.81613141328633,4193.833368201808,Zone-B,Sehat
92.24913532591916,34.355032874328465,7.0861356020179525,30.589877699276453,5623.210403519651,Zone-D,Wereng
94.6130243698461,30.442206075907414,7.362277218014549,44.18732840064978,2023.4724624214123,Zone-D,Sehat
73.69969217501372,25.60694093354327,6.341334222445347,53.057728763094204,4793.858327273095,Zone-D,Sehat
62.96198044031827,28.90997836040187,5.969700731203563,55.86742107674519,2571.5224048705913,Zone-D,Sehat
85.58495638576605,30.153906577803777,5.040632971773206,54.61285676878315,7950.598163081058,Zone-A,Sehat
57.168983098625674,30.31703237318154,7.391315067002281,42.493731569853395,6488.115624239458,Zone-D,Sehat
61.342108685243176,29.608304941096375,5.983815977107964,51.91279443491568,6577.375018301252,Zone-B,Sehat
85.3195959274677,24.310570010079985,6.071928408224151,38.636723222856375,4292.090287197624,Zone-B,Blast
69.51406661294135,22.436711458033596,6.008018489296437,31.666874181528538,8519.170322023789,Zone-A,Tungro
59.069207164445004,26.39195968076911,6.496217992437014,50.27914576173799,2026.1674026500013,Zone-D,Sehat
79.3006585228546,27.557788009283296,7.107498719657231,49.46388494209218,4668.809433313536,Zone-B,Sehat
82.97428376217573,22.803455114489125,7.315589393001533,54.048881863886265,7275.979923670942,Zone-C,Sehat
55.62820577527561,32.594575394258,6.177712161209475,48.4831862010864,9263.380299335367,Zone-D,Sehat
62.46411169887204,26.473006687633557,6.989306105135507,34.70674874921749,3876.9276554018643,Zone-A,Sehat
59.9574539917505,33.87722570032056,7.162052750813945,55.59487176150594,6328.800413819345,Zone-C,Sehat
67.09345829431035,24.007331401949447,5.8907519950321445,48.817583640561026,6303.931364266568,Zone-D,Sehat
84.3550203009229,22.740154440185073,5.28986440861128,54.22829097105012,8993.394952349598,Zone-C,Blast
82.11686460234459,28.270109357022182,7.683997161933387,53.223213611281224,2404.135116478739,Zone-D,Sehat
79.81357596726667,24.458681378734187,7.031347915344779,38.935934616752654,5395.804488565658,Zone-D,Sehat
50.282849564086604,34.1861905825122,6.944331226628874,32.23658924556157,3459.725398335452,Zone-B,Sehat
56.39644910211752,22.133944179898606,5.176707545635934,35.295132272687546,2172.260802388784,Zone-C,Tungro
60.048389709593,27.364055775767454,7.453619172511779,32.78587002939752,3176.2475241638626,Zone-C,Layu_Fusarium
62.23801307174823,34.047721027487185,6.698162468258159,37.30237296240409,9811.765382785594,Zone-A,Sehat
56.5891943742005,26.99743668748699,7.543653251952699,43.78596819077979,3718.788076162143,Zone-A,Sehat
68.46419981632503,23.21042064780599,7.923683551210285,57.204318149438485,9480.2461866864,Zone-C,Sehat
53.38312632563117,25.937634257203232,7.871300962640726,56.16056267761904,3642.0347410475333,Zone-B,Sehat
83.75099856745013,28.474135119847634,7.568268039170622,51.55799445287184,9450.361819075875,Zone-B,Sehat
85.44743542832472,24.406971935463332,5.032842121494107,30.723370786434778,7236.967481602515,Zone-D,Blast
75.84200103204041,28.065302166862406,7.657181624710869,40.24167603961661,2905.748620015414,Zone-A,Sehat
54.036719466888556,32.872461545215884,5.225186941482937,50.47045279453559,6655.3212410126225,Zone-A,Sehat
90.0537426296041,33.34403361255597,7.553581910530301,33.87086690517205,4548.112300322229,Zone-A,Wereng
93.45361229186514,22.64038955123952,5.840522205834871,54.032635500477255,5065.225247824562,Zone-D,Blast
59.10636021448052,24.091743654683455,6.830205015600103,57.43721039962781,5521.367662679784,Zone-B,Sehat
81.70879187483239,25.578771764968455,5.114204693449639,40.623133399134765,5381.656180242677,Zone-A,Sehat
87.88723837891186,29.733256061538825,7.313545088354684,51.175291855915006,7312.871123864231,Zone-D,Sehat
74.2929585144216,26.69293186430207,5.335118366698914,34.4461239800614,8146.944548726105,Zone-C,Tungro
64.54953947870371,32.97253187479898,6.232064515027316,50.72449347339081,4633.421513608971,Zone-B,Sehat
71.53514217861587,31.316734287678187,7.452338006975904,30.6436623686113,9394.91169348552,Zone-C,Layu_Fusarium
73.05209378530034,23.305928300475607,7.086046989525006,34.52314520433303,9507.73051215101,Zone-A,Sehat
68.02866698846125,30.119247532657184,5.0181280905742005,51.2964433982601,2325.523497209147,Zone-D,Sehat
91.84291221351677,23.46916412951072,6.2090970036276465,51.35550668628919,2119.270311064148,Zone-B,Blast
83.4747399924126,25.31546370527398,5.125782550893524,49.23488117535531,5400.530641208488,Zone-A,Blast
60.85857390147338,24.312318235944964,7.0204995824554075,44.3209207315261,6725.162007901268,Zone-B,Tungro
76.35007342939409,24.249805339609164,7.906845475259964,50.24724273515835,4223.237979616493,Zone-D,Sehat
80.99101179190254,30.013141822099172,6.965783786902278,53.21402394866365,4075.310008686195,Zone-D,Sehat
56.30703897659586,29.3268639932041,5.673117293352667,58.99444977110231,7426.670637673526,Zone-A,Wereng
66.1291584071067,24.28836598624045,6.06569909619962,56.65923094645815,6813.634277244559,Zone-B,Sehat
90.74967267217622,34.87224647043961,7.929951666975403,53.83602607698374,3337.1749999448775,Zone-D,Wereng
75.52278950833407,27.483877520787818,5.67215723609705,50.84272550143119,9076.00770612127,Zone-B,Sehat
59.76489857271426,23.261901266014178,6.684587219163328,47.22466636297102,7439.808561288559,Zone-B,Sehat
55.52531591536179,23.567397220416495,6.201361426045234,33.61826470055749,4900.609993352067,Zone-C,Wereng
73.3202102063695,29.59061827844573,7.304945893784665,34.96670526295179,7468.9975199292,Zone-A,Layu_Fusarium
74.64585753631148,34.72790224398515,7.602167815939661,54.60838682012698,2901.2246941425274,Zone-A,Sehat
65.04865031095756,29.435364321049573,6.02251182305089,54.09938736621662,5746.048996592448,Zone-B,Sehat
78.36872127886033,34.33753919601628,6.981189091098148,48.43376777920089,3351.875276476474,Zone-C,Sehat
53.09081087987249,27.773727059854348,6.647143092553182,43.1652039814846,2331.449969027493,Zone-B,Sehat
56.531286196976325,27.665934347476156,5.8353334701663,30.78097949470817,4706.610162306399,Zone-A,Sehat
74.58232194550666,28.500095671106468,5.815822408439005,39.81530827585632,3205.883867846266,Zone-A,Sehat
52.78170622300043,31.06653095602222,6.615894942596912,42.61918972695953,7068.143655630598,Zone-B,Sehat
89.64089442459954,26.779007563867324,5.462008620596899,44.574488585202616,7392.543152141682,Zone-B,Sehat
56.39658667054326,33.23051842482644,7.432429689447415,57.87973795683628,3189.538449812827,Zone-B,Sehat
80.32639433380415,22.3806580019859,5.207014517601206,33.261281994004285,2196.90404482741,Zone-A,Tungro
67.60415487714914,27.716934535369752,5.283723458624949,45.56600759339311,8342.484493081283,Zone-B,Sehat
67.99044863940118,28.64289404973893,6.026678926781803,41.037668908748394,2016.4561658284983,Zone-B,Sehat
84.42002878750148,29.89141909742025,5.3542752745914,59.702943576481545,4751.30471347031,Zone-D,Sehat
72.47579603778112,25.588934860756222,6.427100063766478,55.85592048848716,5956.666384365359,Zone-A,Sehat
82.65449586397398,27.55723962281586,6.199027671325611,43.16357562716763,8549.137508307464,Zone-B,Sehat
72.73360529387462,28.298990752782736,7.165429387657151,59.990868280642815,8708.469141969126,Zone-C,Sehat
76.68074036323685,30.92982972288177,7.859012465629161,45.42189739414489,7799.515524883644,Zone-A,Sehat
84.23215825413489,32.05607440156558,7.260675754217377,35.01353389774202,3977.580980319183,Zone-B,Wereng
77.32889343145739,31.591755255469234,5.538345988641813,46.67624075480144,7761.495474553366,Zone-B,Sehat
77.70267992249549,26.44057967976461,7.806563856393209,36.7861729741094,3972.3135830155334,Zone-D,Sehat
85.51488161424174,34.99285679889553,6.176400297659201,49.08938520228756,3716.865533853613,Zone-D,Wereng
92.7089067118718,33.03264905323333,6.422568082780739,58.12320524651777,6377.023633844259,Zone-A,Wereng
66.95222692709015,25.380303850884594,6.264728712111907,53.58595730505085,7430.8355506725,Zone-D,Tungro
75.9702720751678,24.53637547374676,5.841641069863157,38.194910712571655,2424.414127293445,Zone-D,Sehat
53.88229209800955,26.082276257584077,7.685132863392452,38.90575874898021,2480.1808089968677,Zone-A,Layu_Fusarium
66.14617462559902,27.880483088995383,5.996716597689848,32.07864609270936,8273.365494534319,Zone-C,Sehat
68.54221516502237,33.06039191815498,6.735789409038639,38.576035069388325,8875.97800772384,Zone-B,Sehat
87.58567925708229,32.118709429328945,5.72010075312299,32.77874399033452,6835.527330735152,Zone-B,Wereng
73.10265809565546,33.06619960557639,7.392126124310542,44.98346157976928,5430.624077655088,Zone-D,Sehat
82.8979867984306,25.53544249383427,7.322595978587559,51.25041238494773,8762.531836793487,Zone-B,Sehat
50.85533300115521,29.71499589187387,5.888936415341131,52.53543484497476,7830.536262202641,Zone-D,Sehat
70.9021701332742,25.68223780960587,7.044662219430361,31.785876967445372,6636.753587450149,Zone-A,Sehat
90.5592949323613,23.417301089353412,7.11162059928485,40.19867694714606,4558.056975590107,Zone-A,Blast
60.09412591876033,30.894570665170846,6.687534248314298,38.64515299642301,3583.96049325453,Zone-A,Wereng
51.41849833882008,23.858968165540706,6.80179514681501,33.12900968962004,5349.384314172125,Zone-B,Sehat
69.50339301710645,30.680070902184127,6.723363914872388,40.87413932796017,4294.5806076816925,Zone-D,Sehat
81.6994319291418,30.42353596377032,5.245593211984537,38.97960327417708,4714.068701875687,Zone-D,Sehat
70.45085780786613,32.53322977751222,7.010796034141355,49.034976880178306,6125.04844249626,Zone-B,Sehat
70.69902410800697,23.814209859326336,6.409325029516074,56.49907991201139,3352.7516556128785,Zone-A,Sehat
80.14122685572438,32.18524193061454,6.31537184162424,43.645251626196476,8449.413440590604,Zone-C,Wereng
61.447496372737206,34.99059483730108,7.579997656345402,52.39995518300456,3164.2356937181394,Zone-D,Sehat
83.83504062388899,33.06355183161673,5.069680140383353,34.38031101332023,5847.949115367619,Zone-D,Wereng
56.890108890758,31.77355699225966,5.753944753876265,56.84899135931594,7967.7707046434925,Zone-B,Wereng
67.80877723786945,30.608149611031198,5.364210499528239,34.57784214645277,5880.16566151677,Zone-C,Tungro
79.52036488119131,27.483159300910582,5.1060231338291775,35.763035417981676,4888.17650870911,Zone-A,Tungro
87.2766053253589,31.49650218259083,5.827030993027843,33.19391410763029,5799.130446582008,Zone-D,Blast
85.61889820242749,31.414314456825892,7.965428818384033,39.29038504561609,8789.365590993124,Zone-B,Sehat
82.4758519688464,30.209477674934746,5.8106875196227215,46.57231340146578,9923.453586271662,Zone-C,Sehat
66.1593372591376,32.35161891787177,6.991117459387314,59.6398233421898,7049.146314315484,Zone-B,Sehat
55.50369423321757,27.83393054954885,5.354896670122164,53.801041039726314,8347.552341189607,Zone-C,Sehat
59.757539796184574,23.57628525772108,6.80554289014169,41.41307408675946,2115.909489274309,Zone-B,Sehat
88.91752165594183,29.267880458920086,7.95344444941494,47.27538173710711,9042.915276196582,Zone-C,Sehat
88.57991165596968,25.445565873247453,5.875512570381396,48.69924092817623,9632.398079423347,Zone-D,Wereng
92.82023836425572,26.997630266578952,7.544226849126749,54.68181663742041,6601.354734060564,Zone-C,Sehat
53.419489335299374,22.22639375123594,7.992714141099606,52.09355356259401,8030.438896481758,Zone-A,Sehat
74.15640883748551,26.976277642932484,6.7656622661622325,47.07873380913421,6101.957943680599,Zone-D,Sehat
79.1907370206905,32.51441437976091,5.928203301284106,50.0754908111897,4289.629923644718,Zone-A,Sehat
81.97958196800855,29.055390770197313,7.020593779697469,52.37752832888699,8817.983775864102,Zone-D,Sehat
78.97384557546935,22.127406850141625,7.534544618805857,33.99432177400213,6774.693695967534,Zone-C,Layu_Fusarium
84.65051254560268,28.107969663118013,5.514050728885935,36.013663839161396,6635.064670331256,Zone-D,Sehat
66.17622093302037,25.788871419390297,6.3575472915243605,50.657528667225506,7273.0576307296515,Zone-B,Sehat
58.0744747460967,28.208158520163224,5.957563130371523,55.51276685962896,8848.025326630788,Zone-C,Sehat
59.20625174676974,27.261005378822404,5.85007699088714,42.277868480993035,7855.249006167715,Zone-B,Sehat
50.53904102615739,34.115729854245956,7.582463782220518,59.396709674136176,3688.9935537259616,Zone-B,Sehat
65.76448424478001,22.535304886519206,6.264962020465516,36.48215198020119,5734.5883552585565,Zone-B,Sehat
54.12848228959898,30.88664414666512,6.017229025411739,42.50097846130316,9842.38665588965,Zone-B,Sehat
64.46699117555859,33.06334575192264,6.810531624278041,41.35569130389759,6436.485710102197,Zone-A,Blast
78.26945347248115,34.47010160045618,5.6582047389121435,57.908878221792875,9505.962827766389,Zone-C,Sehat
90.25151250140689,24.309270945075845,5.689680471704237,38.56135552717619,8506.955890504447,Zone-B,Blast
87.78224529457324,28.906962425560522,6.5608661926145135,44.12372334126647,7328.18753447007,Zone-A,Sehat
61.37033953809096,22.566664505123754,6.227818185938553,35.61701518845989,4794.921621278042,Zone-D,Sehat
56.03374139891211,28.48938581791615,5.884947151766974,45.637987156873315,4434.554780203513,Zone-B,Sehat
58.68825232085291,23.630955164032766,5.161853396822306,55.722125083907734,7147.368522380703,Zone-B,Sehat
93.69439933566231,32.892656771083274,6.562322715915565,39.121183856716925,5460.489926771286,Zone-A,Tungro
74.72635158584708,23.480310033869742,7.449827616803225,54.32376216488485,8390.028982533817,Zone-D,Sehat
58.21260003502587,28.672748685024438,7.554131615858173,57.33934746526878,8083.653916321567,Zone-D,Sehat
87.83357696090668,28.7742488969058,5.706319939178241,32.18873669143691,4497.043893908114,Zone-A,Tungro
67.78360599406497,34.63145647311087,6.798923611842465,52.69273608957753,7621.830264494096,Zone-B,Sehat
90.46499683886273,30.514749022505548,7.567643928388821,37.66030308451472,5956.401520777472,Zone-C,Layu_Fusarium
61.730470707551895,25.741923809998426,6.226177784828794,35.25982987609888,4586.336806511977,Zone-A,Sehat
67.69497914619063,25.1303910291958,7.796410451922585,48.033671760751076,5303.732742117119,Zone-C,Layu_Fusarium
72.7226493255538,23.667226673385844,7.708935587388659,51.16807848686099,9162.814937698095,Zone-B,Sehat
90.16769003400643,31.834691412637774,5.624401692256428,41.84282957205642,4876.1415369803235,Zone-B,Wereng
89.09408442222751,30.979836530370402,5.776894498700611,31.17521121246572,4299.194186555664,Zone-D,Tungro
75.8459781636745,29.928402655005378,5.541325995937907,57.2611357259038,4814.4577656811025,Zone-B,Sehat
59.97989794014008,22.53092575834985,5.588163054364107,51.92240750542485,3716.9474896695338,Zone-D,Sehat
68.15106372820438,31.916775263125828,7.723586261520494,38.15000420049044,6357.079899170629,Zone-D,Layu_Fusarium
93.90348794144774,30.344538502930227,7.793413727577869,44.905915672342196,3179.491490580258,Zone-B,Sehat
77.3497950744831,34.53055528543635,5.1556917235553925,30.83378369901234,8539.550291495332,Zone-D,Tungro
85.14939898058884,29.63362768839856,6.780810067016614,40.178483454178256,3804.6419779650087,Zone-B,Sehat
70.24391129126388,25.951374786602205,6.692694688572715,45.67605706755355,6784.440220317166,Zone-D,Sehat
73.94032739600628,26.959767178461163,6.171642940173379,45.5167084534875,3000.2039913591484,Zone-D,Sehat
69.30293505046448,24.285929169917022,6.895092778469321,36.24554634025623,9827.625185714609,Zone-B,Sehat
81.63144491278857,31.39788436861801,7.84210347653255,53.30242098551672,5636.603671149177,Zone-C,Sehat
88.31619562490948,31.20038158028243,5.510764648166439,38.9658647557993,8577.370726070516,Zone-A,Sehat
72.83135944510536,24.60845020120979,5.361232729149367,47.412300695339184,8149.18268519987,Zone-B,Sehat
71.63903563863016,24.060361201369624,5.100171712486927,38.14566676613924,7709.544377165431,Zone-D,Sehat
65.31289101942787,23.00106413162853,6.091499923520431,42.7550361896031,8618.918969636878,Zone-A,Sehat
57.969351243233774,33.85568466786286,6.012885431233598,36.22543875750691,2803.7088692776465,Zone-C,Sehat
92.26614752937991,25.029907838033065,6.292459064475931,48.99023377596115,7427.977579775697,Zone-B,Blast
64.22358734057772,26.47412584777345,6.509930092642847,42.76753080424052,4126.6178821902495,Zone-D,Sehat
86.03111586084285,25.646558608907377,7.273471982091364,30.483519134632928,8286.973312532718,Zone-D,Layu_Fusarium
82.19061595793633,27.377119833940284,6.176340171372555,30.844949820502983,9654.95007878311,Zone-B,Sehat
85.59129201251581,31.282634391972284,5.9918393280837,44.134029554142664,9211.916238741567,Zone-D,Sehat
92.1545660017446,33.3177432384417,7.4806364607788804,35.49677600716063,2919.617779789329,Zone-A,Wereng
